Analysis & Synthesis report for logisimTopLevelShell
Mon Jun 08 00:39:29 2026
Quartus Prime Version 18.1.0 Build 625 09/12/2018 SJ Lite Edition


---------------------
; Table of Contents ;
---------------------
  1. Legal Notice
  2. Analysis & Synthesis Summary
  3. Analysis & Synthesis Settings
  4. Parallel Compilation
  5. Analysis & Synthesis Source Files Read
  6. Analysis & Synthesis Resource Usage Summary
  7. Analysis & Synthesis Resource Utilization by Entity
  8. Analysis & Synthesis RAM Summary
  9. Analysis & Synthesis IP Cores Summary
 10. Registers Removed During Synthesis
 11. General Register Statistics
 12. Inverted Register Statistics
 13. Registers Packed Into Inferred Megafunctions
 14. Multiplexer Restructuring Statistics (Restructuring Performed)
 15. Source assignments for OSMAN:CIRCUIT_0|InstrukcijskaMemorija:InstrukcijskaMemorijaKomp|altsyncram:altsyncram_component|altsyncram_rc54:auto_generated|altsyncram_u763:altsyncram1
 16. Source assignments for OSMAN:CIRCUIT_0|RAMCONTENTS_MemorijaPodataka:MemorijaPodataka|altsyncram:s_memContents_rtl_0|altsyncram_sro1:auto_generated
 17. Parameter Settings for User Entity Instance: logisimTickGenerator:BASE_1
 18. Parameter Settings for User Entity Instance: LogisimClockComponent:CLK
 19. Parameter Settings for User Entity Instance: LogisimClockComponent:MemCLK
 20. Parameter Settings for User Entity Instance: OSMAN:CIRCUIT_0|InstrukcijskaMemorija:InstrukcijskaMemorijaKomp|altsyncram:altsyncram_component
 21. Parameter Settings for User Entity Instance: OSMAN:CIRCUIT_0|Multiplexer_bus_2:PLEXERS_1
 22. Parameter Settings for User Entity Instance: OSMAN:CIRCUIT_0|Multiplexer_bus_2:PLEXERS_2
 23. Parameter Settings for User Entity Instance: OSMAN:CIRCUIT_0|Multiplexer_bus_2:PLEXERS_3
 24. Parameter Settings for User Entity Instance: OSMAN:CIRCUIT_0|Multiplexer_bus_2:PLEXERS_4
 25. Parameter Settings for User Entity Instance: OSMAN:CIRCUIT_0|Multiplexer_bus_4:PLEXERS_5
 26. Parameter Settings for User Entity Instance: OSMAN:CIRCUIT_0|Multiplexer_bus_4:PLEXERS_6
 27. Parameter Settings for User Entity Instance: OSMAN:CIRCUIT_0|D_FLIPFLOP:MEMORY_8
 28. Parameter Settings for User Entity Instance: OSMAN:CIRCUIT_0|StatusniRegistar:SR|D_FLIPFLOP:MEMORY_5
 29. Parameter Settings for User Entity Instance: OSMAN:CIRCUIT_0|StatusniRegistar:SR|D_FLIPFLOP:MEMORY_6
 30. Parameter Settings for User Entity Instance: OSMAN:CIRCUIT_0|StatusniRegistar:SR|D_FLIPFLOP:MEMORY_7
 31. Parameter Settings for User Entity Instance: OSMAN:CIRCUIT_0|StatusniRegistar:SR|D_FLIPFLOP:MEMORY_8
 32. Parameter Settings for User Entity Instance: OSMAN:CIRCUIT_0|ALU8Bit:ALU|NOR_GATE_8_INPUTS:GATES_1
 33. Parameter Settings for User Entity Instance: OSMAN:CIRCUIT_0|ALU8Bit:ALU|XOR_GATE_ONEHOT:GATES_2
 34. Parameter Settings for User Entity Instance: OSMAN:CIRCUIT_0|ALU8Bit:ALU|AND_GATE_3_INPUTS:GATES_3
 35. Parameter Settings for User Entity Instance: OSMAN:CIRCUIT_0|ALU8Bit:ALU|Multiplexer_bus_4:PLEXERS_4
 36. Parameter Settings for User Entity Instance: OSMAN:CIRCUIT_0|ALU8Bit:ALU|ALU1Bit:ALU1Bit_1|XOR_GATE_ONEHOT:GATES_1
 37. Parameter Settings for User Entity Instance: OSMAN:CIRCUIT_0|ALU8Bit:ALU|ALU1Bit:ALU1Bit_1|AND_GATE:GATES_2
 38. Parameter Settings for User Entity Instance: OSMAN:CIRCUIT_0|ALU8Bit:ALU|ALU1Bit:ALU1Bit_1|OR_GATE:GATES_3
 39. Parameter Settings for User Entity Instance: OSMAN:CIRCUIT_0|ALU8Bit:ALU|ALU1Bit:ALU1Bit_1|XOR_GATE_ONEHOT:GATES_4
 40. Parameter Settings for User Entity Instance: OSMAN:CIRCUIT_0|ALU8Bit:ALU|ALU1Bit:ALU1Bit_1|FullAdder:FullAdder_1|XOR_GATE_ONEHOT:GATES_1
 41. Parameter Settings for User Entity Instance: OSMAN:CIRCUIT_0|ALU8Bit:ALU|ALU1Bit:ALU1Bit_1|FullAdder:FullAdder_1|XOR_GATE_ONEHOT:GATES_2
 42. Parameter Settings for User Entity Instance: OSMAN:CIRCUIT_0|ALU8Bit:ALU|ALU1Bit:ALU1Bit_1|FullAdder:FullAdder_1|AND_GATE:GATES_3
 43. Parameter Settings for User Entity Instance: OSMAN:CIRCUIT_0|ALU8Bit:ALU|ALU1Bit:ALU1Bit_1|FullAdder:FullAdder_1|AND_GATE:GATES_4
 44. Parameter Settings for User Entity Instance: OSMAN:CIRCUIT_0|ALU8Bit:ALU|ALU1Bit:ALU1Bit_1|FullAdder:FullAdder_1|OR_GATE:GATES_5
 45. Parameter Settings for User Entity Instance: OSMAN:CIRCUIT_0|ALU8Bit:ALU|ALU1Bit:ALU1Bit_2|XOR_GATE_ONEHOT:GATES_1
 46. Parameter Settings for User Entity Instance: OSMAN:CIRCUIT_0|ALU8Bit:ALU|ALU1Bit:ALU1Bit_2|AND_GATE:GATES_2
 47. Parameter Settings for User Entity Instance: OSMAN:CIRCUIT_0|ALU8Bit:ALU|ALU1Bit:ALU1Bit_2|OR_GATE:GATES_3
 48. Parameter Settings for User Entity Instance: OSMAN:CIRCUIT_0|ALU8Bit:ALU|ALU1Bit:ALU1Bit_2|XOR_GATE_ONEHOT:GATES_4
 49. Parameter Settings for User Entity Instance: OSMAN:CIRCUIT_0|ALU8Bit:ALU|ALU1Bit:ALU1Bit_2|FullAdder:FullAdder_1|XOR_GATE_ONEHOT:GATES_1
 50. Parameter Settings for User Entity Instance: OSMAN:CIRCUIT_0|ALU8Bit:ALU|ALU1Bit:ALU1Bit_2|FullAdder:FullAdder_1|XOR_GATE_ONEHOT:GATES_2
 51. Parameter Settings for User Entity Instance: OSMAN:CIRCUIT_0|ALU8Bit:ALU|ALU1Bit:ALU1Bit_2|FullAdder:FullAdder_1|AND_GATE:GATES_3
 52. Parameter Settings for User Entity Instance: OSMAN:CIRCUIT_0|ALU8Bit:ALU|ALU1Bit:ALU1Bit_2|FullAdder:FullAdder_1|AND_GATE:GATES_4
 53. Parameter Settings for User Entity Instance: OSMAN:CIRCUIT_0|ALU8Bit:ALU|ALU1Bit:ALU1Bit_2|FullAdder:FullAdder_1|OR_GATE:GATES_5
 54. Parameter Settings for User Entity Instance: OSMAN:CIRCUIT_0|ALU8Bit:ALU|ALU1Bit:ALU1Bit_3|XOR_GATE_ONEHOT:GATES_1
 55. Parameter Settings for User Entity Instance: OSMAN:CIRCUIT_0|ALU8Bit:ALU|ALU1Bit:ALU1Bit_3|AND_GATE:GATES_2
 56. Parameter Settings for User Entity Instance: OSMAN:CIRCUIT_0|ALU8Bit:ALU|ALU1Bit:ALU1Bit_3|OR_GATE:GATES_3
 57. Parameter Settings for User Entity Instance: OSMAN:CIRCUIT_0|ALU8Bit:ALU|ALU1Bit:ALU1Bit_3|XOR_GATE_ONEHOT:GATES_4
 58. Parameter Settings for User Entity Instance: OSMAN:CIRCUIT_0|ALU8Bit:ALU|ALU1Bit:ALU1Bit_3|FullAdder:FullAdder_1|XOR_GATE_ONEHOT:GATES_1
 59. Parameter Settings for User Entity Instance: OSMAN:CIRCUIT_0|ALU8Bit:ALU|ALU1Bit:ALU1Bit_3|FullAdder:FullAdder_1|XOR_GATE_ONEHOT:GATES_2
 60. Parameter Settings for User Entity Instance: OSMAN:CIRCUIT_0|ALU8Bit:ALU|ALU1Bit:ALU1Bit_3|FullAdder:FullAdder_1|AND_GATE:GATES_3
 61. Parameter Settings for User Entity Instance: OSMAN:CIRCUIT_0|ALU8Bit:ALU|ALU1Bit:ALU1Bit_3|FullAdder:FullAdder_1|AND_GATE:GATES_4
 62. Parameter Settings for User Entity Instance: OSMAN:CIRCUIT_0|ALU8Bit:ALU|ALU1Bit:ALU1Bit_3|FullAdder:FullAdder_1|OR_GATE:GATES_5
 63. Parameter Settings for User Entity Instance: OSMAN:CIRCUIT_0|ALU8Bit:ALU|ALU1Bit:ALU1Bit_4|XOR_GATE_ONEHOT:GATES_1
 64. Parameter Settings for User Entity Instance: OSMAN:CIRCUIT_0|ALU8Bit:ALU|ALU1Bit:ALU1Bit_4|AND_GATE:GATES_2
 65. Parameter Settings for User Entity Instance: OSMAN:CIRCUIT_0|ALU8Bit:ALU|ALU1Bit:ALU1Bit_4|OR_GATE:GATES_3
 66. Parameter Settings for User Entity Instance: OSMAN:CIRCUIT_0|ALU8Bit:ALU|ALU1Bit:ALU1Bit_4|XOR_GATE_ONEHOT:GATES_4
 67. Parameter Settings for User Entity Instance: OSMAN:CIRCUIT_0|ALU8Bit:ALU|ALU1Bit:ALU1Bit_4|FullAdder:FullAdder_1|XOR_GATE_ONEHOT:GATES_1
 68. Parameter Settings for User Entity Instance: OSMAN:CIRCUIT_0|ALU8Bit:ALU|ALU1Bit:ALU1Bit_4|FullAdder:FullAdder_1|XOR_GATE_ONEHOT:GATES_2
 69. Parameter Settings for User Entity Instance: OSMAN:CIRCUIT_0|ALU8Bit:ALU|ALU1Bit:ALU1Bit_4|FullAdder:FullAdder_1|AND_GATE:GATES_3
 70. Parameter Settings for User Entity Instance: OSMAN:CIRCUIT_0|ALU8Bit:ALU|ALU1Bit:ALU1Bit_4|FullAdder:FullAdder_1|AND_GATE:GATES_4
 71. Parameter Settings for User Entity Instance: OSMAN:CIRCUIT_0|ALU8Bit:ALU|ALU1Bit:ALU1Bit_4|FullAdder:FullAdder_1|OR_GATE:GATES_5
 72. Parameter Settings for User Entity Instance: OSMAN:CIRCUIT_0|ALU8Bit:ALU|ALU1Bit:ALU1Bit_5|XOR_GATE_ONEHOT:GATES_1
 73. Parameter Settings for User Entity Instance: OSMAN:CIRCUIT_0|ALU8Bit:ALU|ALU1Bit:ALU1Bit_5|AND_GATE:GATES_2
 74. Parameter Settings for User Entity Instance: OSMAN:CIRCUIT_0|ALU8Bit:ALU|ALU1Bit:ALU1Bit_5|OR_GATE:GATES_3
 75. Parameter Settings for User Entity Instance: OSMAN:CIRCUIT_0|ALU8Bit:ALU|ALU1Bit:ALU1Bit_5|XOR_GATE_ONEHOT:GATES_4
 76. Parameter Settings for User Entity Instance: OSMAN:CIRCUIT_0|ALU8Bit:ALU|ALU1Bit:ALU1Bit_5|FullAdder:FullAdder_1|XOR_GATE_ONEHOT:GATES_1
 77. Parameter Settings for User Entity Instance: OSMAN:CIRCUIT_0|ALU8Bit:ALU|ALU1Bit:ALU1Bit_5|FullAdder:FullAdder_1|XOR_GATE_ONEHOT:GATES_2
 78. Parameter Settings for User Entity Instance: OSMAN:CIRCUIT_0|ALU8Bit:ALU|ALU1Bit:ALU1Bit_5|FullAdder:FullAdder_1|AND_GATE:GATES_3
 79. Parameter Settings for User Entity Instance: OSMAN:CIRCUIT_0|ALU8Bit:ALU|ALU1Bit:ALU1Bit_5|FullAdder:FullAdder_1|AND_GATE:GATES_4
 80. Parameter Settings for User Entity Instance: OSMAN:CIRCUIT_0|ALU8Bit:ALU|ALU1Bit:ALU1Bit_5|FullAdder:FullAdder_1|OR_GATE:GATES_5
 81. Parameter Settings for User Entity Instance: OSMAN:CIRCUIT_0|ALU8Bit:ALU|ALU1Bit:ALU1Bit_6|XOR_GATE_ONEHOT:GATES_1
 82. Parameter Settings for User Entity Instance: OSMAN:CIRCUIT_0|ALU8Bit:ALU|ALU1Bit:ALU1Bit_6|AND_GATE:GATES_2
 83. Parameter Settings for User Entity Instance: OSMAN:CIRCUIT_0|ALU8Bit:ALU|ALU1Bit:ALU1Bit_6|OR_GATE:GATES_3
 84. Parameter Settings for User Entity Instance: OSMAN:CIRCUIT_0|ALU8Bit:ALU|ALU1Bit:ALU1Bit_6|XOR_GATE_ONEHOT:GATES_4
 85. Parameter Settings for User Entity Instance: OSMAN:CIRCUIT_0|ALU8Bit:ALU|ALU1Bit:ALU1Bit_6|FullAdder:FullAdder_1|XOR_GATE_ONEHOT:GATES_1
 86. Parameter Settings for User Entity Instance: OSMAN:CIRCUIT_0|ALU8Bit:ALU|ALU1Bit:ALU1Bit_6|FullAdder:FullAdder_1|XOR_GATE_ONEHOT:GATES_2
 87. Parameter Settings for User Entity Instance: OSMAN:CIRCUIT_0|ALU8Bit:ALU|ALU1Bit:ALU1Bit_6|FullAdder:FullAdder_1|AND_GATE:GATES_3
 88. Parameter Settings for User Entity Instance: OSMAN:CIRCUIT_0|ALU8Bit:ALU|ALU1Bit:ALU1Bit_6|FullAdder:FullAdder_1|AND_GATE:GATES_4
 89. Parameter Settings for User Entity Instance: OSMAN:CIRCUIT_0|ALU8Bit:ALU|ALU1Bit:ALU1Bit_6|FullAdder:FullAdder_1|OR_GATE:GATES_5
 90. Parameter Settings for User Entity Instance: OSMAN:CIRCUIT_0|ALU8Bit:ALU|ALU1Bit:ALU1Bit_7|XOR_GATE_ONEHOT:GATES_1
 91. Parameter Settings for User Entity Instance: OSMAN:CIRCUIT_0|ALU8Bit:ALU|ALU1Bit:ALU1Bit_7|AND_GATE:GATES_2
 92. Parameter Settings for User Entity Instance: OSMAN:CIRCUIT_0|ALU8Bit:ALU|ALU1Bit:ALU1Bit_7|OR_GATE:GATES_3
 93. Parameter Settings for User Entity Instance: OSMAN:CIRCUIT_0|ALU8Bit:ALU|ALU1Bit:ALU1Bit_7|XOR_GATE_ONEHOT:GATES_4
 94. Parameter Settings for User Entity Instance: OSMAN:CIRCUIT_0|ALU8Bit:ALU|ALU1Bit:ALU1Bit_7|FullAdder:FullAdder_1|XOR_GATE_ONEHOT:GATES_1
 95. Parameter Settings for User Entity Instance: OSMAN:CIRCUIT_0|ALU8Bit:ALU|ALU1Bit:ALU1Bit_7|FullAdder:FullAdder_1|XOR_GATE_ONEHOT:GATES_2
 96. Parameter Settings for User Entity Instance: OSMAN:CIRCUIT_0|ALU8Bit:ALU|ALU1Bit:ALU1Bit_7|FullAdder:FullAdder_1|AND_GATE:GATES_3
 97. Parameter Settings for User Entity Instance: OSMAN:CIRCUIT_0|ALU8Bit:ALU|ALU1Bit:ALU1Bit_7|FullAdder:FullAdder_1|AND_GATE:GATES_4
 98. Parameter Settings for User Entity Instance: OSMAN:CIRCUIT_0|ALU8Bit:ALU|ALU1Bit:ALU1Bit_7|FullAdder:FullAdder_1|OR_GATE:GATES_5
 99. Parameter Settings for User Entity Instance: OSMAN:CIRCUIT_0|ALU8Bit:ALU|ALU1Bit:ALU1Bit_8|XOR_GATE_ONEHOT:GATES_1
100. Parameter Settings for User Entity Instance: OSMAN:CIRCUIT_0|ALU8Bit:ALU|ALU1Bit:ALU1Bit_8|AND_GATE:GATES_2
101. Parameter Settings for User Entity Instance: OSMAN:CIRCUIT_0|ALU8Bit:ALU|ALU1Bit:ALU1Bit_8|OR_GATE:GATES_3
102. Parameter Settings for User Entity Instance: OSMAN:CIRCUIT_0|ALU8Bit:ALU|ALU1Bit:ALU1Bit_8|XOR_GATE_ONEHOT:GATES_4
103. Parameter Settings for User Entity Instance: OSMAN:CIRCUIT_0|ALU8Bit:ALU|ALU1Bit:ALU1Bit_8|FullAdder:FullAdder_1|XOR_GATE_ONEHOT:GATES_1
104. Parameter Settings for User Entity Instance: OSMAN:CIRCUIT_0|ALU8Bit:ALU|ALU1Bit:ALU1Bit_8|FullAdder:FullAdder_1|XOR_GATE_ONEHOT:GATES_2
105. Parameter Settings for User Entity Instance: OSMAN:CIRCUIT_0|ALU8Bit:ALU|ALU1Bit:ALU1Bit_8|FullAdder:FullAdder_1|AND_GATE:GATES_3
106. Parameter Settings for User Entity Instance: OSMAN:CIRCUIT_0|ALU8Bit:ALU|ALU1Bit:ALU1Bit_8|FullAdder:FullAdder_1|AND_GATE:GATES_4
107. Parameter Settings for User Entity Instance: OSMAN:CIRCUIT_0|ALU8Bit:ALU|ALU1Bit:ALU1Bit_8|FullAdder:FullAdder_1|OR_GATE:GATES_5
108. Parameter Settings for User Entity Instance: OSMAN:CIRCUIT_0|KontrolnaJedinicaGrananja:KJG|XOR_GATE_ONEHOT:GATES_1
109. Parameter Settings for User Entity Instance: OSMAN:CIRCUIT_0|DekoderAdresa:Dekoder_Adresa|AND_GATE:GATES_1
110. Parameter Settings for User Entity Instance: OSMAN:CIRCUIT_0|DekoderAdresa:Dekoder_Adresa|AND_GATE:GATES_2
111. Parameter Settings for User Entity Instance: OSMAN:CIRCUIT_0|DekoderAdresa:Dekoder_Adresa|AND_GATE:GATES_3
112. Parameter Settings for User Entity Instance: OSMAN:CIRCUIT_0|DekoderAdresa:Dekoder_Adresa|AND_GATE:GATES_4
113. Parameter Settings for User Entity Instance: OSMAN:CIRCUIT_0|DekoderAdresa:Dekoder_Adresa|Comparator:ARITH_5
114. Parameter Settings for User Entity Instance: OSMAN:CIRCUIT_0|UIKontroler:UI_Kontroler|Multiplexer_bus_4:PLEXERS_2
115. Parameter Settings for User Entity Instance: OSMAN:CIRCUIT_0|UIKontroler:UI_Kontroler|Registar8Bit:UIIzlazniReg1|D_FLIPFLOP:MEMORY_9
116. Parameter Settings for User Entity Instance: OSMAN:CIRCUIT_0|UIKontroler:UI_Kontroler|Registar8Bit:UIIzlazniReg1|D_FLIPFLOP:MEMORY_10
117. Parameter Settings for User Entity Instance: OSMAN:CIRCUIT_0|UIKontroler:UI_Kontroler|Registar8Bit:UIIzlazniReg1|D_FLIPFLOP:MEMORY_11
118. Parameter Settings for User Entity Instance: OSMAN:CIRCUIT_0|UIKontroler:UI_Kontroler|Registar8Bit:UIIzlazniReg1|D_FLIPFLOP:MEMORY_12
119. Parameter Settings for User Entity Instance: OSMAN:CIRCUIT_0|UIKontroler:UI_Kontroler|Registar8Bit:UIIzlazniReg1|D_FLIPFLOP:MEMORY_13
120. Parameter Settings for User Entity Instance: OSMAN:CIRCUIT_0|UIKontroler:UI_Kontroler|Registar8Bit:UIIzlazniReg1|D_FLIPFLOP:MEMORY_14
121. Parameter Settings for User Entity Instance: OSMAN:CIRCUIT_0|UIKontroler:UI_Kontroler|Registar8Bit:UIIzlazniReg1|D_FLIPFLOP:MEMORY_15
122. Parameter Settings for User Entity Instance: OSMAN:CIRCUIT_0|UIKontroler:UI_Kontroler|Registar8Bit:UIIzlazniReg1|D_FLIPFLOP:MEMORY_16
123. Parameter Settings for User Entity Instance: OSMAN:CIRCUIT_0|UIKontroler:UI_Kontroler|Registar8Bit:UIIzlazniReg2|D_FLIPFLOP:MEMORY_9
124. Parameter Settings for User Entity Instance: OSMAN:CIRCUIT_0|UIKontroler:UI_Kontroler|Registar8Bit:UIIzlazniReg2|D_FLIPFLOP:MEMORY_10
125. Parameter Settings for User Entity Instance: OSMAN:CIRCUIT_0|UIKontroler:UI_Kontroler|Registar8Bit:UIIzlazniReg2|D_FLIPFLOP:MEMORY_11
126. Parameter Settings for User Entity Instance: OSMAN:CIRCUIT_0|UIKontroler:UI_Kontroler|Registar8Bit:UIIzlazniReg2|D_FLIPFLOP:MEMORY_12
127. Parameter Settings for User Entity Instance: OSMAN:CIRCUIT_0|UIKontroler:UI_Kontroler|Registar8Bit:UIIzlazniReg2|D_FLIPFLOP:MEMORY_13
128. Parameter Settings for User Entity Instance: OSMAN:CIRCUIT_0|UIKontroler:UI_Kontroler|Registar8Bit:UIIzlazniReg2|D_FLIPFLOP:MEMORY_14
129. Parameter Settings for User Entity Instance: OSMAN:CIRCUIT_0|UIKontroler:UI_Kontroler|Registar8Bit:UIIzlazniReg2|D_FLIPFLOP:MEMORY_15
130. Parameter Settings for User Entity Instance: OSMAN:CIRCUIT_0|UIKontroler:UI_Kontroler|Registar8Bit:UIIzlazniReg2|D_FLIPFLOP:MEMORY_16
131. Parameter Settings for User Entity Instance: OSMAN:CIRCUIT_0|UIKontroler:UI_Kontroler|Registar8Bit:UIIzlazniReg3|D_FLIPFLOP:MEMORY_9
132. Parameter Settings for User Entity Instance: OSMAN:CIRCUIT_0|UIKontroler:UI_Kontroler|Registar8Bit:UIIzlazniReg3|D_FLIPFLOP:MEMORY_10
133. Parameter Settings for User Entity Instance: OSMAN:CIRCUIT_0|UIKontroler:UI_Kontroler|Registar8Bit:UIIzlazniReg3|D_FLIPFLOP:MEMORY_11
134. Parameter Settings for User Entity Instance: OSMAN:CIRCUIT_0|UIKontroler:UI_Kontroler|Registar8Bit:UIIzlazniReg3|D_FLIPFLOP:MEMORY_12
135. Parameter Settings for User Entity Instance: OSMAN:CIRCUIT_0|UIKontroler:UI_Kontroler|Registar8Bit:UIIzlazniReg3|D_FLIPFLOP:MEMORY_13
136. Parameter Settings for User Entity Instance: OSMAN:CIRCUIT_0|UIKontroler:UI_Kontroler|Registar8Bit:UIIzlazniReg3|D_FLIPFLOP:MEMORY_14
137. Parameter Settings for User Entity Instance: OSMAN:CIRCUIT_0|UIKontroler:UI_Kontroler|Registar8Bit:UIIzlazniReg3|D_FLIPFLOP:MEMORY_15
138. Parameter Settings for User Entity Instance: OSMAN:CIRCUIT_0|UIKontroler:UI_Kontroler|Registar8Bit:UIIzlazniReg3|D_FLIPFLOP:MEMORY_16
139. Parameter Settings for User Entity Instance: OSMAN:CIRCUIT_0|UIKontroler:UI_Kontroler|Registar8Bit:UIIzlazniReg4|D_FLIPFLOP:MEMORY_9
140. Parameter Settings for User Entity Instance: OSMAN:CIRCUIT_0|UIKontroler:UI_Kontroler|Registar8Bit:UIIzlazniReg4|D_FLIPFLOP:MEMORY_10
141. Parameter Settings for User Entity Instance: OSMAN:CIRCUIT_0|UIKontroler:UI_Kontroler|Registar8Bit:UIIzlazniReg4|D_FLIPFLOP:MEMORY_11
142. Parameter Settings for User Entity Instance: OSMAN:CIRCUIT_0|UIKontroler:UI_Kontroler|Registar8Bit:UIIzlazniReg4|D_FLIPFLOP:MEMORY_12
143. Parameter Settings for User Entity Instance: OSMAN:CIRCUIT_0|UIKontroler:UI_Kontroler|Registar8Bit:UIIzlazniReg4|D_FLIPFLOP:MEMORY_13
144. Parameter Settings for User Entity Instance: OSMAN:CIRCUIT_0|UIKontroler:UI_Kontroler|Registar8Bit:UIIzlazniReg4|D_FLIPFLOP:MEMORY_14
145. Parameter Settings for User Entity Instance: OSMAN:CIRCUIT_0|UIKontroler:UI_Kontroler|Registar8Bit:UIIzlazniReg4|D_FLIPFLOP:MEMORY_15
146. Parameter Settings for User Entity Instance: OSMAN:CIRCUIT_0|UIKontroler:UI_Kontroler|Registar8Bit:UIIzlazniReg4|D_FLIPFLOP:MEMORY_16
147. Parameter Settings for User Entity Instance: OSMAN:CIRCUIT_0|UIKontroler:UI_Kontroler|StabilizatorUlaza8Bit:UIUlazniStabilizator1|D_FLIPFLOP:MEMORY_1
148. Parameter Settings for User Entity Instance: OSMAN:CIRCUIT_0|UIKontroler:UI_Kontroler|StabilizatorUlaza8Bit:UIUlazniStabilizator1|D_FLIPFLOP:MEMORY_2
149. Parameter Settings for User Entity Instance: OSMAN:CIRCUIT_0|UIKontroler:UI_Kontroler|StabilizatorUlaza8Bit:UIUlazniStabilizator1|D_FLIPFLOP:MEMORY_3
150. Parameter Settings for User Entity Instance: OSMAN:CIRCUIT_0|UIKontroler:UI_Kontroler|StabilizatorUlaza8Bit:UIUlazniStabilizator1|D_FLIPFLOP:MEMORY_4
151. Parameter Settings for User Entity Instance: OSMAN:CIRCUIT_0|UIKontroler:UI_Kontroler|StabilizatorUlaza8Bit:UIUlazniStabilizator1|D_FLIPFLOP:MEMORY_5
152. Parameter Settings for User Entity Instance: OSMAN:CIRCUIT_0|UIKontroler:UI_Kontroler|StabilizatorUlaza8Bit:UIUlazniStabilizator1|D_FLIPFLOP:MEMORY_6
153. Parameter Settings for User Entity Instance: OSMAN:CIRCUIT_0|UIKontroler:UI_Kontroler|StabilizatorUlaza8Bit:UIUlazniStabilizator1|D_FLIPFLOP:MEMORY_7
154. Parameter Settings for User Entity Instance: OSMAN:CIRCUIT_0|UIKontroler:UI_Kontroler|StabilizatorUlaza8Bit:UIUlazniStabilizator1|D_FLIPFLOP:MEMORY_8
155. Parameter Settings for User Entity Instance: OSMAN:CIRCUIT_0|UIKontroler:UI_Kontroler|StabilizatorUlaza8Bit:UIUlazniStabilizator2|D_FLIPFLOP:MEMORY_1
156. Parameter Settings for User Entity Instance: OSMAN:CIRCUIT_0|UIKontroler:UI_Kontroler|StabilizatorUlaza8Bit:UIUlazniStabilizator2|D_FLIPFLOP:MEMORY_2
157. Parameter Settings for User Entity Instance: OSMAN:CIRCUIT_0|UIKontroler:UI_Kontroler|StabilizatorUlaza8Bit:UIUlazniStabilizator2|D_FLIPFLOP:MEMORY_3
158. Parameter Settings for User Entity Instance: OSMAN:CIRCUIT_0|UIKontroler:UI_Kontroler|StabilizatorUlaza8Bit:UIUlazniStabilizator2|D_FLIPFLOP:MEMORY_4
159. Parameter Settings for User Entity Instance: OSMAN:CIRCUIT_0|UIKontroler:UI_Kontroler|StabilizatorUlaza8Bit:UIUlazniStabilizator2|D_FLIPFLOP:MEMORY_5
160. Parameter Settings for User Entity Instance: OSMAN:CIRCUIT_0|UIKontroler:UI_Kontroler|StabilizatorUlaza8Bit:UIUlazniStabilizator2|D_FLIPFLOP:MEMORY_6
161. Parameter Settings for User Entity Instance: OSMAN:CIRCUIT_0|UIKontroler:UI_Kontroler|StabilizatorUlaza8Bit:UIUlazniStabilizator2|D_FLIPFLOP:MEMORY_7
162. Parameter Settings for User Entity Instance: OSMAN:CIRCUIT_0|UIKontroler:UI_Kontroler|StabilizatorUlaza8Bit:UIUlazniStabilizator2|D_FLIPFLOP:MEMORY_8
163. Parameter Settings for User Entity Instance: OSMAN:CIRCUIT_0|UIKontroler:UI_Kontroler|StabilizatorUlaza8Bit:UIUlazniStabilizator3|D_FLIPFLOP:MEMORY_1
164. Parameter Settings for User Entity Instance: OSMAN:CIRCUIT_0|UIKontroler:UI_Kontroler|StabilizatorUlaza8Bit:UIUlazniStabilizator3|D_FLIPFLOP:MEMORY_2
165. Parameter Settings for User Entity Instance: OSMAN:CIRCUIT_0|UIKontroler:UI_Kontroler|StabilizatorUlaza8Bit:UIUlazniStabilizator3|D_FLIPFLOP:MEMORY_3
166. Parameter Settings for User Entity Instance: OSMAN:CIRCUIT_0|UIKontroler:UI_Kontroler|StabilizatorUlaza8Bit:UIUlazniStabilizator3|D_FLIPFLOP:MEMORY_4
167. Parameter Settings for User Entity Instance: OSMAN:CIRCUIT_0|UIKontroler:UI_Kontroler|StabilizatorUlaza8Bit:UIUlazniStabilizator3|D_FLIPFLOP:MEMORY_5
168. Parameter Settings for User Entity Instance: OSMAN:CIRCUIT_0|UIKontroler:UI_Kontroler|StabilizatorUlaza8Bit:UIUlazniStabilizator3|D_FLIPFLOP:MEMORY_6
169. Parameter Settings for User Entity Instance: OSMAN:CIRCUIT_0|UIKontroler:UI_Kontroler|StabilizatorUlaza8Bit:UIUlazniStabilizator3|D_FLIPFLOP:MEMORY_7
170. Parameter Settings for User Entity Instance: OSMAN:CIRCUIT_0|UIKontroler:UI_Kontroler|StabilizatorUlaza8Bit:UIUlazniStabilizator3|D_FLIPFLOP:MEMORY_8
171. Parameter Settings for User Entity Instance: OSMAN:CIRCUIT_0|UIKontroler:UI_Kontroler|StabilizatorUlaza8Bit:UIUlazniStabilizator4|D_FLIPFLOP:MEMORY_1
172. Parameter Settings for User Entity Instance: OSMAN:CIRCUIT_0|UIKontroler:UI_Kontroler|StabilizatorUlaza8Bit:UIUlazniStabilizator4|D_FLIPFLOP:MEMORY_2
173. Parameter Settings for User Entity Instance: OSMAN:CIRCUIT_0|UIKontroler:UI_Kontroler|StabilizatorUlaza8Bit:UIUlazniStabilizator4|D_FLIPFLOP:MEMORY_3
174. Parameter Settings for User Entity Instance: OSMAN:CIRCUIT_0|UIKontroler:UI_Kontroler|StabilizatorUlaza8Bit:UIUlazniStabilizator4|D_FLIPFLOP:MEMORY_4
175. Parameter Settings for User Entity Instance: OSMAN:CIRCUIT_0|UIKontroler:UI_Kontroler|StabilizatorUlaza8Bit:UIUlazniStabilizator4|D_FLIPFLOP:MEMORY_5
176. Parameter Settings for User Entity Instance: OSMAN:CIRCUIT_0|UIKontroler:UI_Kontroler|StabilizatorUlaza8Bit:UIUlazniStabilizator4|D_FLIPFLOP:MEMORY_6
177. Parameter Settings for User Entity Instance: OSMAN:CIRCUIT_0|UIKontroler:UI_Kontroler|StabilizatorUlaza8Bit:UIUlazniStabilizator4|D_FLIPFLOP:MEMORY_7
178. Parameter Settings for User Entity Instance: OSMAN:CIRCUIT_0|UIKontroler:UI_Kontroler|StabilizatorUlaza8Bit:UIUlazniStabilizator4|D_FLIPFLOP:MEMORY_8
179. Parameter Settings for User Entity Instance: OSMAN:CIRCUIT_0|ProgramskiBrojac:PB|D_FLIPFLOP:MEMORY_9
180. Parameter Settings for User Entity Instance: OSMAN:CIRCUIT_0|ProgramskiBrojac:PB|D_FLIPFLOP:MEMORY_10
181. Parameter Settings for User Entity Instance: OSMAN:CIRCUIT_0|ProgramskiBrojac:PB|D_FLIPFLOP:MEMORY_11
182. Parameter Settings for User Entity Instance: OSMAN:CIRCUIT_0|ProgramskiBrojac:PB|D_FLIPFLOP:MEMORY_12
183. Parameter Settings for User Entity Instance: OSMAN:CIRCUIT_0|ProgramskiBrojac:PB|D_FLIPFLOP:MEMORY_13
184. Parameter Settings for User Entity Instance: OSMAN:CIRCUIT_0|ProgramskiBrojac:PB|D_FLIPFLOP:MEMORY_14
185. Parameter Settings for User Entity Instance: OSMAN:CIRCUIT_0|ProgramskiBrojac:PB|D_FLIPFLOP:MEMORY_15
186. Parameter Settings for User Entity Instance: OSMAN:CIRCUIT_0|ProgramskiBrojac:PB|D_FLIPFLOP:MEMORY_16
187. Parameter Settings for User Entity Instance: OSMAN:CIRCUIT_0|Sabirac:PBSab|FullAdder:FullAdder_8|XOR_GATE_ONEHOT:GATES_1
188. Parameter Settings for User Entity Instance: OSMAN:CIRCUIT_0|Sabirac:PBSab|FullAdder:FullAdder_8|XOR_GATE_ONEHOT:GATES_2
189. Parameter Settings for User Entity Instance: OSMAN:CIRCUIT_0|Sabirac:PBSab|FullAdder:FullAdder_8|AND_GATE:GATES_3
190. Parameter Settings for User Entity Instance: OSMAN:CIRCUIT_0|Sabirac:PBSab|FullAdder:FullAdder_8|AND_GATE:GATES_4
191. Parameter Settings for User Entity Instance: OSMAN:CIRCUIT_0|Sabirac:PBSab|FullAdder:FullAdder_8|OR_GATE:GATES_5
192. Parameter Settings for User Entity Instance: OSMAN:CIRCUIT_0|Sabirac:PBSab|FullAdder:FullAdder_1|XOR_GATE_ONEHOT:GATES_1
193. Parameter Settings for User Entity Instance: OSMAN:CIRCUIT_0|Sabirac:PBSab|FullAdder:FullAdder_1|XOR_GATE_ONEHOT:GATES_2
194. Parameter Settings for User Entity Instance: OSMAN:CIRCUIT_0|Sabirac:PBSab|FullAdder:FullAdder_1|AND_GATE:GATES_3
195. Parameter Settings for User Entity Instance: OSMAN:CIRCUIT_0|Sabirac:PBSab|FullAdder:FullAdder_1|AND_GATE:GATES_4
196. Parameter Settings for User Entity Instance: OSMAN:CIRCUIT_0|Sabirac:PBSab|FullAdder:FullAdder_1|OR_GATE:GATES_5
197. Parameter Settings for User Entity Instance: OSMAN:CIRCUIT_0|Sabirac:PBSab|FullAdder:FullAdder_2|XOR_GATE_ONEHOT:GATES_1
198. Parameter Settings for User Entity Instance: OSMAN:CIRCUIT_0|Sabirac:PBSab|FullAdder:FullAdder_2|XOR_GATE_ONEHOT:GATES_2
199. Parameter Settings for User Entity Instance: OSMAN:CIRCUIT_0|Sabirac:PBSab|FullAdder:FullAdder_2|AND_GATE:GATES_3
200. Parameter Settings for User Entity Instance: OSMAN:CIRCUIT_0|Sabirac:PBSab|FullAdder:FullAdder_2|AND_GATE:GATES_4
201. Parameter Settings for User Entity Instance: OSMAN:CIRCUIT_0|Sabirac:PBSab|FullAdder:FullAdder_2|OR_GATE:GATES_5
202. Parameter Settings for User Entity Instance: OSMAN:CIRCUIT_0|Sabirac:PBSab|FullAdder:FullAdder_3|XOR_GATE_ONEHOT:GATES_1
203. Parameter Settings for User Entity Instance: OSMAN:CIRCUIT_0|Sabirac:PBSab|FullAdder:FullAdder_3|XOR_GATE_ONEHOT:GATES_2
204. Parameter Settings for User Entity Instance: OSMAN:CIRCUIT_0|Sabirac:PBSab|FullAdder:FullAdder_3|AND_GATE:GATES_3
205. Parameter Settings for User Entity Instance: OSMAN:CIRCUIT_0|Sabirac:PBSab|FullAdder:FullAdder_3|AND_GATE:GATES_4
206. Parameter Settings for User Entity Instance: OSMAN:CIRCUIT_0|Sabirac:PBSab|FullAdder:FullAdder_3|OR_GATE:GATES_5
207. Parameter Settings for User Entity Instance: OSMAN:CIRCUIT_0|Sabirac:PBSab|FullAdder:FullAdder_4|XOR_GATE_ONEHOT:GATES_1
208. Parameter Settings for User Entity Instance: OSMAN:CIRCUIT_0|Sabirac:PBSab|FullAdder:FullAdder_4|XOR_GATE_ONEHOT:GATES_2
209. Parameter Settings for User Entity Instance: OSMAN:CIRCUIT_0|Sabirac:PBSab|FullAdder:FullAdder_4|AND_GATE:GATES_3
210. Parameter Settings for User Entity Instance: OSMAN:CIRCUIT_0|Sabirac:PBSab|FullAdder:FullAdder_4|AND_GATE:GATES_4
211. Parameter Settings for User Entity Instance: OSMAN:CIRCUIT_0|Sabirac:PBSab|FullAdder:FullAdder_4|OR_GATE:GATES_5
212. Parameter Settings for User Entity Instance: OSMAN:CIRCUIT_0|Sabirac:PBSab|FullAdder:FullAdder_5|XOR_GATE_ONEHOT:GATES_1
213. Parameter Settings for User Entity Instance: OSMAN:CIRCUIT_0|Sabirac:PBSab|FullAdder:FullAdder_5|XOR_GATE_ONEHOT:GATES_2
214. Parameter Settings for User Entity Instance: OSMAN:CIRCUIT_0|Sabirac:PBSab|FullAdder:FullAdder_5|AND_GATE:GATES_3
215. Parameter Settings for User Entity Instance: OSMAN:CIRCUIT_0|Sabirac:PBSab|FullAdder:FullAdder_5|AND_GATE:GATES_4
216. Parameter Settings for User Entity Instance: OSMAN:CIRCUIT_0|Sabirac:PBSab|FullAdder:FullAdder_5|OR_GATE:GATES_5
217. Parameter Settings for User Entity Instance: OSMAN:CIRCUIT_0|Sabirac:PBSab|FullAdder:FullAdder_6|XOR_GATE_ONEHOT:GATES_1
218. Parameter Settings for User Entity Instance: OSMAN:CIRCUIT_0|Sabirac:PBSab|FullAdder:FullAdder_6|XOR_GATE_ONEHOT:GATES_2
219. Parameter Settings for User Entity Instance: OSMAN:CIRCUIT_0|Sabirac:PBSab|FullAdder:FullAdder_6|AND_GATE:GATES_3
220. Parameter Settings for User Entity Instance: OSMAN:CIRCUIT_0|Sabirac:PBSab|FullAdder:FullAdder_6|AND_GATE:GATES_4
221. Parameter Settings for User Entity Instance: OSMAN:CIRCUIT_0|Sabirac:PBSab|FullAdder:FullAdder_6|OR_GATE:GATES_5
222. Parameter Settings for User Entity Instance: OSMAN:CIRCUIT_0|Sabirac:PBSab|FullAdder:FullAdder_7|XOR_GATE_ONEHOT:GATES_1
223. Parameter Settings for User Entity Instance: OSMAN:CIRCUIT_0|Sabirac:PBSab|FullAdder:FullAdder_7|XOR_GATE_ONEHOT:GATES_2
224. Parameter Settings for User Entity Instance: OSMAN:CIRCUIT_0|Sabirac:PBSab|FullAdder:FullAdder_7|AND_GATE:GATES_3
225. Parameter Settings for User Entity Instance: OSMAN:CIRCUIT_0|Sabirac:PBSab|FullAdder:FullAdder_7|AND_GATE:GATES_4
226. Parameter Settings for User Entity Instance: OSMAN:CIRCUIT_0|Sabirac:PBSab|FullAdder:FullAdder_7|OR_GATE:GATES_5
227. Parameter Settings for User Entity Instance: OSMAN:CIRCUIT_0|RegistarskaDatoteka:RD|Multiplexer_bus_8:PLEXERS_2
228. Parameter Settings for User Entity Instance: OSMAN:CIRCUIT_0|RegistarskaDatoteka:RD|Multiplexer_bus_8:PLEXERS_3
229. Parameter Settings for User Entity Instance: OSMAN:CIRCUIT_0|RegistarskaDatoteka:RD|Registar8Bit:Registar8Bit_1|D_FLIPFLOP:MEMORY_9
230. Parameter Settings for User Entity Instance: OSMAN:CIRCUIT_0|RegistarskaDatoteka:RD|Registar8Bit:Registar8Bit_1|D_FLIPFLOP:MEMORY_10
231. Parameter Settings for User Entity Instance: OSMAN:CIRCUIT_0|RegistarskaDatoteka:RD|Registar8Bit:Registar8Bit_1|D_FLIPFLOP:MEMORY_11
232. Parameter Settings for User Entity Instance: OSMAN:CIRCUIT_0|RegistarskaDatoteka:RD|Registar8Bit:Registar8Bit_1|D_FLIPFLOP:MEMORY_12
233. Parameter Settings for User Entity Instance: OSMAN:CIRCUIT_0|RegistarskaDatoteka:RD|Registar8Bit:Registar8Bit_1|D_FLIPFLOP:MEMORY_13
234. Parameter Settings for User Entity Instance: OSMAN:CIRCUIT_0|RegistarskaDatoteka:RD|Registar8Bit:Registar8Bit_1|D_FLIPFLOP:MEMORY_14
235. Parameter Settings for User Entity Instance: OSMAN:CIRCUIT_0|RegistarskaDatoteka:RD|Registar8Bit:Registar8Bit_1|D_FLIPFLOP:MEMORY_15
236. Parameter Settings for User Entity Instance: OSMAN:CIRCUIT_0|RegistarskaDatoteka:RD|Registar8Bit:Registar8Bit_1|D_FLIPFLOP:MEMORY_16
237. Parameter Settings for User Entity Instance: OSMAN:CIRCUIT_0|RegistarskaDatoteka:RD|Registar8Bit:Registar8Bit_2|D_FLIPFLOP:MEMORY_9
238. Parameter Settings for User Entity Instance: OSMAN:CIRCUIT_0|RegistarskaDatoteka:RD|Registar8Bit:Registar8Bit_2|D_FLIPFLOP:MEMORY_10
239. Parameter Settings for User Entity Instance: OSMAN:CIRCUIT_0|RegistarskaDatoteka:RD|Registar8Bit:Registar8Bit_2|D_FLIPFLOP:MEMORY_11
240. Parameter Settings for User Entity Instance: OSMAN:CIRCUIT_0|RegistarskaDatoteka:RD|Registar8Bit:Registar8Bit_2|D_FLIPFLOP:MEMORY_12
241. Parameter Settings for User Entity Instance: OSMAN:CIRCUIT_0|RegistarskaDatoteka:RD|Registar8Bit:Registar8Bit_2|D_FLIPFLOP:MEMORY_13
242. Parameter Settings for User Entity Instance: OSMAN:CIRCUIT_0|RegistarskaDatoteka:RD|Registar8Bit:Registar8Bit_2|D_FLIPFLOP:MEMORY_14
243. Parameter Settings for User Entity Instance: OSMAN:CIRCUIT_0|RegistarskaDatoteka:RD|Registar8Bit:Registar8Bit_2|D_FLIPFLOP:MEMORY_15
244. Parameter Settings for User Entity Instance: OSMAN:CIRCUIT_0|RegistarskaDatoteka:RD|Registar8Bit:Registar8Bit_2|D_FLIPFLOP:MEMORY_16
245. Parameter Settings for User Entity Instance: OSMAN:CIRCUIT_0|RegistarskaDatoteka:RD|Registar8Bit:Registar8Bit_3|D_FLIPFLOP:MEMORY_9
246. Parameter Settings for User Entity Instance: OSMAN:CIRCUIT_0|RegistarskaDatoteka:RD|Registar8Bit:Registar8Bit_3|D_FLIPFLOP:MEMORY_10
247. Parameter Settings for User Entity Instance: OSMAN:CIRCUIT_0|RegistarskaDatoteka:RD|Registar8Bit:Registar8Bit_3|D_FLIPFLOP:MEMORY_11
248. Parameter Settings for User Entity Instance: OSMAN:CIRCUIT_0|RegistarskaDatoteka:RD|Registar8Bit:Registar8Bit_3|D_FLIPFLOP:MEMORY_12
249. Parameter Settings for User Entity Instance: OSMAN:CIRCUIT_0|RegistarskaDatoteka:RD|Registar8Bit:Registar8Bit_3|D_FLIPFLOP:MEMORY_13
250. Parameter Settings for User Entity Instance: OSMAN:CIRCUIT_0|RegistarskaDatoteka:RD|Registar8Bit:Registar8Bit_3|D_FLIPFLOP:MEMORY_14
251. Parameter Settings for User Entity Instance: OSMAN:CIRCUIT_0|RegistarskaDatoteka:RD|Registar8Bit:Registar8Bit_3|D_FLIPFLOP:MEMORY_15
252. Parameter Settings for User Entity Instance: OSMAN:CIRCUIT_0|RegistarskaDatoteka:RD|Registar8Bit:Registar8Bit_3|D_FLIPFLOP:MEMORY_16
253. Parameter Settings for User Entity Instance: OSMAN:CIRCUIT_0|RegistarskaDatoteka:RD|Registar8Bit:Registar8Bit_4|D_FLIPFLOP:MEMORY_9
254. Parameter Settings for User Entity Instance: OSMAN:CIRCUIT_0|RegistarskaDatoteka:RD|Registar8Bit:Registar8Bit_4|D_FLIPFLOP:MEMORY_10
255. Parameter Settings for User Entity Instance: OSMAN:CIRCUIT_0|RegistarskaDatoteka:RD|Registar8Bit:Registar8Bit_4|D_FLIPFLOP:MEMORY_11
256. Parameter Settings for User Entity Instance: OSMAN:CIRCUIT_0|RegistarskaDatoteka:RD|Registar8Bit:Registar8Bit_4|D_FLIPFLOP:MEMORY_12
257. Parameter Settings for User Entity Instance: OSMAN:CIRCUIT_0|RegistarskaDatoteka:RD|Registar8Bit:Registar8Bit_4|D_FLIPFLOP:MEMORY_13
258. Parameter Settings for User Entity Instance: OSMAN:CIRCUIT_0|RegistarskaDatoteka:RD|Registar8Bit:Registar8Bit_4|D_FLIPFLOP:MEMORY_14
259. Parameter Settings for User Entity Instance: OSMAN:CIRCUIT_0|RegistarskaDatoteka:RD|Registar8Bit:Registar8Bit_4|D_FLIPFLOP:MEMORY_15
260. Parameter Settings for User Entity Instance: OSMAN:CIRCUIT_0|RegistarskaDatoteka:RD|Registar8Bit:Registar8Bit_4|D_FLIPFLOP:MEMORY_16
261. Parameter Settings for User Entity Instance: OSMAN:CIRCUIT_0|RegistarskaDatoteka:RD|Registar8Bit:Registar8Bit_5|D_FLIPFLOP:MEMORY_9
262. Parameter Settings for User Entity Instance: OSMAN:CIRCUIT_0|RegistarskaDatoteka:RD|Registar8Bit:Registar8Bit_5|D_FLIPFLOP:MEMORY_10
263. Parameter Settings for User Entity Instance: OSMAN:CIRCUIT_0|RegistarskaDatoteka:RD|Registar8Bit:Registar8Bit_5|D_FLIPFLOP:MEMORY_11
264. Parameter Settings for User Entity Instance: OSMAN:CIRCUIT_0|RegistarskaDatoteka:RD|Registar8Bit:Registar8Bit_5|D_FLIPFLOP:MEMORY_12
265. Parameter Settings for User Entity Instance: OSMAN:CIRCUIT_0|RegistarskaDatoteka:RD|Registar8Bit:Registar8Bit_5|D_FLIPFLOP:MEMORY_13
266. Parameter Settings for User Entity Instance: OSMAN:CIRCUIT_0|RegistarskaDatoteka:RD|Registar8Bit:Registar8Bit_5|D_FLIPFLOP:MEMORY_14
267. Parameter Settings for User Entity Instance: OSMAN:CIRCUIT_0|RegistarskaDatoteka:RD|Registar8Bit:Registar8Bit_5|D_FLIPFLOP:MEMORY_15
268. Parameter Settings for User Entity Instance: OSMAN:CIRCUIT_0|RegistarskaDatoteka:RD|Registar8Bit:Registar8Bit_5|D_FLIPFLOP:MEMORY_16
269. Parameter Settings for User Entity Instance: OSMAN:CIRCUIT_0|RegistarskaDatoteka:RD|Registar8Bit:Registar8Bit_6|D_FLIPFLOP:MEMORY_9
270. Parameter Settings for User Entity Instance: OSMAN:CIRCUIT_0|RegistarskaDatoteka:RD|Registar8Bit:Registar8Bit_6|D_FLIPFLOP:MEMORY_10
271. Parameter Settings for User Entity Instance: OSMAN:CIRCUIT_0|RegistarskaDatoteka:RD|Registar8Bit:Registar8Bit_6|D_FLIPFLOP:MEMORY_11
272. Parameter Settings for User Entity Instance: OSMAN:CIRCUIT_0|RegistarskaDatoteka:RD|Registar8Bit:Registar8Bit_6|D_FLIPFLOP:MEMORY_12
273. Parameter Settings for User Entity Instance: OSMAN:CIRCUIT_0|RegistarskaDatoteka:RD|Registar8Bit:Registar8Bit_6|D_FLIPFLOP:MEMORY_13
274. Parameter Settings for User Entity Instance: OSMAN:CIRCUIT_0|RegistarskaDatoteka:RD|Registar8Bit:Registar8Bit_6|D_FLIPFLOP:MEMORY_14
275. Parameter Settings for User Entity Instance: OSMAN:CIRCUIT_0|RegistarskaDatoteka:RD|Registar8Bit:Registar8Bit_6|D_FLIPFLOP:MEMORY_15
276. Parameter Settings for User Entity Instance: OSMAN:CIRCUIT_0|RegistarskaDatoteka:RD|Registar8Bit:Registar8Bit_6|D_FLIPFLOP:MEMORY_16
277. Parameter Settings for User Entity Instance: OSMAN:CIRCUIT_0|RegistarskaDatoteka:RD|Registar8Bit:Registar8Bit_7|D_FLIPFLOP:MEMORY_9
278. Parameter Settings for User Entity Instance: OSMAN:CIRCUIT_0|RegistarskaDatoteka:RD|Registar8Bit:Registar8Bit_7|D_FLIPFLOP:MEMORY_10
279. Parameter Settings for User Entity Instance: OSMAN:CIRCUIT_0|RegistarskaDatoteka:RD|Registar8Bit:Registar8Bit_7|D_FLIPFLOP:MEMORY_11
280. Parameter Settings for User Entity Instance: OSMAN:CIRCUIT_0|RegistarskaDatoteka:RD|Registar8Bit:Registar8Bit_7|D_FLIPFLOP:MEMORY_12
281. Parameter Settings for User Entity Instance: OSMAN:CIRCUIT_0|RegistarskaDatoteka:RD|Registar8Bit:Registar8Bit_7|D_FLIPFLOP:MEMORY_13
282. Parameter Settings for User Entity Instance: OSMAN:CIRCUIT_0|RegistarskaDatoteka:RD|Registar8Bit:Registar8Bit_7|D_FLIPFLOP:MEMORY_14
283. Parameter Settings for User Entity Instance: OSMAN:CIRCUIT_0|RegistarskaDatoteka:RD|Registar8Bit:Registar8Bit_7|D_FLIPFLOP:MEMORY_15
284. Parameter Settings for User Entity Instance: OSMAN:CIRCUIT_0|RegistarskaDatoteka:RD|Registar8Bit:Registar8Bit_7|D_FLIPFLOP:MEMORY_16
285. Parameter Settings for User Entity Instance: OSMAN:CIRCUIT_0|RegistarskaDatoteka:RD|Registar8Bit:Registar8Bit_8|D_FLIPFLOP:MEMORY_9
286. Parameter Settings for User Entity Instance: OSMAN:CIRCUIT_0|RegistarskaDatoteka:RD|Registar8Bit:Registar8Bit_8|D_FLIPFLOP:MEMORY_10
287. Parameter Settings for User Entity Instance: OSMAN:CIRCUIT_0|RegistarskaDatoteka:RD|Registar8Bit:Registar8Bit_8|D_FLIPFLOP:MEMORY_11
288. Parameter Settings for User Entity Instance: OSMAN:CIRCUIT_0|RegistarskaDatoteka:RD|Registar8Bit:Registar8Bit_8|D_FLIPFLOP:MEMORY_12
289. Parameter Settings for User Entity Instance: OSMAN:CIRCUIT_0|RegistarskaDatoteka:RD|Registar8Bit:Registar8Bit_8|D_FLIPFLOP:MEMORY_13
290. Parameter Settings for User Entity Instance: OSMAN:CIRCUIT_0|RegistarskaDatoteka:RD|Registar8Bit:Registar8Bit_8|D_FLIPFLOP:MEMORY_14
291. Parameter Settings for User Entity Instance: OSMAN:CIRCUIT_0|RegistarskaDatoteka:RD|Registar8Bit:Registar8Bit_8|D_FLIPFLOP:MEMORY_15
292. Parameter Settings for User Entity Instance: OSMAN:CIRCUIT_0|RegistarskaDatoteka:RD|Registar8Bit:Registar8Bit_8|D_FLIPFLOP:MEMORY_16
293. Parameter Settings for Inferred Entity Instance: OSMAN:CIRCUIT_0|RAMCONTENTS_MemorijaPodataka:MemorijaPodataka|altsyncram:s_memContents_rtl_0
294. altsyncram Parameter Settings by Entity Instance
295. Port Connectivity Checks: "OSMAN:CIRCUIT_0|RegistarskaDatoteka:RD|Multiplexer_bus_8:PLEXERS_3"
296. Port Connectivity Checks: "OSMAN:CIRCUIT_0|RegistarskaDatoteka:RD|Multiplexer_bus_8:PLEXERS_2"
297. Port Connectivity Checks: "OSMAN:CIRCUIT_0|Sabirac:PBSab|FullAdder:FullAdder_1"
298. Port Connectivity Checks: "OSMAN:CIRCUIT_0|Sabirac:PBSab|FullAdder:FullAdder_8"
299. Port Connectivity Checks: "OSMAN:CIRCUIT_0|Sabirac:PBSab"
300. Port Connectivity Checks: "OSMAN:CIRCUIT_0|ProgramskiBrojac:PB|D_FLIPFLOP:MEMORY_16"
301. Port Connectivity Checks: "OSMAN:CIRCUIT_0|ProgramskiBrojac:PB|D_FLIPFLOP:MEMORY_15"
302. Port Connectivity Checks: "OSMAN:CIRCUIT_0|ProgramskiBrojac:PB|D_FLIPFLOP:MEMORY_14"
303. Port Connectivity Checks: "OSMAN:CIRCUIT_0|ProgramskiBrojac:PB|D_FLIPFLOP:MEMORY_13"
304. Port Connectivity Checks: "OSMAN:CIRCUIT_0|ProgramskiBrojac:PB|D_FLIPFLOP:MEMORY_12"
305. Port Connectivity Checks: "OSMAN:CIRCUIT_0|ProgramskiBrojac:PB|D_FLIPFLOP:MEMORY_11"
306. Port Connectivity Checks: "OSMAN:CIRCUIT_0|ProgramskiBrojac:PB|D_FLIPFLOP:MEMORY_10"
307. Port Connectivity Checks: "OSMAN:CIRCUIT_0|ProgramskiBrojac:PB|D_FLIPFLOP:MEMORY_9"
308. Port Connectivity Checks: "OSMAN:CIRCUIT_0|ProgramskiBrojac:PB|Multiplexer_2:PLEXERS_8"
309. Port Connectivity Checks: "OSMAN:CIRCUIT_0|ProgramskiBrojac:PB|Multiplexer_2:PLEXERS_7"
310. Port Connectivity Checks: "OSMAN:CIRCUIT_0|ProgramskiBrojac:PB|Multiplexer_2:PLEXERS_6"
311. Port Connectivity Checks: "OSMAN:CIRCUIT_0|ProgramskiBrojac:PB|Multiplexer_2:PLEXERS_5"
312. Port Connectivity Checks: "OSMAN:CIRCUIT_0|ProgramskiBrojac:PB|Multiplexer_2:PLEXERS_4"
313. Port Connectivity Checks: "OSMAN:CIRCUIT_0|ProgramskiBrojac:PB|Multiplexer_2:PLEXERS_3"
314. Port Connectivity Checks: "OSMAN:CIRCUIT_0|ProgramskiBrojac:PB|Multiplexer_2:PLEXERS_2"
315. Port Connectivity Checks: "OSMAN:CIRCUIT_0|ProgramskiBrojac:PB|Multiplexer_2:PLEXERS_1"
316. Port Connectivity Checks: "OSMAN:CIRCUIT_0|ProgramskiBrojac:PB"
317. Port Connectivity Checks: "OSMAN:CIRCUIT_0|UIKontroler:UI_Kontroler|StabilizatorUlaza8Bit:UIUlazniStabilizator1|D_FLIPFLOP:MEMORY_8"
318. Port Connectivity Checks: "OSMAN:CIRCUIT_0|UIKontroler:UI_Kontroler|StabilizatorUlaza8Bit:UIUlazniStabilizator1|D_FLIPFLOP:MEMORY_7"
319. Port Connectivity Checks: "OSMAN:CIRCUIT_0|UIKontroler:UI_Kontroler|StabilizatorUlaza8Bit:UIUlazniStabilizator1|D_FLIPFLOP:MEMORY_6"
320. Port Connectivity Checks: "OSMAN:CIRCUIT_0|UIKontroler:UI_Kontroler|StabilizatorUlaza8Bit:UIUlazniStabilizator1|D_FLIPFLOP:MEMORY_5"
321. Port Connectivity Checks: "OSMAN:CIRCUIT_0|UIKontroler:UI_Kontroler|StabilizatorUlaza8Bit:UIUlazniStabilizator1|D_FLIPFLOP:MEMORY_4"
322. Port Connectivity Checks: "OSMAN:CIRCUIT_0|UIKontroler:UI_Kontroler|StabilizatorUlaza8Bit:UIUlazniStabilizator1|D_FLIPFLOP:MEMORY_3"
323. Port Connectivity Checks: "OSMAN:CIRCUIT_0|UIKontroler:UI_Kontroler|StabilizatorUlaza8Bit:UIUlazniStabilizator1|D_FLIPFLOP:MEMORY_2"
324. Port Connectivity Checks: "OSMAN:CIRCUIT_0|UIKontroler:UI_Kontroler|StabilizatorUlaza8Bit:UIUlazniStabilizator1|D_FLIPFLOP:MEMORY_1"
325. Port Connectivity Checks: "OSMAN:CIRCUIT_0|UIKontroler:UI_Kontroler|Registar8Bit:UIIzlazniReg1|D_FLIPFLOP:MEMORY_16"
326. Port Connectivity Checks: "OSMAN:CIRCUIT_0|UIKontroler:UI_Kontroler|Registar8Bit:UIIzlazniReg1|D_FLIPFLOP:MEMORY_15"
327. Port Connectivity Checks: "OSMAN:CIRCUIT_0|UIKontroler:UI_Kontroler|Registar8Bit:UIIzlazniReg1|D_FLIPFLOP:MEMORY_14"
328. Port Connectivity Checks: "OSMAN:CIRCUIT_0|UIKontroler:UI_Kontroler|Registar8Bit:UIIzlazniReg1|D_FLIPFLOP:MEMORY_13"
329. Port Connectivity Checks: "OSMAN:CIRCUIT_0|UIKontroler:UI_Kontroler|Registar8Bit:UIIzlazniReg1|D_FLIPFLOP:MEMORY_12"
330. Port Connectivity Checks: "OSMAN:CIRCUIT_0|UIKontroler:UI_Kontroler|Registar8Bit:UIIzlazniReg1|D_FLIPFLOP:MEMORY_11"
331. Port Connectivity Checks: "OSMAN:CIRCUIT_0|UIKontroler:UI_Kontroler|Registar8Bit:UIIzlazniReg1|D_FLIPFLOP:MEMORY_10"
332. Port Connectivity Checks: "OSMAN:CIRCUIT_0|UIKontroler:UI_Kontroler|Registar8Bit:UIIzlazniReg1|D_FLIPFLOP:MEMORY_9"
333. Port Connectivity Checks: "OSMAN:CIRCUIT_0|UIKontroler:UI_Kontroler|Registar8Bit:UIIzlazniReg1|Multiplexer_2:PLEXERS_8"
334. Port Connectivity Checks: "OSMAN:CIRCUIT_0|UIKontroler:UI_Kontroler|Registar8Bit:UIIzlazniReg1|Multiplexer_2:PLEXERS_7"
335. Port Connectivity Checks: "OSMAN:CIRCUIT_0|UIKontroler:UI_Kontroler|Registar8Bit:UIIzlazniReg1|Multiplexer_2:PLEXERS_6"
336. Port Connectivity Checks: "OSMAN:CIRCUIT_0|UIKontroler:UI_Kontroler|Registar8Bit:UIIzlazniReg1|Multiplexer_2:PLEXERS_5"
337. Port Connectivity Checks: "OSMAN:CIRCUIT_0|UIKontroler:UI_Kontroler|Registar8Bit:UIIzlazniReg1|Multiplexer_2:PLEXERS_4"
338. Port Connectivity Checks: "OSMAN:CIRCUIT_0|UIKontroler:UI_Kontroler|Registar8Bit:UIIzlazniReg1|Multiplexer_2:PLEXERS_3"
339. Port Connectivity Checks: "OSMAN:CIRCUIT_0|UIKontroler:UI_Kontroler|Registar8Bit:UIIzlazniReg1|Multiplexer_2:PLEXERS_2"
340. Port Connectivity Checks: "OSMAN:CIRCUIT_0|UIKontroler:UI_Kontroler|Registar8Bit:UIIzlazniReg1|Multiplexer_2:PLEXERS_1"
341. Port Connectivity Checks: "OSMAN:CIRCUIT_0|UIKontroler:UI_Kontroler|Multiplexer_bus_4:PLEXERS_2"
342. Port Connectivity Checks: "OSMAN:CIRCUIT_0|UIKontroler:UI_Kontroler"
343. Port Connectivity Checks: "OSMAN:CIRCUIT_0|DekoderAdresa:Dekoder_Adresa|Comparator:ARITH_5"
344. Port Connectivity Checks: "OSMAN:CIRCUIT_0|DekoderAdresa:Dekoder_Adresa"
345. Port Connectivity Checks: "OSMAN:CIRCUIT_0|KontrolnaJedinicaGrananja:KJG|Multiplexer_8:PLEXERS_2"
346. Port Connectivity Checks: "OSMAN:CIRCUIT_0|ALU8Bit:ALU|ALU1Bit:ALU1Bit_1|Multiplexer_8:PLEXERS_5"
347. Port Connectivity Checks: "OSMAN:CIRCUIT_0|ALU8Bit:ALU|Multiplexer_bus_4:PLEXERS_4"
348. Port Connectivity Checks: "OSMAN:CIRCUIT_0|StatusniRegistar:SR|D_FLIPFLOP:MEMORY_8"
349. Port Connectivity Checks: "OSMAN:CIRCUIT_0|StatusniRegistar:SR|D_FLIPFLOP:MEMORY_7"
350. Port Connectivity Checks: "OSMAN:CIRCUIT_0|StatusniRegistar:SR|D_FLIPFLOP:MEMORY_6"
351. Port Connectivity Checks: "OSMAN:CIRCUIT_0|StatusniRegistar:SR|D_FLIPFLOP:MEMORY_5"
352. Port Connectivity Checks: "OSMAN:CIRCUIT_0|StatusniRegistar:SR|Multiplexer_2:PLEXERS_4"
353. Port Connectivity Checks: "OSMAN:CIRCUIT_0|StatusniRegistar:SR|Multiplexer_2:PLEXERS_3"
354. Port Connectivity Checks: "OSMAN:CIRCUIT_0|StatusniRegistar:SR|Multiplexer_2:PLEXERS_2"
355. Port Connectivity Checks: "OSMAN:CIRCUIT_0|StatusniRegistar:SR|Multiplexer_2:PLEXERS_1"
356. Port Connectivity Checks: "OSMAN:CIRCUIT_0|D_FLIPFLOP:MEMORY_8"
357. Port Connectivity Checks: "OSMAN:CIRCUIT_0|RAMCONTENTS_MemorijaPodataka:MemorijaPodataka"
358. Port Connectivity Checks: "OSMAN:CIRCUIT_0|Multiplexer_bus_4:PLEXERS_6"
359. Port Connectivity Checks: "OSMAN:CIRCUIT_0|Multiplexer_bus_4:PLEXERS_5"
360. Port Connectivity Checks: "OSMAN:CIRCUIT_0|Multiplexer_bus_2:PLEXERS_4"
361. Port Connectivity Checks: "OSMAN:CIRCUIT_0|Multiplexer_bus_2:PLEXERS_3"
362. Port Connectivity Checks: "OSMAN:CIRCUIT_0|Multiplexer_bus_2:PLEXERS_2"
363. Port Connectivity Checks: "OSMAN:CIRCUIT_0|Multiplexer_bus_2:PLEXERS_1"
364. Port Connectivity Checks: "OSMAN:CIRCUIT_0"
365. In-System Memory Content Editor Settings
366. Post-Synthesis Netlist Statistics for Top Partition
367. Elapsed Time Per Partition
368. Analysis & Synthesis Messages



----------------
; Legal Notice ;
----------------
Copyright (C) 2018  Intel Corporation. All rights reserved.
Your use of Intel Corporation's design tools, logic functions 
and other software and tools, and its AMPP partner logic 
functions, and any output files from any of the foregoing 
(including device programming or simulation files), and any 
associated documentation or information are expressly subject 
to the terms and conditions of the Intel Program License 
Subscription Agreement, the Intel Quartus Prime License Agreement,
the Intel FPGA IP License Agreement, or other applicable license
agreement, including, without limitation, that your use is for
the sole purpose of programming logic devices manufactured by
Intel and sold by Intel or its authorized distributors.  Please
refer to the applicable agreement for further details.



+-------------------------------------------------------------------------------+
; Analysis & Synthesis Summary                                                  ;
+---------------------------------+---------------------------------------------+
; Analysis & Synthesis Status     ; Successful - Mon Jun 08 00:39:29 2026       ;
; Quartus Prime Version           ; 18.1.0 Build 625 09/12/2018 SJ Lite Edition ;
; Revision Name                   ; logisimTopLevelShell                        ;
; Top-level Entity Name           ; logisimTopLevelShell                        ;
; Family                          ; Cyclone V                                   ;
; Logic utilization (in ALMs)     ; N/A                                         ;
; Total registers                 ; 307                                         ;
; Total pins                      ; 42                                          ;
; Total virtual pins              ; 0                                           ;
; Total block memory bits         ; 6,144                                       ;
; Total DSP Blocks                ; 0                                           ;
; Total HSSI RX PCSs              ; 0                                           ;
; Total HSSI PMA RX Deserializers ; 0                                           ;
; Total HSSI TX PCSs              ; 0                                           ;
; Total HSSI PMA TX Serializers   ; 0                                           ;
; Total PLLs                      ; 0                                           ;
; Total DLLs                      ; 0                                           ;
+---------------------------------+---------------------------------------------+


+-------------------------------------------------------------------------------------------------------------------------------+
; Analysis & Synthesis Settings                                                                                                 ;
+---------------------------------------------------------------------------------+----------------------+----------------------+
; Option                                                                          ; Setting              ; Default Value        ;
+---------------------------------------------------------------------------------+----------------------+----------------------+
; Device                                                                          ; 5CSEMA5F31C6         ;                      ;
; Top-level entity name                                                           ; logisimTopLevelShell ; logisimTopLevelShell ;
; Family name                                                                     ; Cyclone V            ; Cyclone V            ;
; Use smart compilation                                                           ; Off                  ; Off                  ;
; Enable parallel Assembler and Timing Analyzer during compilation                ; On                   ; On                   ;
; Enable compact report table                                                     ; Off                  ; Off                  ;
; Restructure Multiplexers                                                        ; Auto                 ; Auto                 ;
; MLAB Add Timing Constraints For Mixed-Port Feed-Through Mode Setting Don't Care ; Off                  ; Off                  ;
; Create Debugging Nodes for IP Cores                                             ; Off                  ; Off                  ;
; Preserve fewer node names                                                       ; On                   ; On                   ;
; Intel FPGA IP Evaluation Mode                                                   ; Enable               ; Enable               ;
; Verilog Version                                                                 ; Verilog_2001         ; Verilog_2001         ;
; VHDL Version                                                                    ; VHDL_1993            ; VHDL_1993            ;
; State Machine Processing                                                        ; Auto                 ; Auto                 ;
; Safe State Machine                                                              ; Off                  ; Off                  ;
; Extract Verilog State Machines                                                  ; On                   ; On                   ;
; Extract VHDL State Machines                                                     ; On                   ; On                   ;
; Ignore Verilog initial constructs                                               ; Off                  ; Off                  ;
; Iteration limit for constant Verilog loops                                      ; 5000                 ; 5000                 ;
; Iteration limit for non-constant Verilog loops                                  ; 250                  ; 250                  ;
; Add Pass-Through Logic to Inferred RAMs                                         ; On                   ; On                   ;
; Infer RAMs from Raw Logic                                                       ; On                   ; On                   ;
; Parallel Synthesis                                                              ; On                   ; On                   ;
; DSP Block Balancing                                                             ; Auto                 ; Auto                 ;
; NOT Gate Push-Back                                                              ; On                   ; On                   ;
; Power-Up Don't Care                                                             ; On                   ; On                   ;
; Remove Redundant Logic Cells                                                    ; Off                  ; Off                  ;
; Remove Duplicate Registers                                                      ; On                   ; On                   ;
; Ignore CARRY Buffers                                                            ; Off                  ; Off                  ;
; Ignore CASCADE Buffers                                                          ; Off                  ; Off                  ;
; Ignore GLOBAL Buffers                                                           ; Off                  ; Off                  ;
; Ignore ROW GLOBAL Buffers                                                       ; Off                  ; Off                  ;
; Ignore LCELL Buffers                                                            ; Off                  ; Off                  ;
; Ignore SOFT Buffers                                                             ; On                   ; On                   ;
; Limit AHDL Integers to 32 Bits                                                  ; Off                  ; Off                  ;
; Optimization Technique                                                          ; Balanced             ; Balanced             ;
; Carry Chain Length                                                              ; 70                   ; 70                   ;
; Auto Carry Chains                                                               ; On                   ; On                   ;
; Auto Open-Drain Pins                                                            ; On                   ; On                   ;
; Perform WYSIWYG Primitive Resynthesis                                           ; Off                  ; Off                  ;
; Auto ROM Replacement                                                            ; On                   ; On                   ;
; Auto RAM Replacement                                                            ; On                   ; On                   ;
; Auto DSP Block Replacement                                                      ; On                   ; On                   ;
; Auto Shift Register Replacement                                                 ; Auto                 ; Auto                 ;
; Allow Shift Register Merging across Hierarchies                                 ; Auto                 ; Auto                 ;
; Auto Clock Enable Replacement                                                   ; On                   ; On                   ;
; Strict RAM Replacement                                                          ; Off                  ; Off                  ;
; Allow Synchronous Control Signals                                               ; On                   ; On                   ;
; Force Use of Synchronous Clear Signals                                          ; Off                  ; Off                  ;
; Auto Resource Sharing                                                           ; Off                  ; Off                  ;
; Allow Any RAM Size For Recognition                                              ; Off                  ; Off                  ;
; Allow Any ROM Size For Recognition                                              ; Off                  ; Off                  ;
; Allow Any Shift Register Size For Recognition                                   ; Off                  ; Off                  ;
; Use LogicLock Constraints during Resource Balancing                             ; On                   ; On                   ;
; Ignore translate_off and synthesis_off directives                               ; Off                  ; Off                  ;
; Timing-Driven Synthesis                                                         ; On                   ; On                   ;
; Report Parameter Settings                                                       ; On                   ; On                   ;
; Report Source Assignments                                                       ; On                   ; On                   ;
; Report Connectivity Checks                                                      ; On                   ; On                   ;
; Ignore Maximum Fan-Out Assignments                                              ; Off                  ; Off                  ;
; Synchronization Register Chain Length                                           ; 3                    ; 3                    ;
; Power Optimization During Synthesis                                             ; Normal compilation   ; Normal compilation   ;
; HDL message level                                                               ; Level2               ; Level2               ;
; Suppress Register Optimization Related Messages                                 ; Off                  ; Off                  ;
; Number of Removed Registers Reported in Synthesis Report                        ; 5000                 ; 5000                 ;
; Number of Swept Nodes Reported in Synthesis Report                              ; 5000                 ; 5000                 ;
; Number of Inverted Registers Reported in Synthesis Report                       ; 100                  ; 100                  ;
; Clock MUX Protection                                                            ; On                   ; On                   ;
; Auto Gated Clock Conversion                                                     ; Off                  ; Off                  ;
; Block Design Naming                                                             ; Auto                 ; Auto                 ;
; SDC constraint protection                                                       ; Off                  ; Off                  ;
; Synthesis Effort                                                                ; Auto                 ; Auto                 ;
; Shift Register Replacement - Allow Asynchronous Clear Signal                    ; On                   ; On                   ;
; Pre-Mapping Resynthesis Optimization                                            ; Off                  ; Off                  ;
; Analysis & Synthesis Message Level                                              ; Medium               ; Medium               ;
; Disable Register Merging Across Hierarchies                                     ; Auto                 ; Auto                 ;
; Resource Aware Inference For Block RAM                                          ; On                   ; On                   ;
; Automatic Parallel Synthesis                                                    ; On                   ; On                   ;
; Partial Reconfiguration Bitstream ID                                            ; Off                  ; Off                  ;
+---------------------------------------------------------------------------------+----------------------+----------------------+


+------------------------------------------+
; Parallel Compilation                     ;
+----------------------------+-------------+
; Processors                 ; Number      ;
+----------------------------+-------------+
; Number detected on machine ; 12          ;
; Maximum allowed            ; 12          ;
;                            ;             ;
; Average used               ; 1.00        ;
; Maximum used               ; 12          ;
;                            ;             ;
; Usage by Processor         ; % Time Used ;
;     Processor 1            ; 100.0%      ;
;     Processor 2            ;   0.0%      ;
;     Processors 3-12        ;   0.0%      ;
+----------------------------+-------------+


+------------------------------------------------------------------------------------------------------------------------------------------------------------------------------------------------------------------------------------------------------------+
; Analysis & Synthesis Source Files Read                                                                                                                                                                                                                     ;
+--------------------------------------------------------------------+-----------------+----------------------------------------------+--------------------------------------------------------------------------------------------------------+-------------+
; File Name with User-Entered Path                                   ; Used in Netlist ; File Type                                    ; File Name with Absolute Path                                                                           ; Library     ;
+--------------------------------------------------------------------+-----------------+----------------------------------------------+--------------------------------------------------------------------------------------------------------+-------------+
; SevenSegAdapter_entity.vhd                                         ; yes             ; User VHDL File                               ; C:/.Cloud Documents/Osman/OsmanFPGA/SevenSegAdapter_entity.vhd                                         ;             ;
; SevenSegAdapter_behavior.vhd                                       ; yes             ; User VHDL File                               ; C:/.Cloud Documents/Osman/OsmanFPGA/SevenSegAdapter_behavior.vhd                                       ;             ;
; UIKontroler_entity.vhd                                             ; yes             ; User VHDL File                               ; C:/.Cloud Documents/Osman/OsmanFPGA/UIKontroler_entity.vhd                                             ;             ;
; UIKontroler_behavior.vhd                                           ; yes             ; User VHDL File                               ; C:/.Cloud Documents/Osman/OsmanFPGA/UIKontroler_behavior.vhd                                           ;             ;
; StabilizatorUlaza8Bit_entity.vhd                                   ; yes             ; User VHDL File                               ; C:/.Cloud Documents/Osman/OsmanFPGA/StabilizatorUlaza8Bit_entity.vhd                                   ;             ;
; StabilizatorUlaza8Bit_behavior.vhd                                 ; yes             ; User VHDL File                               ; C:/.Cloud Documents/Osman/OsmanFPGA/StabilizatorUlaza8Bit_behavior.vhd                                 ;             ;
; DekoderAdresa_entity.vhd                                           ; yes             ; User VHDL File                               ; C:/.Cloud Documents/Osman/OsmanFPGA/DekoderAdresa_entity.vhd                                           ;             ;
; DekoderAdresa_behavior.vhd                                         ; yes             ; User VHDL File                               ; C:/.Cloud Documents/Osman/OsmanFPGA/DekoderAdresa_behavior.vhd                                         ;             ;
; Decoder_4_entity.vhd                                               ; yes             ; User VHDL File                               ; C:/.Cloud Documents/Osman/OsmanFPGA/Decoder_4_entity.vhd                                               ;             ;
; Decoder_4_behavior.vhd                                             ; yes             ; User VHDL File                               ; C:/.Cloud Documents/Osman/OsmanFPGA/Decoder_4_behavior.vhd                                             ;             ;
; XOR_GATE_ONEHOT_entity.vhd                                         ; yes             ; User VHDL File                               ; C:/.Cloud Documents/Osman/OsmanFPGA/XOR_GATE_ONEHOT_entity.vhd                                         ;             ;
; XOR_GATE_ONEHOT_behavior.vhd                                       ; yes             ; User VHDL File                               ; C:/.Cloud Documents/Osman/OsmanFPGA/XOR_GATE_ONEHOT_behavior.vhd                                       ;             ;
; synthesizedClockGenerator_entity.vhd                               ; yes             ; User VHDL File                               ; C:/.Cloud Documents/Osman/OsmanFPGA/synthesizedClockGenerator_entity.vhd                               ;             ;
; synthesizedClockGenerator_behavior.vhd                             ; yes             ; User VHDL File                               ; C:/.Cloud Documents/Osman/OsmanFPGA/synthesizedClockGenerator_behavior.vhd                             ;             ;
; StatusniRegistar_entity.vhd                                        ; yes             ; User VHDL File                               ; C:/.Cloud Documents/Osman/OsmanFPGA/StatusniRegistar_entity.vhd                                        ;             ;
; StatusniRegistar_behavior.vhd                                      ; yes             ; User VHDL File                               ; C:/.Cloud Documents/Osman/OsmanFPGA/StatusniRegistar_behavior.vhd                                      ;             ;
; Sabirac_entity.vhd                                                 ; yes             ; User VHDL File                               ; C:/.Cloud Documents/Osman/OsmanFPGA/Sabirac_entity.vhd                                                 ;             ;
; Sabirac_behavior.vhd                                               ; yes             ; User VHDL File                               ; C:/.Cloud Documents/Osman/OsmanFPGA/Sabirac_behavior.vhd                                               ;             ;
; RegistarskaDatoteka_entity.vhd                                     ; yes             ; User VHDL File                               ; C:/.Cloud Documents/Osman/OsmanFPGA/RegistarskaDatoteka_entity.vhd                                     ;             ;
; RegistarskaDatoteka_behavior.vhd                                   ; yes             ; User VHDL File                               ; C:/.Cloud Documents/Osman/OsmanFPGA/RegistarskaDatoteka_behavior.vhd                                   ;             ;
; Registar8Bit_entity.vhd                                            ; yes             ; User VHDL File                               ; C:/.Cloud Documents/Osman/OsmanFPGA/Registar8Bit_entity.vhd                                            ;             ;
; Registar8Bit_behavior.vhd                                          ; yes             ; User VHDL File                               ; C:/.Cloud Documents/Osman/OsmanFPGA/Registar8Bit_behavior.vhd                                          ;             ;
; RAMCONTENTS_MemorijaPodataka_entity.vhd                            ; yes             ; User VHDL File                               ; C:/.Cloud Documents/Osman/OsmanFPGA/RAMCONTENTS_MemorijaPodataka_entity.vhd                            ;             ;
; RAMCONTENTS_MemorijaPodataka_behavior.vhd                          ; yes             ; User VHDL File                               ; C:/.Cloud Documents/Osman/OsmanFPGA/RAMCONTENTS_MemorijaPodataka_behavior.vhd                          ;             ;
; ProgramskiBrojac_entity.vhd                                        ; yes             ; User VHDL File                               ; C:/.Cloud Documents/Osman/OsmanFPGA/ProgramskiBrojac_entity.vhd                                        ;             ;
; ProgramskiBrojac_behavior.vhd                                      ; yes             ; User VHDL File                               ; C:/.Cloud Documents/Osman/OsmanFPGA/ProgramskiBrojac_behavior.vhd                                      ;             ;
; PredznacenoProsirenje_entity.vhd                                   ; yes             ; User VHDL File                               ; C:/.Cloud Documents/Osman/OsmanFPGA/PredznacenoProsirenje_entity.vhd                                   ;             ;
; PredznacenoProsirenje_behavior.vhd                                 ; yes             ; User VHDL File                               ; C:/.Cloud Documents/Osman/OsmanFPGA/PredznacenoProsirenje_behavior.vhd                                 ;             ;
; OSMAN_entity.vhd                                                   ; yes             ; User VHDL File                               ; C:/.Cloud Documents/Osman/OsmanFPGA/OSMAN_entity.vhd                                                   ;             ;
; OSMAN_behavior.vhd                                                 ; yes             ; User VHDL File                               ; C:/.Cloud Documents/Osman/OsmanFPGA/OSMAN_behavior.vhd                                                 ;             ;
; OR_GATE_entity.vhd                                                 ; yes             ; User VHDL File                               ; C:/.Cloud Documents/Osman/OsmanFPGA/OR_GATE_entity.vhd                                                 ;             ;
; OR_GATE_behavior.vhd                                               ; yes             ; User VHDL File                               ; C:/.Cloud Documents/Osman/OsmanFPGA/OR_GATE_behavior.vhd                                               ;             ;
; NOR_GATE_8_INPUTS_entity.vhd                                       ; yes             ; User VHDL File                               ; C:/.Cloud Documents/Osman/OsmanFPGA/NOR_GATE_8_INPUTS_entity.vhd                                       ;             ;
; NOR_GATE_8_INPUTS_behavior.vhd                                     ; yes             ; User VHDL File                               ; C:/.Cloud Documents/Osman/OsmanFPGA/NOR_GATE_8_INPUTS_behavior.vhd                                     ;             ;
; Multiplexer_bus_8_entity.vhd                                       ; yes             ; User VHDL File                               ; C:/.Cloud Documents/Osman/OsmanFPGA/Multiplexer_bus_8_entity.vhd                                       ;             ;
; Multiplexer_bus_8_behavior.vhd                                     ; yes             ; User VHDL File                               ; C:/.Cloud Documents/Osman/OsmanFPGA/Multiplexer_bus_8_behavior.vhd                                     ;             ;
; Multiplexer_bus_4_entity.vhd                                       ; yes             ; User VHDL File                               ; C:/.Cloud Documents/Osman/OsmanFPGA/Multiplexer_bus_4_entity.vhd                                       ;             ;
; Multiplexer_bus_4_behavior.vhd                                     ; yes             ; User VHDL File                               ; C:/.Cloud Documents/Osman/OsmanFPGA/Multiplexer_bus_4_behavior.vhd                                     ;             ;
; Multiplexer_bus_2_entity.vhd                                       ; yes             ; User VHDL File                               ; C:/.Cloud Documents/Osman/OsmanFPGA/Multiplexer_bus_2_entity.vhd                                       ;             ;
; Multiplexer_bus_2_behavior.vhd                                     ; yes             ; User VHDL File                               ; C:/.Cloud Documents/Osman/OsmanFPGA/Multiplexer_bus_2_behavior.vhd                                     ;             ;
; Multiplexer_8_entity.vhd                                           ; yes             ; User VHDL File                               ; C:/.Cloud Documents/Osman/OsmanFPGA/Multiplexer_8_entity.vhd                                           ;             ;
; Multiplexer_8_behavior.vhd                                         ; yes             ; User VHDL File                               ; C:/.Cloud Documents/Osman/OsmanFPGA/Multiplexer_8_behavior.vhd                                         ;             ;
; Multiplexer_2_entity.vhd                                           ; yes             ; User VHDL File                               ; C:/.Cloud Documents/Osman/OsmanFPGA/Multiplexer_2_entity.vhd                                           ;             ;
; Multiplexer_2_behavior.vhd                                         ; yes             ; User VHDL File                               ; C:/.Cloud Documents/Osman/OsmanFPGA/Multiplexer_2_behavior.vhd                                         ;             ;
; logisimTopLevelShell_entity.vhd                                    ; yes             ; User VHDL File                               ; C:/.Cloud Documents/Osman/OsmanFPGA/logisimTopLevelShell_entity.vhd                                    ;             ;
; logisimTopLevelShell_behavior.vhd                                  ; yes             ; User VHDL File                               ; C:/.Cloud Documents/Osman/OsmanFPGA/logisimTopLevelShell_behavior.vhd                                  ;             ;
; logisimTickGenerator_entity.vhd                                    ; yes             ; User VHDL File                               ; C:/.Cloud Documents/Osman/OsmanFPGA/logisimTickGenerator_entity.vhd                                    ;             ;
; logisimTickGenerator_behavior.vhd                                  ; yes             ; User VHDL File                               ; C:/.Cloud Documents/Osman/OsmanFPGA/logisimTickGenerator_behavior.vhd                                  ;             ;
; LogisimClockComponent_entity.vhd                                   ; yes             ; User VHDL File                               ; C:/.Cloud Documents/Osman/OsmanFPGA/LogisimClockComponent_entity.vhd                                   ;             ;
; LogisimClockComponent_behavior.vhd                                 ; yes             ; User VHDL File                               ; C:/.Cloud Documents/Osman/OsmanFPGA/LogisimClockComponent_behavior.vhd                                 ;             ;
; KontrolnaJedinica_entity.vhd                                       ; yes             ; User VHDL File                               ; C:/.Cloud Documents/Osman/OsmanFPGA/KontrolnaJedinica_entity.vhd                                       ;             ;
; KontrolnaJedinica_behavior.vhd                                     ; yes             ; User VHDL File                               ; C:/.Cloud Documents/Osman/OsmanFPGA/KontrolnaJedinica_behavior.vhd                                     ;             ;
; KontrolnaJedinicaGrananja_entity.vhd                               ; yes             ; User VHDL File                               ; C:/.Cloud Documents/Osman/OsmanFPGA/KontrolnaJedinicaGrananja_entity.vhd                               ;             ;
; KontrolnaJedinicaGrananja_behavior.vhd                             ; yes             ; User VHDL File                               ; C:/.Cloud Documents/Osman/OsmanFPGA/KontrolnaJedinicaGrananja_behavior.vhd                             ;             ;
; FullAdder_entity.vhd                                               ; yes             ; User VHDL File                               ; C:/.Cloud Documents/Osman/OsmanFPGA/FullAdder_entity.vhd                                               ;             ;
; FullAdder_behavior.vhd                                             ; yes             ; User VHDL File                               ; C:/.Cloud Documents/Osman/OsmanFPGA/FullAdder_behavior.vhd                                             ;             ;
; D_FLIPFLOP_entity.vhd                                              ; yes             ; User VHDL File                               ; C:/.Cloud Documents/Osman/OsmanFPGA/D_FLIPFLOP_entity.vhd                                              ;             ;
; D_FLIPFLOP_behavior.vhd                                            ; yes             ; User VHDL File                               ; C:/.Cloud Documents/Osman/OsmanFPGA/D_FLIPFLOP_behavior.vhd                                            ;             ;
; Decoder_8_entity.vhd                                               ; yes             ; User VHDL File                               ; C:/.Cloud Documents/Osman/OsmanFPGA/Decoder_8_entity.vhd                                               ;             ;
; Decoder_8_behavior.vhd                                             ; yes             ; User VHDL File                               ; C:/.Cloud Documents/Osman/OsmanFPGA/Decoder_8_behavior.vhd                                             ;             ;
; Comparator_entity.vhd                                              ; yes             ; User VHDL File                               ; C:/.Cloud Documents/Osman/OsmanFPGA/Comparator_entity.vhd                                              ;             ;
; Comparator_behavior.vhd                                            ; yes             ; User VHDL File                               ; C:/.Cloud Documents/Osman/OsmanFPGA/Comparator_behavior.vhd                                            ;             ;
; AND_GATE_entity.vhd                                                ; yes             ; User VHDL File                               ; C:/.Cloud Documents/Osman/OsmanFPGA/AND_GATE_entity.vhd                                                ;             ;
; AND_GATE_behavior.vhd                                              ; yes             ; User VHDL File                               ; C:/.Cloud Documents/Osman/OsmanFPGA/AND_GATE_behavior.vhd                                              ;             ;
; AND_GATE_3_INPUTS_entity.vhd                                       ; yes             ; User VHDL File                               ; C:/.Cloud Documents/Osman/OsmanFPGA/AND_GATE_3_INPUTS_entity.vhd                                       ;             ;
; AND_GATE_3_INPUTS_behavior.vhd                                     ; yes             ; User VHDL File                               ; C:/.Cloud Documents/Osman/OsmanFPGA/AND_GATE_3_INPUTS_behavior.vhd                                     ;             ;
; ALU8Bit_entity.vhd                                                 ; yes             ; User VHDL File                               ; C:/.Cloud Documents/Osman/OsmanFPGA/ALU8Bit_entity.vhd                                                 ;             ;
; ALU8Bit_behavior.vhd                                               ; yes             ; User VHDL File                               ; C:/.Cloud Documents/Osman/OsmanFPGA/ALU8Bit_behavior.vhd                                               ;             ;
; ALU1Bit_entity.vhd                                                 ; yes             ; User VHDL File                               ; C:/.Cloud Documents/Osman/OsmanFPGA/ALU1Bit_entity.vhd                                                 ;             ;
; ALU1Bit_behavior.vhd                                               ; yes             ; User VHDL File                               ; C:/.Cloud Documents/Osman/OsmanFPGA/ALU1Bit_behavior.vhd                                               ;             ;
; ram.mif                                                            ; yes             ; User Memory Initialization File              ; C:/.Cloud Documents/Osman/OsmanFPGA/ram.mif                                                            ;             ;
; instrukcijskaMemorija.mif                                          ; yes             ; User Memory Initialization File              ; C:/.Cloud Documents/Osman/OsmanFPGA/instrukcijskaMemorija.mif                                          ;             ;
; InstrukcijskaMemorija.vhd                                          ; yes             ; User Wizard-Generated File                   ; C:/.Cloud Documents/Osman/OsmanFPGA/InstrukcijskaMemorija.vhd                                          ;             ;
; altsyncram.tdf                                                     ; yes             ; Megafunction                                 ; e:/quartusprimelite/quartus/libraries/megafunctions/altsyncram.tdf                                     ;             ;
; stratix_ram_block.inc                                              ; yes             ; Megafunction                                 ; e:/quartusprimelite/quartus/libraries/megafunctions/stratix_ram_block.inc                              ;             ;
; lpm_mux.inc                                                        ; yes             ; Megafunction                                 ; e:/quartusprimelite/quartus/libraries/megafunctions/lpm_mux.inc                                        ;             ;
; lpm_decode.inc                                                     ; yes             ; Megafunction                                 ; e:/quartusprimelite/quartus/libraries/megafunctions/lpm_decode.inc                                     ;             ;
; aglobal181.inc                                                     ; yes             ; Megafunction                                 ; e:/quartusprimelite/quartus/libraries/megafunctions/aglobal181.inc                                     ;             ;
; a_rdenreg.inc                                                      ; yes             ; Megafunction                                 ; e:/quartusprimelite/quartus/libraries/megafunctions/a_rdenreg.inc                                      ;             ;
; altrom.inc                                                         ; yes             ; Megafunction                                 ; e:/quartusprimelite/quartus/libraries/megafunctions/altrom.inc                                         ;             ;
; altram.inc                                                         ; yes             ; Megafunction                                 ; e:/quartusprimelite/quartus/libraries/megafunctions/altram.inc                                         ;             ;
; altdpram.inc                                                       ; yes             ; Megafunction                                 ; e:/quartusprimelite/quartus/libraries/megafunctions/altdpram.inc                                       ;             ;
; db/altsyncram_rc54.tdf                                             ; yes             ; Auto-Generated Megafunction                  ; C:/.Cloud Documents/Osman/OsmanFPGA/db/altsyncram_rc54.tdf                                             ;             ;
; db/altsyncram_u763.tdf                                             ; yes             ; Auto-Generated Megafunction                  ; C:/.Cloud Documents/Osman/OsmanFPGA/db/altsyncram_u763.tdf                                             ;             ;
; sld_mod_ram_rom.vhd                                                ; yes             ; Encrypted Megafunction                       ; e:/quartusprimelite/quartus/libraries/megafunctions/sld_mod_ram_rom.vhd                                ;             ;
; sld_jtag_endpoint_adapter.vhd                                      ; yes             ; Encrypted Megafunction                       ; e:/quartusprimelite/quartus/libraries/megafunctions/sld_jtag_endpoint_adapter.vhd                      ;             ;
; sld_jtag_endpoint_adapter_impl.sv                                  ; yes             ; Encrypted Megafunction                       ; e:/quartusprimelite/quartus/libraries/megafunctions/sld_jtag_endpoint_adapter_impl.sv                  ;             ;
; sld_rom_sr.vhd                                                     ; yes             ; Encrypted Megafunction                       ; e:/quartusprimelite/quartus/libraries/megafunctions/sld_rom_sr.vhd                                     ;             ;
; sld_hub.vhd                                                        ; yes             ; Encrypted Megafunction                       ; e:/quartusprimelite/quartus/libraries/megafunctions/sld_hub.vhd                                        ; altera_sld  ;
; db/ip/sld8f8b3542/alt_sld_fab.v                                    ; yes             ; Encrypted Auto-Found Verilog HDL File        ; C:/.Cloud Documents/Osman/OsmanFPGA/db/ip/sld8f8b3542/alt_sld_fab.v                                    ; alt_sld_fab ;
; db/ip/sld8f8b3542/submodules/alt_sld_fab_alt_sld_fab.v             ; yes             ; Encrypted Auto-Found Verilog HDL File        ; C:/.Cloud Documents/Osman/OsmanFPGA/db/ip/sld8f8b3542/submodules/alt_sld_fab_alt_sld_fab.v             ; alt_sld_fab ;
; db/ip/sld8f8b3542/submodules/alt_sld_fab_alt_sld_fab_ident.sv      ; yes             ; Auto-Found SystemVerilog HDL File            ; C:/.Cloud Documents/Osman/OsmanFPGA/db/ip/sld8f8b3542/submodules/alt_sld_fab_alt_sld_fab_ident.sv      ; alt_sld_fab ;
; db/ip/sld8f8b3542/submodules/alt_sld_fab_alt_sld_fab_presplit.sv   ; yes             ; Encrypted Auto-Found SystemVerilog HDL File  ; C:/.Cloud Documents/Osman/OsmanFPGA/db/ip/sld8f8b3542/submodules/alt_sld_fab_alt_sld_fab_presplit.sv   ; alt_sld_fab ;
; db/ip/sld8f8b3542/submodules/alt_sld_fab_alt_sld_fab_sldfabric.vhd ; yes             ; Encrypted Auto-Found VHDL File               ; C:/.Cloud Documents/Osman/OsmanFPGA/db/ip/sld8f8b3542/submodules/alt_sld_fab_alt_sld_fab_sldfabric.vhd ; alt_sld_fab ;
; db/ip/sld8f8b3542/submodules/alt_sld_fab_alt_sld_fab_splitter.sv   ; yes             ; Encrypted Auto-Found SystemVerilog HDL File  ; C:/.Cloud Documents/Osman/OsmanFPGA/db/ip/sld8f8b3542/submodules/alt_sld_fab_alt_sld_fab_splitter.sv   ; alt_sld_fab ;
; sld_jtag_hub.vhd                                                   ; yes             ; Encrypted Megafunction                       ; e:/quartusprimelite/quartus/libraries/megafunctions/sld_jtag_hub.vhd                                   ;             ;
; db/altsyncram_sro1.tdf                                             ; yes             ; Auto-Generated Megafunction                  ; C:/.Cloud Documents/Osman/OsmanFPGA/db/altsyncram_sro1.tdf                                             ;             ;
+--------------------------------------------------------------------+-----------------+----------------------------------------------+--------------------------------------------------------------------------------------------------------+-------------+


+---------------------------------------------------------------------+
; Analysis & Synthesis Resource Usage Summary                         ;
+---------------------------------------------+-----------------------+
; Resource                                    ; Usage                 ;
+---------------------------------------------+-----------------------+
; Estimate of Logic utilization (ALMs needed) ; 266                   ;
;                                             ;                       ;
; Combinational ALUT usage for logic          ; 384                   ;
;     -- 7 input functions                    ; 6                     ;
;     -- 6 input functions                    ; 109                   ;
;     -- 5 input functions                    ; 96                    ;
;     -- 4 input functions                    ; 42                    ;
;     -- <=3 input functions                  ; 131                   ;
;                                             ;                       ;
; Dedicated logic registers                   ; 307                   ;
;                                             ;                       ;
; I/O pins                                    ; 42                    ;
; Total MLAB memory bits                      ; 0                     ;
; Total block memory bits                     ; 6144                  ;
;                                             ;                       ;
; Total DSP Blocks                            ; 0                     ;
;                                             ;                       ;
; Maximum fan-out node                        ; fpgaGlobalClock~input ;
; Maximum fan-out                             ; 182                   ;
; Total fan-out                               ; 3213                  ;
; Average fan-out                             ; 3.98                  ;
+---------------------------------------------+-----------------------+


+------------------------------------------------------------------------------------------------------------------------------------------------------------------------------------------------------------------------------------------------------------------------------------------------------------------------------------------------------------------------------------------------------------------------------------------------------------------------------------------------------------------------------------------------------------------------------------------------------------------------------------------------------------------------+
; Analysis & Synthesis Resource Utilization by Entity                                                                                                                                                                                                                                                                                                                                                                                                                                                                                                                                                                                                                    ;
+-----------------------------------------------------------------------------------------------------------------------------------------+---------------------+---------------------------+-------------------+------------+------+--------------+------------------------------------------------------------------------------------------------------------------------------------------------------------------------------------------------------------------------------------------------------------------------------------------------------------------------------------------------------------------+-----------------------------------+--------------+
; Compilation Hierarchy Node                                                                                                              ; Combinational ALUTs ; Dedicated Logic Registers ; Block Memory Bits ; DSP Blocks ; Pins ; Virtual Pins ; Full Hierarchy Name                                                                                                                                                                                                                                                                                                                                              ; Entity Name                       ; Library Name ;
+-----------------------------------------------------------------------------------------------------------------------------------------+---------------------+---------------------------+-------------------+------------+------+--------------+------------------------------------------------------------------------------------------------------------------------------------------------------------------------------------------------------------------------------------------------------------------------------------------------------------------------------------------------------------------+-----------------------------------+--------------+
; |logisimTopLevelShell                                                                                                                   ; 384 (1)             ; 307 (0)                   ; 6144              ; 0          ; 42   ; 0            ; |logisimTopLevelShell                                                                                                                                                                                                                                                                                                                                            ; logisimTopLevelShell              ; work         ;
;    |LogisimClockComponent:CLK|                                                                                                          ; 5 (5)               ; 7 (7)                     ; 0                 ; 0          ; 0    ; 0            ; |logisimTopLevelShell|LogisimClockComponent:CLK                                                                                                                                                                                                                                                                                                                  ; LogisimClockComponent             ; work         ;
;    |LogisimClockComponent:MemCLK|                                                                                                       ; 1 (1)               ; 3 (3)                     ; 0                 ; 0          ; 0    ; 0            ; |logisimTopLevelShell|LogisimClockComponent:MemCLK                                                                                                                                                                                                                                                                                                               ; LogisimClockComponent             ; work         ;
;    |OSMAN:CIRCUIT_0|                                                                                                                    ; 246 (0)             ; 191 (0)                   ; 6144              ; 0          ; 0    ; 0            ; |logisimTopLevelShell|OSMAN:CIRCUIT_0                                                                                                                                                                                                                                                                                                                            ; OSMAN                             ; work         ;
;       |ALU8Bit:ALU|                                                                                                                     ; 57 (0)              ; 0 (0)                     ; 0                 ; 0          ; 0    ; 0            ; |logisimTopLevelShell|OSMAN:CIRCUIT_0|ALU8Bit:ALU                                                                                                                                                                                                                                                                                                                ; ALU8Bit                           ; work         ;
;          |ALU1Bit:ALU1Bit_1|                                                                                                            ; 5 (0)               ; 0 (0)                     ; 0                 ; 0          ; 0    ; 0            ; |logisimTopLevelShell|OSMAN:CIRCUIT_0|ALU8Bit:ALU|ALU1Bit:ALU1Bit_1                                                                                                                                                                                                                                                                                              ; ALU1Bit                           ; work         ;
;             |FullAdder:FullAdder_1|                                                                                                     ; 2 (0)               ; 0 (0)                     ; 0                 ; 0          ; 0    ; 0            ; |logisimTopLevelShell|OSMAN:CIRCUIT_0|ALU8Bit:ALU|ALU1Bit:ALU1Bit_1|FullAdder:FullAdder_1                                                                                                                                                                                                                                                                        ; FullAdder                         ; work         ;
;                |OR_GATE:GATES_5|                                                                                                        ; 1 (1)               ; 0 (0)                     ; 0                 ; 0          ; 0    ; 0            ; |logisimTopLevelShell|OSMAN:CIRCUIT_0|ALU8Bit:ALU|ALU1Bit:ALU1Bit_1|FullAdder:FullAdder_1|OR_GATE:GATES_5                                                                                                                                                                                                                                                        ; OR_GATE                           ; work         ;
;                |XOR_GATE_ONEHOT:GATES_1|                                                                                                ; 1 (1)               ; 0 (0)                     ; 0                 ; 0          ; 0    ; 0            ; |logisimTopLevelShell|OSMAN:CIRCUIT_0|ALU8Bit:ALU|ALU1Bit:ALU1Bit_1|FullAdder:FullAdder_1|XOR_GATE_ONEHOT:GATES_1                                                                                                                                                                                                                                                ; XOR_GATE_ONEHOT                   ; work         ;
;             |Multiplexer_8:PLEXERS_5|                                                                                                   ; 3 (3)               ; 0 (0)                     ; 0                 ; 0          ; 0    ; 0            ; |logisimTopLevelShell|OSMAN:CIRCUIT_0|ALU8Bit:ALU|ALU1Bit:ALU1Bit_1|Multiplexer_8:PLEXERS_5                                                                                                                                                                                                                                                                      ; Multiplexer_8                     ; work         ;
;          |ALU1Bit:ALU1Bit_2|                                                                                                            ; 6 (0)               ; 0 (0)                     ; 0                 ; 0          ; 0    ; 0            ; |logisimTopLevelShell|OSMAN:CIRCUIT_0|ALU8Bit:ALU|ALU1Bit:ALU1Bit_2                                                                                                                                                                                                                                                                                              ; ALU1Bit                           ; work         ;
;             |FullAdder:FullAdder_1|                                                                                                     ; 3 (0)               ; 0 (0)                     ; 0                 ; 0          ; 0    ; 0            ; |logisimTopLevelShell|OSMAN:CIRCUIT_0|ALU8Bit:ALU|ALU1Bit:ALU1Bit_2|FullAdder:FullAdder_1                                                                                                                                                                                                                                                                        ; FullAdder                         ; work         ;
;                |AND_GATE:GATES_4|                                                                                                       ; 1 (1)               ; 0 (0)                     ; 0                 ; 0          ; 0    ; 0            ; |logisimTopLevelShell|OSMAN:CIRCUIT_0|ALU8Bit:ALU|ALU1Bit:ALU1Bit_2|FullAdder:FullAdder_1|AND_GATE:GATES_4                                                                                                                                                                                                                                                       ; AND_GATE                          ; work         ;
;                |OR_GATE:GATES_5|                                                                                                        ; 1 (1)               ; 0 (0)                     ; 0                 ; 0          ; 0    ; 0            ; |logisimTopLevelShell|OSMAN:CIRCUIT_0|ALU8Bit:ALU|ALU1Bit:ALU1Bit_2|FullAdder:FullAdder_1|OR_GATE:GATES_5                                                                                                                                                                                                                                                        ; OR_GATE                           ; work         ;
;                |XOR_GATE_ONEHOT:GATES_1|                                                                                                ; 1 (1)               ; 0 (0)                     ; 0                 ; 0          ; 0    ; 0            ; |logisimTopLevelShell|OSMAN:CIRCUIT_0|ALU8Bit:ALU|ALU1Bit:ALU1Bit_2|FullAdder:FullAdder_1|XOR_GATE_ONEHOT:GATES_1                                                                                                                                                                                                                                                ; XOR_GATE_ONEHOT                   ; work         ;
;             |Multiplexer_8:PLEXERS_5|                                                                                                   ; 3 (3)               ; 0 (0)                     ; 0                 ; 0          ; 0    ; 0            ; |logisimTopLevelShell|OSMAN:CIRCUIT_0|ALU8Bit:ALU|ALU1Bit:ALU1Bit_2|Multiplexer_8:PLEXERS_5                                                                                                                                                                                                                                                                      ; Multiplexer_8                     ; work         ;
;          |ALU1Bit:ALU1Bit_3|                                                                                                            ; 4 (0)               ; 0 (0)                     ; 0                 ; 0          ; 0    ; 0            ; |logisimTopLevelShell|OSMAN:CIRCUIT_0|ALU8Bit:ALU|ALU1Bit:ALU1Bit_3                                                                                                                                                                                                                                                                                              ; ALU1Bit                           ; work         ;
;             |Multiplexer_8:PLEXERS_5|                                                                                                   ; 3 (3)               ; 0 (0)                     ; 0                 ; 0          ; 0    ; 0            ; |logisimTopLevelShell|OSMAN:CIRCUIT_0|ALU8Bit:ALU|ALU1Bit:ALU1Bit_3|Multiplexer_8:PLEXERS_5                                                                                                                                                                                                                                                                      ; Multiplexer_8                     ; work         ;
;             |XOR_GATE_ONEHOT:GATES_1|                                                                                                   ; 1 (1)               ; 0 (0)                     ; 0                 ; 0          ; 0    ; 0            ; |logisimTopLevelShell|OSMAN:CIRCUIT_0|ALU8Bit:ALU|ALU1Bit:ALU1Bit_3|XOR_GATE_ONEHOT:GATES_1                                                                                                                                                                                                                                                                      ; XOR_GATE_ONEHOT                   ; work         ;
;          |ALU1Bit:ALU1Bit_4|                                                                                                            ; 6 (0)               ; 0 (0)                     ; 0                 ; 0          ; 0    ; 0            ; |logisimTopLevelShell|OSMAN:CIRCUIT_0|ALU8Bit:ALU|ALU1Bit:ALU1Bit_4                                                                                                                                                                                                                                                                                              ; ALU1Bit                           ; work         ;
;             |FullAdder:FullAdder_1|                                                                                                     ; 3 (0)               ; 0 (0)                     ; 0                 ; 0          ; 0    ; 0            ; |logisimTopLevelShell|OSMAN:CIRCUIT_0|ALU8Bit:ALU|ALU1Bit:ALU1Bit_4|FullAdder:FullAdder_1                                                                                                                                                                                                                                                                        ; FullAdder                         ; work         ;
;                |AND_GATE:GATES_4|                                                                                                       ; 1 (1)               ; 0 (0)                     ; 0                 ; 0          ; 0    ; 0            ; |logisimTopLevelShell|OSMAN:CIRCUIT_0|ALU8Bit:ALU|ALU1Bit:ALU1Bit_4|FullAdder:FullAdder_1|AND_GATE:GATES_4                                                                                                                                                                                                                                                       ; AND_GATE                          ; work         ;
;                |XOR_GATE_ONEHOT:GATES_1|                                                                                                ; 1 (1)               ; 0 (0)                     ; 0                 ; 0          ; 0    ; 0            ; |logisimTopLevelShell|OSMAN:CIRCUIT_0|ALU8Bit:ALU|ALU1Bit:ALU1Bit_4|FullAdder:FullAdder_1|XOR_GATE_ONEHOT:GATES_1                                                                                                                                                                                                                                                ; XOR_GATE_ONEHOT                   ; work         ;
;                |XOR_GATE_ONEHOT:GATES_2|                                                                                                ; 1 (1)               ; 0 (0)                     ; 0                 ; 0          ; 0    ; 0            ; |logisimTopLevelShell|OSMAN:CIRCUIT_0|ALU8Bit:ALU|ALU1Bit:ALU1Bit_4|FullAdder:FullAdder_1|XOR_GATE_ONEHOT:GATES_2                                                                                                                                                                                                                                                ; XOR_GATE_ONEHOT                   ; work         ;
;             |Multiplexer_8:PLEXERS_5|                                                                                                   ; 3 (3)               ; 0 (0)                     ; 0                 ; 0          ; 0    ; 0            ; |logisimTopLevelShell|OSMAN:CIRCUIT_0|ALU8Bit:ALU|ALU1Bit:ALU1Bit_4|Multiplexer_8:PLEXERS_5                                                                                                                                                                                                                                                                      ; Multiplexer_8                     ; work         ;
;          |ALU1Bit:ALU1Bit_5|                                                                                                            ; 5 (0)               ; 0 (0)                     ; 0                 ; 0          ; 0    ; 0            ; |logisimTopLevelShell|OSMAN:CIRCUIT_0|ALU8Bit:ALU|ALU1Bit:ALU1Bit_5                                                                                                                                                                                                                                                                                              ; ALU1Bit                           ; work         ;
;             |FullAdder:FullAdder_1|                                                                                                     ; 1 (0)               ; 0 (0)                     ; 0                 ; 0          ; 0    ; 0            ; |logisimTopLevelShell|OSMAN:CIRCUIT_0|ALU8Bit:ALU|ALU1Bit:ALU1Bit_5|FullAdder:FullAdder_1                                                                                                                                                                                                                                                                        ; FullAdder                         ; work         ;
;                |OR_GATE:GATES_5|                                                                                                        ; 1 (1)               ; 0 (0)                     ; 0                 ; 0          ; 0    ; 0            ; |logisimTopLevelShell|OSMAN:CIRCUIT_0|ALU8Bit:ALU|ALU1Bit:ALU1Bit_5|FullAdder:FullAdder_1|OR_GATE:GATES_5                                                                                                                                                                                                                                                        ; OR_GATE                           ; work         ;
;             |Multiplexer_8:PLEXERS_5|                                                                                                   ; 3 (3)               ; 0 (0)                     ; 0                 ; 0          ; 0    ; 0            ; |logisimTopLevelShell|OSMAN:CIRCUIT_0|ALU8Bit:ALU|ALU1Bit:ALU1Bit_5|Multiplexer_8:PLEXERS_5                                                                                                                                                                                                                                                                      ; Multiplexer_8                     ; work         ;
;             |XOR_GATE_ONEHOT:GATES_1|                                                                                                   ; 1 (1)               ; 0 (0)                     ; 0                 ; 0          ; 0    ; 0            ; |logisimTopLevelShell|OSMAN:CIRCUIT_0|ALU8Bit:ALU|ALU1Bit:ALU1Bit_5|XOR_GATE_ONEHOT:GATES_1                                                                                                                                                                                                                                                                      ; XOR_GATE_ONEHOT                   ; work         ;
;          |ALU1Bit:ALU1Bit_6|                                                                                                            ; 6 (0)               ; 0 (0)                     ; 0                 ; 0          ; 0    ; 0            ; |logisimTopLevelShell|OSMAN:CIRCUIT_0|ALU8Bit:ALU|ALU1Bit:ALU1Bit_6                                                                                                                                                                                                                                                                                              ; ALU1Bit                           ; work         ;
;             |FullAdder:FullAdder_1|                                                                                                     ; 1 (0)               ; 0 (0)                     ; 0                 ; 0          ; 0    ; 0            ; |logisimTopLevelShell|OSMAN:CIRCUIT_0|ALU8Bit:ALU|ALU1Bit:ALU1Bit_6|FullAdder:FullAdder_1                                                                                                                                                                                                                                                                        ; FullAdder                         ; work         ;
;                |XOR_GATE_ONEHOT:GATES_1|                                                                                                ; 1 (1)               ; 0 (0)                     ; 0                 ; 0          ; 0    ; 0            ; |logisimTopLevelShell|OSMAN:CIRCUIT_0|ALU8Bit:ALU|ALU1Bit:ALU1Bit_6|FullAdder:FullAdder_1|XOR_GATE_ONEHOT:GATES_1                                                                                                                                                                                                                                                ; XOR_GATE_ONEHOT                   ; work         ;
;             |Multiplexer_8:PLEXERS_5|                                                                                                   ; 4 (4)               ; 0 (0)                     ; 0                 ; 0          ; 0    ; 0            ; |logisimTopLevelShell|OSMAN:CIRCUIT_0|ALU8Bit:ALU|ALU1Bit:ALU1Bit_6|Multiplexer_8:PLEXERS_5                                                                                                                                                                                                                                                                      ; Multiplexer_8                     ; work         ;
;             |XOR_GATE_ONEHOT:GATES_1|                                                                                                   ; 1 (1)               ; 0 (0)                     ; 0                 ; 0          ; 0    ; 0            ; |logisimTopLevelShell|OSMAN:CIRCUIT_0|ALU8Bit:ALU|ALU1Bit:ALU1Bit_6|XOR_GATE_ONEHOT:GATES_1                                                                                                                                                                                                                                                                      ; XOR_GATE_ONEHOT                   ; work         ;
;          |ALU1Bit:ALU1Bit_7|                                                                                                            ; 5 (0)               ; 0 (0)                     ; 0                 ; 0          ; 0    ; 0            ; |logisimTopLevelShell|OSMAN:CIRCUIT_0|ALU8Bit:ALU|ALU1Bit:ALU1Bit_7                                                                                                                                                                                                                                                                                              ; ALU1Bit                           ; work         ;
;             |FullAdder:FullAdder_1|                                                                                                     ; 1 (0)               ; 0 (0)                     ; 0                 ; 0          ; 0    ; 0            ; |logisimTopLevelShell|OSMAN:CIRCUIT_0|ALU8Bit:ALU|ALU1Bit:ALU1Bit_7|FullAdder:FullAdder_1                                                                                                                                                                                                                                                                        ; FullAdder                         ; work         ;
;                |OR_GATE:GATES_5|                                                                                                        ; 1 (1)               ; 0 (0)                     ; 0                 ; 0          ; 0    ; 0            ; |logisimTopLevelShell|OSMAN:CIRCUIT_0|ALU8Bit:ALU|ALU1Bit:ALU1Bit_7|FullAdder:FullAdder_1|OR_GATE:GATES_5                                                                                                                                                                                                                                                        ; OR_GATE                           ; work         ;
;             |Multiplexer_8:PLEXERS_5|                                                                                                   ; 4 (4)               ; 0 (0)                     ; 0                 ; 0          ; 0    ; 0            ; |logisimTopLevelShell|OSMAN:CIRCUIT_0|ALU8Bit:ALU|ALU1Bit:ALU1Bit_7|Multiplexer_8:PLEXERS_5                                                                                                                                                                                                                                                                      ; Multiplexer_8                     ; work         ;
;          |ALU1Bit:ALU1Bit_8|                                                                                                            ; 2 (0)               ; 0 (0)                     ; 0                 ; 0          ; 0    ; 0            ; |logisimTopLevelShell|OSMAN:CIRCUIT_0|ALU8Bit:ALU|ALU1Bit:ALU1Bit_8                                                                                                                                                                                                                                                                                              ; ALU1Bit                           ; work         ;
;             |Multiplexer_8:PLEXERS_5|                                                                                                   ; 2 (2)               ; 0 (0)                     ; 0                 ; 0          ; 0    ; 0            ; |logisimTopLevelShell|OSMAN:CIRCUIT_0|ALU8Bit:ALU|ALU1Bit:ALU1Bit_8|Multiplexer_8:PLEXERS_5                                                                                                                                                                                                                                                                      ; Multiplexer_8                     ; work         ;
;          |AND_GATE_3_INPUTS:GATES_3|                                                                                                    ; 2 (2)               ; 0 (0)                     ; 0                 ; 0          ; 0    ; 0            ; |logisimTopLevelShell|OSMAN:CIRCUIT_0|ALU8Bit:ALU|AND_GATE_3_INPUTS:GATES_3                                                                                                                                                                                                                                                                                      ; AND_GATE_3_INPUTS                 ; work         ;
;          |Multiplexer_bus_4:PLEXERS_4|                                                                                                  ; 12 (12)             ; 0 (0)                     ; 0                 ; 0          ; 0    ; 0            ; |logisimTopLevelShell|OSMAN:CIRCUIT_0|ALU8Bit:ALU|Multiplexer_bus_4:PLEXERS_4                                                                                                                                                                                                                                                                                    ; Multiplexer_bus_4                 ; work         ;
;          |NOR_GATE_8_INPUTS:GATES_1|                                                                                                    ; 3 (3)               ; 0 (0)                     ; 0                 ; 0          ; 0    ; 0            ; |logisimTopLevelShell|OSMAN:CIRCUIT_0|ALU8Bit:ALU|NOR_GATE_8_INPUTS:GATES_1                                                                                                                                                                                                                                                                                      ; NOR_GATE_8_INPUTS                 ; work         ;
;          |XOR_GATE_ONEHOT:GATES_2|                                                                                                      ; 1 (1)               ; 0 (0)                     ; 0                 ; 0          ; 0    ; 0            ; |logisimTopLevelShell|OSMAN:CIRCUIT_0|ALU8Bit:ALU|XOR_GATE_ONEHOT:GATES_2                                                                                                                                                                                                                                                                                        ; XOR_GATE_ONEHOT                   ; work         ;
;       |D_FLIPFLOP:MEMORY_8|                                                                                                             ; 0 (0)               ; 1 (1)                     ; 0                 ; 0          ; 0    ; 0            ; |logisimTopLevelShell|OSMAN:CIRCUIT_0|D_FLIPFLOP:MEMORY_8                                                                                                                                                                                                                                                                                                        ; D_FLIPFLOP                        ; work         ;
;       |DekoderAdresa:Dekoder_Adresa|                                                                                                    ; 4 (0)               ; 0 (0)                     ; 0                 ; 0          ; 0    ; 0            ; |logisimTopLevelShell|OSMAN:CIRCUIT_0|DekoderAdresa:Dekoder_Adresa                                                                                                                                                                                                                                                                                               ; DekoderAdresa                     ; work         ;
;          |AND_GATE:GATES_1|                                                                                                             ; 2 (2)               ; 0 (0)                     ; 0                 ; 0          ; 0    ; 0            ; |logisimTopLevelShell|OSMAN:CIRCUIT_0|DekoderAdresa:Dekoder_Adresa|AND_GATE:GATES_1                                                                                                                                                                                                                                                                              ; AND_GATE                          ; work         ;
;          |Comparator:ARITH_5|                                                                                                           ; 2 (2)               ; 0 (0)                     ; 0                 ; 0          ; 0    ; 0            ; |logisimTopLevelShell|OSMAN:CIRCUIT_0|DekoderAdresa:Dekoder_Adresa|Comparator:ARITH_5                                                                                                                                                                                                                                                                            ; Comparator                        ; work         ;
;       |InstrukcijskaMemorija:InstrukcijskaMemorijaKomp|                                                                                 ; 41 (0)              ; 46 (0)                    ; 4096              ; 0          ; 0    ; 0            ; |logisimTopLevelShell|OSMAN:CIRCUIT_0|InstrukcijskaMemorija:InstrukcijskaMemorijaKomp                                                                                                                                                                                                                                                                            ; InstrukcijskaMemorija             ; work         ;
;          |altsyncram:altsyncram_component|                                                                                              ; 41 (0)              ; 46 (0)                    ; 4096              ; 0          ; 0    ; 0            ; |logisimTopLevelShell|OSMAN:CIRCUIT_0|InstrukcijskaMemorija:InstrukcijskaMemorijaKomp|altsyncram:altsyncram_component                                                                                                                                                                                                                                            ; altsyncram                        ; work         ;
;             |altsyncram_rc54:auto_generated|                                                                                            ; 41 (0)              ; 46 (0)                    ; 4096              ; 0          ; 0    ; 0            ; |logisimTopLevelShell|OSMAN:CIRCUIT_0|InstrukcijskaMemorija:InstrukcijskaMemorijaKomp|altsyncram:altsyncram_component|altsyncram_rc54:auto_generated                                                                                                                                                                                                             ; altsyncram_rc54                   ; work         ;
;                |altsyncram_u763:altsyncram1|                                                                                            ; 0 (0)               ; 0 (0)                     ; 4096              ; 0          ; 0    ; 0            ; |logisimTopLevelShell|OSMAN:CIRCUIT_0|InstrukcijskaMemorija:InstrukcijskaMemorijaKomp|altsyncram:altsyncram_component|altsyncram_rc54:auto_generated|altsyncram_u763:altsyncram1                                                                                                                                                                                 ; altsyncram_u763                   ; work         ;
;                |sld_mod_ram_rom:mgl_prim2|                                                                                              ; 41 (24)             ; 46 (37)                   ; 0                 ; 0          ; 0    ; 0            ; |logisimTopLevelShell|OSMAN:CIRCUIT_0|InstrukcijskaMemorija:InstrukcijskaMemorijaKomp|altsyncram:altsyncram_component|altsyncram_rc54:auto_generated|sld_mod_ram_rom:mgl_prim2                                                                                                                                                                                   ; sld_mod_ram_rom                   ; work         ;
;                   |sld_rom_sr:\ram_rom_logic_gen:name_gen:info_rom_sr|                                                                  ; 17 (17)             ; 9 (9)                     ; 0                 ; 0          ; 0    ; 0            ; |logisimTopLevelShell|OSMAN:CIRCUIT_0|InstrukcijskaMemorija:InstrukcijskaMemorijaKomp|altsyncram:altsyncram_component|altsyncram_rc54:auto_generated|sld_mod_ram_rom:mgl_prim2|sld_rom_sr:\ram_rom_logic_gen:name_gen:info_rom_sr                                                                                                                                ; sld_rom_sr                        ; work         ;
;       |KontrolnaJedinica:KJ|                                                                                                            ; 11 (11)             ; 0 (0)                     ; 0                 ; 0          ; 0    ; 0            ; |logisimTopLevelShell|OSMAN:CIRCUIT_0|KontrolnaJedinica:KJ                                                                                                                                                                                                                                                                                                       ; KontrolnaJedinica                 ; work         ;
;       |KontrolnaJedinicaGrananja:KJG|                                                                                                   ; 3 (0)               ; 0 (0)                     ; 0                 ; 0          ; 0    ; 0            ; |logisimTopLevelShell|OSMAN:CIRCUIT_0|KontrolnaJedinicaGrananja:KJG                                                                                                                                                                                                                                                                                              ; KontrolnaJedinicaGrananja         ; work         ;
;          |Multiplexer_8:PLEXERS_2|                                                                                                      ; 3 (3)               ; 0 (0)                     ; 0                 ; 0          ; 0    ; 0            ; |logisimTopLevelShell|OSMAN:CIRCUIT_0|KontrolnaJedinicaGrananja:KJG|Multiplexer_8:PLEXERS_2                                                                                                                                                                                                                                                                      ; Multiplexer_8                     ; work         ;
;       |Multiplexer_bus_2:PLEXERS_1|                                                                                                     ; 8 (8)               ; 0 (0)                     ; 0                 ; 0          ; 0    ; 0            ; |logisimTopLevelShell|OSMAN:CIRCUIT_0|Multiplexer_bus_2:PLEXERS_1                                                                                                                                                                                                                                                                                                ; Multiplexer_bus_2                 ; work         ;
;       |Multiplexer_bus_2:PLEXERS_2|                                                                                                     ; 29 (29)             ; 0 (0)                     ; 0                 ; 0          ; 0    ; 0            ; |logisimTopLevelShell|OSMAN:CIRCUIT_0|Multiplexer_bus_2:PLEXERS_2                                                                                                                                                                                                                                                                                                ; Multiplexer_bus_2                 ; work         ;
;       |Multiplexer_bus_2:PLEXERS_3|                                                                                                     ; 11 (11)             ; 0 (0)                     ; 0                 ; 0          ; 0    ; 0            ; |logisimTopLevelShell|OSMAN:CIRCUIT_0|Multiplexer_bus_2:PLEXERS_3                                                                                                                                                                                                                                                                                                ; Multiplexer_bus_2                 ; work         ;
;       |Multiplexer_bus_4:PLEXERS_5|                                                                                                     ; 27 (27)             ; 0 (0)                     ; 0                 ; 0          ; 0    ; 0            ; |logisimTopLevelShell|OSMAN:CIRCUIT_0|Multiplexer_bus_4:PLEXERS_5                                                                                                                                                                                                                                                                                                ; Multiplexer_bus_4                 ; work         ;
;       |Multiplexer_bus_4:PLEXERS_6|                                                                                                     ; 8 (8)               ; 0 (0)                     ; 0                 ; 0          ; 0    ; 0            ; |logisimTopLevelShell|OSMAN:CIRCUIT_0|Multiplexer_bus_4:PLEXERS_6                                                                                                                                                                                                                                                                                                ; Multiplexer_bus_4                 ; work         ;
;       |ProgramskiBrojac:PB|                                                                                                             ; 0 (0)               ; 8 (0)                     ; 0                 ; 0          ; 0    ; 0            ; |logisimTopLevelShell|OSMAN:CIRCUIT_0|ProgramskiBrojac:PB                                                                                                                                                                                                                                                                                                        ; ProgramskiBrojac                  ; work         ;
;          |D_FLIPFLOP:MEMORY_10|                                                                                                         ; 0 (0)               ; 1 (1)                     ; 0                 ; 0          ; 0    ; 0            ; |logisimTopLevelShell|OSMAN:CIRCUIT_0|ProgramskiBrojac:PB|D_FLIPFLOP:MEMORY_10                                                                                                                                                                                                                                                                                   ; D_FLIPFLOP                        ; work         ;
;          |D_FLIPFLOP:MEMORY_11|                                                                                                         ; 0 (0)               ; 1 (1)                     ; 0                 ; 0          ; 0    ; 0            ; |logisimTopLevelShell|OSMAN:CIRCUIT_0|ProgramskiBrojac:PB|D_FLIPFLOP:MEMORY_11                                                                                                                                                                                                                                                                                   ; D_FLIPFLOP                        ; work         ;
;          |D_FLIPFLOP:MEMORY_12|                                                                                                         ; 0 (0)               ; 1 (1)                     ; 0                 ; 0          ; 0    ; 0            ; |logisimTopLevelShell|OSMAN:CIRCUIT_0|ProgramskiBrojac:PB|D_FLIPFLOP:MEMORY_12                                                                                                                                                                                                                                                                                   ; D_FLIPFLOP                        ; work         ;
;          |D_FLIPFLOP:MEMORY_13|                                                                                                         ; 0 (0)               ; 1 (1)                     ; 0                 ; 0          ; 0    ; 0            ; |logisimTopLevelShell|OSMAN:CIRCUIT_0|ProgramskiBrojac:PB|D_FLIPFLOP:MEMORY_13                                                                                                                                                                                                                                                                                   ; D_FLIPFLOP                        ; work         ;
;          |D_FLIPFLOP:MEMORY_14|                                                                                                         ; 0 (0)               ; 1 (1)                     ; 0                 ; 0          ; 0    ; 0            ; |logisimTopLevelShell|OSMAN:CIRCUIT_0|ProgramskiBrojac:PB|D_FLIPFLOP:MEMORY_14                                                                                                                                                                                                                                                                                   ; D_FLIPFLOP                        ; work         ;
;          |D_FLIPFLOP:MEMORY_15|                                                                                                         ; 0 (0)               ; 1 (1)                     ; 0                 ; 0          ; 0    ; 0            ; |logisimTopLevelShell|OSMAN:CIRCUIT_0|ProgramskiBrojac:PB|D_FLIPFLOP:MEMORY_15                                                                                                                                                                                                                                                                                   ; D_FLIPFLOP                        ; work         ;
;          |D_FLIPFLOP:MEMORY_16|                                                                                                         ; 0 (0)               ; 1 (1)                     ; 0                 ; 0          ; 0    ; 0            ; |logisimTopLevelShell|OSMAN:CIRCUIT_0|ProgramskiBrojac:PB|D_FLIPFLOP:MEMORY_16                                                                                                                                                                                                                                                                                   ; D_FLIPFLOP                        ; work         ;
;          |D_FLIPFLOP:MEMORY_9|                                                                                                          ; 0 (0)               ; 1 (1)                     ; 0                 ; 0          ; 0    ; 0            ; |logisimTopLevelShell|OSMAN:CIRCUIT_0|ProgramskiBrojac:PB|D_FLIPFLOP:MEMORY_9                                                                                                                                                                                                                                                                                    ; D_FLIPFLOP                        ; work         ;
;       |RAMCONTENTS_MemorijaPodataka:MemorijaPodataka|                                                                                   ; 1 (1)               ; 28 (28)                   ; 2048              ; 0          ; 0    ; 0            ; |logisimTopLevelShell|OSMAN:CIRCUIT_0|RAMCONTENTS_MemorijaPodataka:MemorijaPodataka                                                                                                                                                                                                                                                                              ; RAMCONTENTS_MemorijaPodataka      ; work         ;
;          |altsyncram:s_memContents_rtl_0|                                                                                               ; 0 (0)               ; 0 (0)                     ; 2048              ; 0          ; 0    ; 0            ; |logisimTopLevelShell|OSMAN:CIRCUIT_0|RAMCONTENTS_MemorijaPodataka:MemorijaPodataka|altsyncram:s_memContents_rtl_0                                                                                                                                                                                                                                               ; altsyncram                        ; work         ;
;             |altsyncram_sro1:auto_generated|                                                                                            ; 0 (0)               ; 0 (0)                     ; 2048              ; 0          ; 0    ; 0            ; |logisimTopLevelShell|OSMAN:CIRCUIT_0|RAMCONTENTS_MemorijaPodataka:MemorijaPodataka|altsyncram:s_memContents_rtl_0|altsyncram_sro1:auto_generated                                                                                                                                                                                                                ; altsyncram_sro1                   ; work         ;
;       |RegistarskaDatoteka:RD|                                                                                                          ; 32 (0)              ; 64 (0)                    ; 0                 ; 0          ; 0    ; 0            ; |logisimTopLevelShell|OSMAN:CIRCUIT_0|RegistarskaDatoteka:RD                                                                                                                                                                                                                                                                                                     ; RegistarskaDatoteka               ; work         ;
;          |Decoder_8:PLEXERS_1|                                                                                                          ; 8 (8)               ; 0 (0)                     ; 0                 ; 0          ; 0    ; 0            ; |logisimTopLevelShell|OSMAN:CIRCUIT_0|RegistarskaDatoteka:RD|Decoder_8:PLEXERS_1                                                                                                                                                                                                                                                                                 ; Decoder_8                         ; work         ;
;          |Multiplexer_bus_8:PLEXERS_2|                                                                                                  ; 24 (24)             ; 0 (0)                     ; 0                 ; 0          ; 0    ; 0            ; |logisimTopLevelShell|OSMAN:CIRCUIT_0|RegistarskaDatoteka:RD|Multiplexer_bus_8:PLEXERS_2                                                                                                                                                                                                                                                                         ; Multiplexer_bus_8                 ; work         ;
;          |Registar8Bit:Registar8Bit_1|                                                                                                  ; 0 (0)               ; 8 (0)                     ; 0                 ; 0          ; 0    ; 0            ; |logisimTopLevelShell|OSMAN:CIRCUIT_0|RegistarskaDatoteka:RD|Registar8Bit:Registar8Bit_1                                                                                                                                                                                                                                                                         ; Registar8Bit                      ; work         ;
;             |D_FLIPFLOP:MEMORY_10|                                                                                                      ; 0 (0)               ; 1 (1)                     ; 0                 ; 0          ; 0    ; 0            ; |logisimTopLevelShell|OSMAN:CIRCUIT_0|RegistarskaDatoteka:RD|Registar8Bit:Registar8Bit_1|D_FLIPFLOP:MEMORY_10                                                                                                                                                                                                                                                    ; D_FLIPFLOP                        ; work         ;
;             |D_FLIPFLOP:MEMORY_11|                                                                                                      ; 0 (0)               ; 1 (1)                     ; 0                 ; 0          ; 0    ; 0            ; |logisimTopLevelShell|OSMAN:CIRCUIT_0|RegistarskaDatoteka:RD|Registar8Bit:Registar8Bit_1|D_FLIPFLOP:MEMORY_11                                                                                                                                                                                                                                                    ; D_FLIPFLOP                        ; work         ;
;             |D_FLIPFLOP:MEMORY_12|                                                                                                      ; 0 (0)               ; 1 (1)                     ; 0                 ; 0          ; 0    ; 0            ; |logisimTopLevelShell|OSMAN:CIRCUIT_0|RegistarskaDatoteka:RD|Registar8Bit:Registar8Bit_1|D_FLIPFLOP:MEMORY_12                                                                                                                                                                                                                                                    ; D_FLIPFLOP                        ; work         ;
;             |D_FLIPFLOP:MEMORY_13|                                                                                                      ; 0 (0)               ; 1 (1)                     ; 0                 ; 0          ; 0    ; 0            ; |logisimTopLevelShell|OSMAN:CIRCUIT_0|RegistarskaDatoteka:RD|Registar8Bit:Registar8Bit_1|D_FLIPFLOP:MEMORY_13                                                                                                                                                                                                                                                    ; D_FLIPFLOP                        ; work         ;
;             |D_FLIPFLOP:MEMORY_14|                                                                                                      ; 0 (0)               ; 1 (1)                     ; 0                 ; 0          ; 0    ; 0            ; |logisimTopLevelShell|OSMAN:CIRCUIT_0|RegistarskaDatoteka:RD|Registar8Bit:Registar8Bit_1|D_FLIPFLOP:MEMORY_14                                                                                                                                                                                                                                                    ; D_FLIPFLOP                        ; work         ;
;             |D_FLIPFLOP:MEMORY_15|                                                                                                      ; 0 (0)               ; 1 (1)                     ; 0                 ; 0          ; 0    ; 0            ; |logisimTopLevelShell|OSMAN:CIRCUIT_0|RegistarskaDatoteka:RD|Registar8Bit:Registar8Bit_1|D_FLIPFLOP:MEMORY_15                                                                                                                                                                                                                                                    ; D_FLIPFLOP                        ; work         ;
;             |D_FLIPFLOP:MEMORY_16|                                                                                                      ; 0 (0)               ; 1 (1)                     ; 0                 ; 0          ; 0    ; 0            ; |logisimTopLevelShell|OSMAN:CIRCUIT_0|RegistarskaDatoteka:RD|Registar8Bit:Registar8Bit_1|D_FLIPFLOP:MEMORY_16                                                                                                                                                                                                                                                    ; D_FLIPFLOP                        ; work         ;
;             |D_FLIPFLOP:MEMORY_9|                                                                                                       ; 0 (0)               ; 1 (1)                     ; 0                 ; 0          ; 0    ; 0            ; |logisimTopLevelShell|OSMAN:CIRCUIT_0|RegistarskaDatoteka:RD|Registar8Bit:Registar8Bit_1|D_FLIPFLOP:MEMORY_9                                                                                                                                                                                                                                                     ; D_FLIPFLOP                        ; work         ;
;          |Registar8Bit:Registar8Bit_2|                                                                                                  ; 0 (0)               ; 8 (0)                     ; 0                 ; 0          ; 0    ; 0            ; |logisimTopLevelShell|OSMAN:CIRCUIT_0|RegistarskaDatoteka:RD|Registar8Bit:Registar8Bit_2                                                                                                                                                                                                                                                                         ; Registar8Bit                      ; work         ;
;             |D_FLIPFLOP:MEMORY_10|                                                                                                      ; 0 (0)               ; 1 (1)                     ; 0                 ; 0          ; 0    ; 0            ; |logisimTopLevelShell|OSMAN:CIRCUIT_0|RegistarskaDatoteka:RD|Registar8Bit:Registar8Bit_2|D_FLIPFLOP:MEMORY_10                                                                                                                                                                                                                                                    ; D_FLIPFLOP                        ; work         ;
;             |D_FLIPFLOP:MEMORY_11|                                                                                                      ; 0 (0)               ; 1 (1)                     ; 0                 ; 0          ; 0    ; 0            ; |logisimTopLevelShell|OSMAN:CIRCUIT_0|RegistarskaDatoteka:RD|Registar8Bit:Registar8Bit_2|D_FLIPFLOP:MEMORY_11                                                                                                                                                                                                                                                    ; D_FLIPFLOP                        ; work         ;
;             |D_FLIPFLOP:MEMORY_12|                                                                                                      ; 0 (0)               ; 1 (1)                     ; 0                 ; 0          ; 0    ; 0            ; |logisimTopLevelShell|OSMAN:CIRCUIT_0|RegistarskaDatoteka:RD|Registar8Bit:Registar8Bit_2|D_FLIPFLOP:MEMORY_12                                                                                                                                                                                                                                                    ; D_FLIPFLOP                        ; work         ;
;             |D_FLIPFLOP:MEMORY_13|                                                                                                      ; 0 (0)               ; 1 (1)                     ; 0                 ; 0          ; 0    ; 0            ; |logisimTopLevelShell|OSMAN:CIRCUIT_0|RegistarskaDatoteka:RD|Registar8Bit:Registar8Bit_2|D_FLIPFLOP:MEMORY_13                                                                                                                                                                                                                                                    ; D_FLIPFLOP                        ; work         ;
;             |D_FLIPFLOP:MEMORY_14|                                                                                                      ; 0 (0)               ; 1 (1)                     ; 0                 ; 0          ; 0    ; 0            ; |logisimTopLevelShell|OSMAN:CIRCUIT_0|RegistarskaDatoteka:RD|Registar8Bit:Registar8Bit_2|D_FLIPFLOP:MEMORY_14                                                                                                                                                                                                                                                    ; D_FLIPFLOP                        ; work         ;
;             |D_FLIPFLOP:MEMORY_15|                                                                                                      ; 0 (0)               ; 1 (1)                     ; 0                 ; 0          ; 0    ; 0            ; |logisimTopLevelShell|OSMAN:CIRCUIT_0|RegistarskaDatoteka:RD|Registar8Bit:Registar8Bit_2|D_FLIPFLOP:MEMORY_15                                                                                                                                                                                                                                                    ; D_FLIPFLOP                        ; work         ;
;             |D_FLIPFLOP:MEMORY_16|                                                                                                      ; 0 (0)               ; 1 (1)                     ; 0                 ; 0          ; 0    ; 0            ; |logisimTopLevelShell|OSMAN:CIRCUIT_0|RegistarskaDatoteka:RD|Registar8Bit:Registar8Bit_2|D_FLIPFLOP:MEMORY_16                                                                                                                                                                                                                                                    ; D_FLIPFLOP                        ; work         ;
;             |D_FLIPFLOP:MEMORY_9|                                                                                                       ; 0 (0)               ; 1 (1)                     ; 0                 ; 0          ; 0    ; 0            ; |logisimTopLevelShell|OSMAN:CIRCUIT_0|RegistarskaDatoteka:RD|Registar8Bit:Registar8Bit_2|D_FLIPFLOP:MEMORY_9                                                                                                                                                                                                                                                     ; D_FLIPFLOP                        ; work         ;
;          |Registar8Bit:Registar8Bit_3|                                                                                                  ; 0 (0)               ; 8 (0)                     ; 0                 ; 0          ; 0    ; 0            ; |logisimTopLevelShell|OSMAN:CIRCUIT_0|RegistarskaDatoteka:RD|Registar8Bit:Registar8Bit_3                                                                                                                                                                                                                                                                         ; Registar8Bit                      ; work         ;
;             |D_FLIPFLOP:MEMORY_10|                                                                                                      ; 0 (0)               ; 1 (1)                     ; 0                 ; 0          ; 0    ; 0            ; |logisimTopLevelShell|OSMAN:CIRCUIT_0|RegistarskaDatoteka:RD|Registar8Bit:Registar8Bit_3|D_FLIPFLOP:MEMORY_10                                                                                                                                                                                                                                                    ; D_FLIPFLOP                        ; work         ;
;             |D_FLIPFLOP:MEMORY_11|                                                                                                      ; 0 (0)               ; 1 (1)                     ; 0                 ; 0          ; 0    ; 0            ; |logisimTopLevelShell|OSMAN:CIRCUIT_0|RegistarskaDatoteka:RD|Registar8Bit:Registar8Bit_3|D_FLIPFLOP:MEMORY_11                                                                                                                                                                                                                                                    ; D_FLIPFLOP                        ; work         ;
;             |D_FLIPFLOP:MEMORY_12|                                                                                                      ; 0 (0)               ; 1 (1)                     ; 0                 ; 0          ; 0    ; 0            ; |logisimTopLevelShell|OSMAN:CIRCUIT_0|RegistarskaDatoteka:RD|Registar8Bit:Registar8Bit_3|D_FLIPFLOP:MEMORY_12                                                                                                                                                                                                                                                    ; D_FLIPFLOP                        ; work         ;
;             |D_FLIPFLOP:MEMORY_13|                                                                                                      ; 0 (0)               ; 1 (1)                     ; 0                 ; 0          ; 0    ; 0            ; |logisimTopLevelShell|OSMAN:CIRCUIT_0|RegistarskaDatoteka:RD|Registar8Bit:Registar8Bit_3|D_FLIPFLOP:MEMORY_13                                                                                                                                                                                                                                                    ; D_FLIPFLOP                        ; work         ;
;             |D_FLIPFLOP:MEMORY_14|                                                                                                      ; 0 (0)               ; 1 (1)                     ; 0                 ; 0          ; 0    ; 0            ; |logisimTopLevelShell|OSMAN:CIRCUIT_0|RegistarskaDatoteka:RD|Registar8Bit:Registar8Bit_3|D_FLIPFLOP:MEMORY_14                                                                                                                                                                                                                                                    ; D_FLIPFLOP                        ; work         ;
;             |D_FLIPFLOP:MEMORY_15|                                                                                                      ; 0 (0)               ; 1 (1)                     ; 0                 ; 0          ; 0    ; 0            ; |logisimTopLevelShell|OSMAN:CIRCUIT_0|RegistarskaDatoteka:RD|Registar8Bit:Registar8Bit_3|D_FLIPFLOP:MEMORY_15                                                                                                                                                                                                                                                    ; D_FLIPFLOP                        ; work         ;
;             |D_FLIPFLOP:MEMORY_16|                                                                                                      ; 0 (0)               ; 1 (1)                     ; 0                 ; 0          ; 0    ; 0            ; |logisimTopLevelShell|OSMAN:CIRCUIT_0|RegistarskaDatoteka:RD|Registar8Bit:Registar8Bit_3|D_FLIPFLOP:MEMORY_16                                                                                                                                                                                                                                                    ; D_FLIPFLOP                        ; work         ;
;             |D_FLIPFLOP:MEMORY_9|                                                                                                       ; 0 (0)               ; 1 (1)                     ; 0                 ; 0          ; 0    ; 0            ; |logisimTopLevelShell|OSMAN:CIRCUIT_0|RegistarskaDatoteka:RD|Registar8Bit:Registar8Bit_3|D_FLIPFLOP:MEMORY_9                                                                                                                                                                                                                                                     ; D_FLIPFLOP                        ; work         ;
;          |Registar8Bit:Registar8Bit_4|                                                                                                  ; 0 (0)               ; 8 (0)                     ; 0                 ; 0          ; 0    ; 0            ; |logisimTopLevelShell|OSMAN:CIRCUIT_0|RegistarskaDatoteka:RD|Registar8Bit:Registar8Bit_4                                                                                                                                                                                                                                                                         ; Registar8Bit                      ; work         ;
;             |D_FLIPFLOP:MEMORY_10|                                                                                                      ; 0 (0)               ; 1 (1)                     ; 0                 ; 0          ; 0    ; 0            ; |logisimTopLevelShell|OSMAN:CIRCUIT_0|RegistarskaDatoteka:RD|Registar8Bit:Registar8Bit_4|D_FLIPFLOP:MEMORY_10                                                                                                                                                                                                                                                    ; D_FLIPFLOP                        ; work         ;
;             |D_FLIPFLOP:MEMORY_11|                                                                                                      ; 0 (0)               ; 1 (1)                     ; 0                 ; 0          ; 0    ; 0            ; |logisimTopLevelShell|OSMAN:CIRCUIT_0|RegistarskaDatoteka:RD|Registar8Bit:Registar8Bit_4|D_FLIPFLOP:MEMORY_11                                                                                                                                                                                                                                                    ; D_FLIPFLOP                        ; work         ;
;             |D_FLIPFLOP:MEMORY_12|                                                                                                      ; 0 (0)               ; 1 (1)                     ; 0                 ; 0          ; 0    ; 0            ; |logisimTopLevelShell|OSMAN:CIRCUIT_0|RegistarskaDatoteka:RD|Registar8Bit:Registar8Bit_4|D_FLIPFLOP:MEMORY_12                                                                                                                                                                                                                                                    ; D_FLIPFLOP                        ; work         ;
;             |D_FLIPFLOP:MEMORY_13|                                                                                                      ; 0 (0)               ; 1 (1)                     ; 0                 ; 0          ; 0    ; 0            ; |logisimTopLevelShell|OSMAN:CIRCUIT_0|RegistarskaDatoteka:RD|Registar8Bit:Registar8Bit_4|D_FLIPFLOP:MEMORY_13                                                                                                                                                                                                                                                    ; D_FLIPFLOP                        ; work         ;
;             |D_FLIPFLOP:MEMORY_14|                                                                                                      ; 0 (0)               ; 1 (1)                     ; 0                 ; 0          ; 0    ; 0            ; |logisimTopLevelShell|OSMAN:CIRCUIT_0|RegistarskaDatoteka:RD|Registar8Bit:Registar8Bit_4|D_FLIPFLOP:MEMORY_14                                                                                                                                                                                                                                                    ; D_FLIPFLOP                        ; work         ;
;             |D_FLIPFLOP:MEMORY_15|                                                                                                      ; 0 (0)               ; 1 (1)                     ; 0                 ; 0          ; 0    ; 0            ; |logisimTopLevelShell|OSMAN:CIRCUIT_0|RegistarskaDatoteka:RD|Registar8Bit:Registar8Bit_4|D_FLIPFLOP:MEMORY_15                                                                                                                                                                                                                                                    ; D_FLIPFLOP                        ; work         ;
;             |D_FLIPFLOP:MEMORY_16|                                                                                                      ; 0 (0)               ; 1 (1)                     ; 0                 ; 0          ; 0    ; 0            ; |logisimTopLevelShell|OSMAN:CIRCUIT_0|RegistarskaDatoteka:RD|Registar8Bit:Registar8Bit_4|D_FLIPFLOP:MEMORY_16                                                                                                                                                                                                                                                    ; D_FLIPFLOP                        ; work         ;
;             |D_FLIPFLOP:MEMORY_9|                                                                                                       ; 0 (0)               ; 1 (1)                     ; 0                 ; 0          ; 0    ; 0            ; |logisimTopLevelShell|OSMAN:CIRCUIT_0|RegistarskaDatoteka:RD|Registar8Bit:Registar8Bit_4|D_FLIPFLOP:MEMORY_9                                                                                                                                                                                                                                                     ; D_FLIPFLOP                        ; work         ;
;          |Registar8Bit:Registar8Bit_5|                                                                                                  ; 0 (0)               ; 8 (0)                     ; 0                 ; 0          ; 0    ; 0            ; |logisimTopLevelShell|OSMAN:CIRCUIT_0|RegistarskaDatoteka:RD|Registar8Bit:Registar8Bit_5                                                                                                                                                                                                                                                                         ; Registar8Bit                      ; work         ;
;             |D_FLIPFLOP:MEMORY_10|                                                                                                      ; 0 (0)               ; 1 (1)                     ; 0                 ; 0          ; 0    ; 0            ; |logisimTopLevelShell|OSMAN:CIRCUIT_0|RegistarskaDatoteka:RD|Registar8Bit:Registar8Bit_5|D_FLIPFLOP:MEMORY_10                                                                                                                                                                                                                                                    ; D_FLIPFLOP                        ; work         ;
;             |D_FLIPFLOP:MEMORY_11|                                                                                                      ; 0 (0)               ; 1 (1)                     ; 0                 ; 0          ; 0    ; 0            ; |logisimTopLevelShell|OSMAN:CIRCUIT_0|RegistarskaDatoteka:RD|Registar8Bit:Registar8Bit_5|D_FLIPFLOP:MEMORY_11                                                                                                                                                                                                                                                    ; D_FLIPFLOP                        ; work         ;
;             |D_FLIPFLOP:MEMORY_12|                                                                                                      ; 0 (0)               ; 1 (1)                     ; 0                 ; 0          ; 0    ; 0            ; |logisimTopLevelShell|OSMAN:CIRCUIT_0|RegistarskaDatoteka:RD|Registar8Bit:Registar8Bit_5|D_FLIPFLOP:MEMORY_12                                                                                                                                                                                                                                                    ; D_FLIPFLOP                        ; work         ;
;             |D_FLIPFLOP:MEMORY_13|                                                                                                      ; 0 (0)               ; 1 (1)                     ; 0                 ; 0          ; 0    ; 0            ; |logisimTopLevelShell|OSMAN:CIRCUIT_0|RegistarskaDatoteka:RD|Registar8Bit:Registar8Bit_5|D_FLIPFLOP:MEMORY_13                                                                                                                                                                                                                                                    ; D_FLIPFLOP                        ; work         ;
;             |D_FLIPFLOP:MEMORY_14|                                                                                                      ; 0 (0)               ; 1 (1)                     ; 0                 ; 0          ; 0    ; 0            ; |logisimTopLevelShell|OSMAN:CIRCUIT_0|RegistarskaDatoteka:RD|Registar8Bit:Registar8Bit_5|D_FLIPFLOP:MEMORY_14                                                                                                                                                                                                                                                    ; D_FLIPFLOP                        ; work         ;
;             |D_FLIPFLOP:MEMORY_15|                                                                                                      ; 0 (0)               ; 1 (1)                     ; 0                 ; 0          ; 0    ; 0            ; |logisimTopLevelShell|OSMAN:CIRCUIT_0|RegistarskaDatoteka:RD|Registar8Bit:Registar8Bit_5|D_FLIPFLOP:MEMORY_15                                                                                                                                                                                                                                                    ; D_FLIPFLOP                        ; work         ;
;             |D_FLIPFLOP:MEMORY_16|                                                                                                      ; 0 (0)               ; 1 (1)                     ; 0                 ; 0          ; 0    ; 0            ; |logisimTopLevelShell|OSMAN:CIRCUIT_0|RegistarskaDatoteka:RD|Registar8Bit:Registar8Bit_5|D_FLIPFLOP:MEMORY_16                                                                                                                                                                                                                                                    ; D_FLIPFLOP                        ; work         ;
;             |D_FLIPFLOP:MEMORY_9|                                                                                                       ; 0 (0)               ; 1 (1)                     ; 0                 ; 0          ; 0    ; 0            ; |logisimTopLevelShell|OSMAN:CIRCUIT_0|RegistarskaDatoteka:RD|Registar8Bit:Registar8Bit_5|D_FLIPFLOP:MEMORY_9                                                                                                                                                                                                                                                     ; D_FLIPFLOP                        ; work         ;
;          |Registar8Bit:Registar8Bit_6|                                                                                                  ; 0 (0)               ; 8 (0)                     ; 0                 ; 0          ; 0    ; 0            ; |logisimTopLevelShell|OSMAN:CIRCUIT_0|RegistarskaDatoteka:RD|Registar8Bit:Registar8Bit_6                                                                                                                                                                                                                                                                         ; Registar8Bit                      ; work         ;
;             |D_FLIPFLOP:MEMORY_10|                                                                                                      ; 0 (0)               ; 1 (1)                     ; 0                 ; 0          ; 0    ; 0            ; |logisimTopLevelShell|OSMAN:CIRCUIT_0|RegistarskaDatoteka:RD|Registar8Bit:Registar8Bit_6|D_FLIPFLOP:MEMORY_10                                                                                                                                                                                                                                                    ; D_FLIPFLOP                        ; work         ;
;             |D_FLIPFLOP:MEMORY_11|                                                                                                      ; 0 (0)               ; 1 (1)                     ; 0                 ; 0          ; 0    ; 0            ; |logisimTopLevelShell|OSMAN:CIRCUIT_0|RegistarskaDatoteka:RD|Registar8Bit:Registar8Bit_6|D_FLIPFLOP:MEMORY_11                                                                                                                                                                                                                                                    ; D_FLIPFLOP                        ; work         ;
;             |D_FLIPFLOP:MEMORY_12|                                                                                                      ; 0 (0)               ; 1 (1)                     ; 0                 ; 0          ; 0    ; 0            ; |logisimTopLevelShell|OSMAN:CIRCUIT_0|RegistarskaDatoteka:RD|Registar8Bit:Registar8Bit_6|D_FLIPFLOP:MEMORY_12                                                                                                                                                                                                                                                    ; D_FLIPFLOP                        ; work         ;
;             |D_FLIPFLOP:MEMORY_13|                                                                                                      ; 0 (0)               ; 1 (1)                     ; 0                 ; 0          ; 0    ; 0            ; |logisimTopLevelShell|OSMAN:CIRCUIT_0|RegistarskaDatoteka:RD|Registar8Bit:Registar8Bit_6|D_FLIPFLOP:MEMORY_13                                                                                                                                                                                                                                                    ; D_FLIPFLOP                        ; work         ;
;             |D_FLIPFLOP:MEMORY_14|                                                                                                      ; 0 (0)               ; 1 (1)                     ; 0                 ; 0          ; 0    ; 0            ; |logisimTopLevelShell|OSMAN:CIRCUIT_0|RegistarskaDatoteka:RD|Registar8Bit:Registar8Bit_6|D_FLIPFLOP:MEMORY_14                                                                                                                                                                                                                                                    ; D_FLIPFLOP                        ; work         ;
;             |D_FLIPFLOP:MEMORY_15|                                                                                                      ; 0 (0)               ; 1 (1)                     ; 0                 ; 0          ; 0    ; 0            ; |logisimTopLevelShell|OSMAN:CIRCUIT_0|RegistarskaDatoteka:RD|Registar8Bit:Registar8Bit_6|D_FLIPFLOP:MEMORY_15                                                                                                                                                                                                                                                    ; D_FLIPFLOP                        ; work         ;
;             |D_FLIPFLOP:MEMORY_16|                                                                                                      ; 0 (0)               ; 1 (1)                     ; 0                 ; 0          ; 0    ; 0            ; |logisimTopLevelShell|OSMAN:CIRCUIT_0|RegistarskaDatoteka:RD|Registar8Bit:Registar8Bit_6|D_FLIPFLOP:MEMORY_16                                                                                                                                                                                                                                                    ; D_FLIPFLOP                        ; work         ;
;             |D_FLIPFLOP:MEMORY_9|                                                                                                       ; 0 (0)               ; 1 (1)                     ; 0                 ; 0          ; 0    ; 0            ; |logisimTopLevelShell|OSMAN:CIRCUIT_0|RegistarskaDatoteka:RD|Registar8Bit:Registar8Bit_6|D_FLIPFLOP:MEMORY_9                                                                                                                                                                                                                                                     ; D_FLIPFLOP                        ; work         ;
;          |Registar8Bit:Registar8Bit_7|                                                                                                  ; 0 (0)               ; 8 (0)                     ; 0                 ; 0          ; 0    ; 0            ; |logisimTopLevelShell|OSMAN:CIRCUIT_0|RegistarskaDatoteka:RD|Registar8Bit:Registar8Bit_7                                                                                                                                                                                                                                                                         ; Registar8Bit                      ; work         ;
;             |D_FLIPFLOP:MEMORY_10|                                                                                                      ; 0 (0)               ; 1 (1)                     ; 0                 ; 0          ; 0    ; 0            ; |logisimTopLevelShell|OSMAN:CIRCUIT_0|RegistarskaDatoteka:RD|Registar8Bit:Registar8Bit_7|D_FLIPFLOP:MEMORY_10                                                                                                                                                                                                                                                    ; D_FLIPFLOP                        ; work         ;
;             |D_FLIPFLOP:MEMORY_11|                                                                                                      ; 0 (0)               ; 1 (1)                     ; 0                 ; 0          ; 0    ; 0            ; |logisimTopLevelShell|OSMAN:CIRCUIT_0|RegistarskaDatoteka:RD|Registar8Bit:Registar8Bit_7|D_FLIPFLOP:MEMORY_11                                                                                                                                                                                                                                                    ; D_FLIPFLOP                        ; work         ;
;             |D_FLIPFLOP:MEMORY_12|                                                                                                      ; 0 (0)               ; 1 (1)                     ; 0                 ; 0          ; 0    ; 0            ; |logisimTopLevelShell|OSMAN:CIRCUIT_0|RegistarskaDatoteka:RD|Registar8Bit:Registar8Bit_7|D_FLIPFLOP:MEMORY_12                                                                                                                                                                                                                                                    ; D_FLIPFLOP                        ; work         ;
;             |D_FLIPFLOP:MEMORY_13|                                                                                                      ; 0 (0)               ; 1 (1)                     ; 0                 ; 0          ; 0    ; 0            ; |logisimTopLevelShell|OSMAN:CIRCUIT_0|RegistarskaDatoteka:RD|Registar8Bit:Registar8Bit_7|D_FLIPFLOP:MEMORY_13                                                                                                                                                                                                                                                    ; D_FLIPFLOP                        ; work         ;
;             |D_FLIPFLOP:MEMORY_14|                                                                                                      ; 0 (0)               ; 1 (1)                     ; 0                 ; 0          ; 0    ; 0            ; |logisimTopLevelShell|OSMAN:CIRCUIT_0|RegistarskaDatoteka:RD|Registar8Bit:Registar8Bit_7|D_FLIPFLOP:MEMORY_14                                                                                                                                                                                                                                                    ; D_FLIPFLOP                        ; work         ;
;             |D_FLIPFLOP:MEMORY_15|                                                                                                      ; 0 (0)               ; 1 (1)                     ; 0                 ; 0          ; 0    ; 0            ; |logisimTopLevelShell|OSMAN:CIRCUIT_0|RegistarskaDatoteka:RD|Registar8Bit:Registar8Bit_7|D_FLIPFLOP:MEMORY_15                                                                                                                                                                                                                                                    ; D_FLIPFLOP                        ; work         ;
;             |D_FLIPFLOP:MEMORY_16|                                                                                                      ; 0 (0)               ; 1 (1)                     ; 0                 ; 0          ; 0    ; 0            ; |logisimTopLevelShell|OSMAN:CIRCUIT_0|RegistarskaDatoteka:RD|Registar8Bit:Registar8Bit_7|D_FLIPFLOP:MEMORY_16                                                                                                                                                                                                                                                    ; D_FLIPFLOP                        ; work         ;
;             |D_FLIPFLOP:MEMORY_9|                                                                                                       ; 0 (0)               ; 1 (1)                     ; 0                 ; 0          ; 0    ; 0            ; |logisimTopLevelShell|OSMAN:CIRCUIT_0|RegistarskaDatoteka:RD|Registar8Bit:Registar8Bit_7|D_FLIPFLOP:MEMORY_9                                                                                                                                                                                                                                                     ; D_FLIPFLOP                        ; work         ;
;          |Registar8Bit:Registar8Bit_8|                                                                                                  ; 0 (0)               ; 8 (0)                     ; 0                 ; 0          ; 0    ; 0            ; |logisimTopLevelShell|OSMAN:CIRCUIT_0|RegistarskaDatoteka:RD|Registar8Bit:Registar8Bit_8                                                                                                                                                                                                                                                                         ; Registar8Bit                      ; work         ;
;             |D_FLIPFLOP:MEMORY_10|                                                                                                      ; 0 (0)               ; 1 (1)                     ; 0                 ; 0          ; 0    ; 0            ; |logisimTopLevelShell|OSMAN:CIRCUIT_0|RegistarskaDatoteka:RD|Registar8Bit:Registar8Bit_8|D_FLIPFLOP:MEMORY_10                                                                                                                                                                                                                                                    ; D_FLIPFLOP                        ; work         ;
;             |D_FLIPFLOP:MEMORY_11|                                                                                                      ; 0 (0)               ; 1 (1)                     ; 0                 ; 0          ; 0    ; 0            ; |logisimTopLevelShell|OSMAN:CIRCUIT_0|RegistarskaDatoteka:RD|Registar8Bit:Registar8Bit_8|D_FLIPFLOP:MEMORY_11                                                                                                                                                                                                                                                    ; D_FLIPFLOP                        ; work         ;
;             |D_FLIPFLOP:MEMORY_12|                                                                                                      ; 0 (0)               ; 1 (1)                     ; 0                 ; 0          ; 0    ; 0            ; |logisimTopLevelShell|OSMAN:CIRCUIT_0|RegistarskaDatoteka:RD|Registar8Bit:Registar8Bit_8|D_FLIPFLOP:MEMORY_12                                                                                                                                                                                                                                                    ; D_FLIPFLOP                        ; work         ;
;             |D_FLIPFLOP:MEMORY_13|                                                                                                      ; 0 (0)               ; 1 (1)                     ; 0                 ; 0          ; 0    ; 0            ; |logisimTopLevelShell|OSMAN:CIRCUIT_0|RegistarskaDatoteka:RD|Registar8Bit:Registar8Bit_8|D_FLIPFLOP:MEMORY_13                                                                                                                                                                                                                                                    ; D_FLIPFLOP                        ; work         ;
;             |D_FLIPFLOP:MEMORY_14|                                                                                                      ; 0 (0)               ; 1 (1)                     ; 0                 ; 0          ; 0    ; 0            ; |logisimTopLevelShell|OSMAN:CIRCUIT_0|RegistarskaDatoteka:RD|Registar8Bit:Registar8Bit_8|D_FLIPFLOP:MEMORY_14                                                                                                                                                                                                                                                    ; D_FLIPFLOP                        ; work         ;
;             |D_FLIPFLOP:MEMORY_15|                                                                                                      ; 0 (0)               ; 1 (1)                     ; 0                 ; 0          ; 0    ; 0            ; |logisimTopLevelShell|OSMAN:CIRCUIT_0|RegistarskaDatoteka:RD|Registar8Bit:Registar8Bit_8|D_FLIPFLOP:MEMORY_15                                                                                                                                                                                                                                                    ; D_FLIPFLOP                        ; work         ;
;             |D_FLIPFLOP:MEMORY_16|                                                                                                      ; 0 (0)               ; 1 (1)                     ; 0                 ; 0          ; 0    ; 0            ; |logisimTopLevelShell|OSMAN:CIRCUIT_0|RegistarskaDatoteka:RD|Registar8Bit:Registar8Bit_8|D_FLIPFLOP:MEMORY_16                                                                                                                                                                                                                                                    ; D_FLIPFLOP                        ; work         ;
;             |D_FLIPFLOP:MEMORY_9|                                                                                                       ; 0 (0)               ; 1 (1)                     ; 0                 ; 0          ; 0    ; 0            ; |logisimTopLevelShell|OSMAN:CIRCUIT_0|RegistarskaDatoteka:RD|Registar8Bit:Registar8Bit_8|D_FLIPFLOP:MEMORY_9                                                                                                                                                                                                                                                     ; D_FLIPFLOP                        ; work         ;
;       |Sabirac:PBSab|                                                                                                                   ; 6 (0)               ; 0 (0)                     ; 0                 ; 0          ; 0    ; 0            ; |logisimTopLevelShell|OSMAN:CIRCUIT_0|Sabirac:PBSab                                                                                                                                                                                                                                                                                                              ; Sabirac                           ; work         ;
;          |FullAdder:FullAdder_1|                                                                                                        ; 1 (0)               ; 0 (0)                     ; 0                 ; 0          ; 0    ; 0            ; |logisimTopLevelShell|OSMAN:CIRCUIT_0|Sabirac:PBSab|FullAdder:FullAdder_1                                                                                                                                                                                                                                                                                        ; FullAdder                         ; work         ;
;             |XOR_GATE_ONEHOT:GATES_2|                                                                                                   ; 1 (1)               ; 0 (0)                     ; 0                 ; 0          ; 0    ; 0            ; |logisimTopLevelShell|OSMAN:CIRCUIT_0|Sabirac:PBSab|FullAdder:FullAdder_1|XOR_GATE_ONEHOT:GATES_2                                                                                                                                                                                                                                                                ; XOR_GATE_ONEHOT                   ; work         ;
;          |FullAdder:FullAdder_3|                                                                                                        ; 1 (0)               ; 0 (0)                     ; 0                 ; 0          ; 0    ; 0            ; |logisimTopLevelShell|OSMAN:CIRCUIT_0|Sabirac:PBSab|FullAdder:FullAdder_3                                                                                                                                                                                                                                                                                        ; FullAdder                         ; work         ;
;             |XOR_GATE_ONEHOT:GATES_2|                                                                                                   ; 1 (1)               ; 0 (0)                     ; 0                 ; 0          ; 0    ; 0            ; |logisimTopLevelShell|OSMAN:CIRCUIT_0|Sabirac:PBSab|FullAdder:FullAdder_3|XOR_GATE_ONEHOT:GATES_2                                                                                                                                                                                                                                                                ; XOR_GATE_ONEHOT                   ; work         ;
;          |FullAdder:FullAdder_4|                                                                                                        ; 2 (0)               ; 0 (0)                     ; 0                 ; 0          ; 0    ; 0            ; |logisimTopLevelShell|OSMAN:CIRCUIT_0|Sabirac:PBSab|FullAdder:FullAdder_4                                                                                                                                                                                                                                                                                        ; FullAdder                         ; work         ;
;             |XOR_GATE_ONEHOT:GATES_2|                                                                                                   ; 2 (2)               ; 0 (0)                     ; 0                 ; 0          ; 0    ; 0            ; |logisimTopLevelShell|OSMAN:CIRCUIT_0|Sabirac:PBSab|FullAdder:FullAdder_4|XOR_GATE_ONEHOT:GATES_2                                                                                                                                                                                                                                                                ; XOR_GATE_ONEHOT                   ; work         ;
;          |FullAdder:FullAdder_5|                                                                                                        ; 1 (0)               ; 0 (0)                     ; 0                 ; 0          ; 0    ; 0            ; |logisimTopLevelShell|OSMAN:CIRCUIT_0|Sabirac:PBSab|FullAdder:FullAdder_5                                                                                                                                                                                                                                                                                        ; FullAdder                         ; work         ;
;             |XOR_GATE_ONEHOT:GATES_2|                                                                                                   ; 1 (1)               ; 0 (0)                     ; 0                 ; 0          ; 0    ; 0            ; |logisimTopLevelShell|OSMAN:CIRCUIT_0|Sabirac:PBSab|FullAdder:FullAdder_5|XOR_GATE_ONEHOT:GATES_2                                                                                                                                                                                                                                                                ; XOR_GATE_ONEHOT                   ; work         ;
;          |FullAdder:FullAdder_6|                                                                                                        ; 1 (0)               ; 0 (0)                     ; 0                 ; 0          ; 0    ; 0            ; |logisimTopLevelShell|OSMAN:CIRCUIT_0|Sabirac:PBSab|FullAdder:FullAdder_6                                                                                                                                                                                                                                                                                        ; FullAdder                         ; work         ;
;             |XOR_GATE_ONEHOT:GATES_2|                                                                                                   ; 1 (1)               ; 0 (0)                     ; 0                 ; 0          ; 0    ; 0            ; |logisimTopLevelShell|OSMAN:CIRCUIT_0|Sabirac:PBSab|FullAdder:FullAdder_6|XOR_GATE_ONEHOT:GATES_2                                                                                                                                                                                                                                                                ; XOR_GATE_ONEHOT                   ; work         ;
;       |StatusniRegistar:SR|                                                                                                             ; 1 (0)               ; 4 (0)                     ; 0                 ; 0          ; 0    ; 0            ; |logisimTopLevelShell|OSMAN:CIRCUIT_0|StatusniRegistar:SR                                                                                                                                                                                                                                                                                                        ; StatusniRegistar                  ; work         ;
;          |D_FLIPFLOP:MEMORY_5|                                                                                                          ; 0 (0)               ; 1 (1)                     ; 0                 ; 0          ; 0    ; 0            ; |logisimTopLevelShell|OSMAN:CIRCUIT_0|StatusniRegistar:SR|D_FLIPFLOP:MEMORY_5                                                                                                                                                                                                                                                                                    ; D_FLIPFLOP                        ; work         ;
;          |D_FLIPFLOP:MEMORY_6|                                                                                                          ; 0 (0)               ; 1 (1)                     ; 0                 ; 0          ; 0    ; 0            ; |logisimTopLevelShell|OSMAN:CIRCUIT_0|StatusniRegistar:SR|D_FLIPFLOP:MEMORY_6                                                                                                                                                                                                                                                                                    ; D_FLIPFLOP                        ; work         ;
;          |D_FLIPFLOP:MEMORY_7|                                                                                                          ; 1 (1)               ; 1 (1)                     ; 0                 ; 0          ; 0    ; 0            ; |logisimTopLevelShell|OSMAN:CIRCUIT_0|StatusniRegistar:SR|D_FLIPFLOP:MEMORY_7                                                                                                                                                                                                                                                                                    ; D_FLIPFLOP                        ; work         ;
;          |D_FLIPFLOP:MEMORY_8|                                                                                                          ; 0 (0)               ; 1 (1)                     ; 0                 ; 0          ; 0    ; 0            ; |logisimTopLevelShell|OSMAN:CIRCUIT_0|StatusniRegistar:SR|D_FLIPFLOP:MEMORY_8                                                                                                                                                                                                                                                                                    ; D_FLIPFLOP                        ; work         ;
;       |UIKontroler:UI_Kontroler|                                                                                                        ; 7 (0)               ; 40 (0)                    ; 0                 ; 0          ; 0    ; 0            ; |logisimTopLevelShell|OSMAN:CIRCUIT_0|UIKontroler:UI_Kontroler                                                                                                                                                                                                                                                                                                   ; UIKontroler                       ; work         ;
;          |Decoder_4:PLEXERS_1|                                                                                                          ; 3 (3)               ; 0 (0)                     ; 0                 ; 0          ; 0    ; 0            ; |logisimTopLevelShell|OSMAN:CIRCUIT_0|UIKontroler:UI_Kontroler|Decoder_4:PLEXERS_1                                                                                                                                                                                                                                                                               ; Decoder_4                         ; work         ;
;          |Registar8Bit:UIIzlazniReg1|                                                                                                   ; 1 (0)               ; 7 (0)                     ; 0                 ; 0          ; 0    ; 0            ; |logisimTopLevelShell|OSMAN:CIRCUIT_0|UIKontroler:UI_Kontroler|Registar8Bit:UIIzlazniReg1                                                                                                                                                                                                                                                                        ; Registar8Bit                      ; work         ;
;             |D_FLIPFLOP:MEMORY_10|                                                                                                      ; 0 (0)               ; 1 (1)                     ; 0                 ; 0          ; 0    ; 0            ; |logisimTopLevelShell|OSMAN:CIRCUIT_0|UIKontroler:UI_Kontroler|Registar8Bit:UIIzlazniReg1|D_FLIPFLOP:MEMORY_10                                                                                                                                                                                                                                                   ; D_FLIPFLOP                        ; work         ;
;             |D_FLIPFLOP:MEMORY_11|                                                                                                      ; 0 (0)               ; 1 (1)                     ; 0                 ; 0          ; 0    ; 0            ; |logisimTopLevelShell|OSMAN:CIRCUIT_0|UIKontroler:UI_Kontroler|Registar8Bit:UIIzlazniReg1|D_FLIPFLOP:MEMORY_11                                                                                                                                                                                                                                                   ; D_FLIPFLOP                        ; work         ;
;             |D_FLIPFLOP:MEMORY_12|                                                                                                      ; 0 (0)               ; 1 (1)                     ; 0                 ; 0          ; 0    ; 0            ; |logisimTopLevelShell|OSMAN:CIRCUIT_0|UIKontroler:UI_Kontroler|Registar8Bit:UIIzlazniReg1|D_FLIPFLOP:MEMORY_12                                                                                                                                                                                                                                                   ; D_FLIPFLOP                        ; work         ;
;             |D_FLIPFLOP:MEMORY_13|                                                                                                      ; 0 (0)               ; 1 (1)                     ; 0                 ; 0          ; 0    ; 0            ; |logisimTopLevelShell|OSMAN:CIRCUIT_0|UIKontroler:UI_Kontroler|Registar8Bit:UIIzlazniReg1|D_FLIPFLOP:MEMORY_13                                                                                                                                                                                                                                                   ; D_FLIPFLOP                        ; work         ;
;             |D_FLIPFLOP:MEMORY_14|                                                                                                      ; 0 (0)               ; 1 (1)                     ; 0                 ; 0          ; 0    ; 0            ; |logisimTopLevelShell|OSMAN:CIRCUIT_0|UIKontroler:UI_Kontroler|Registar8Bit:UIIzlazniReg1|D_FLIPFLOP:MEMORY_14                                                                                                                                                                                                                                                   ; D_FLIPFLOP                        ; work         ;
;             |D_FLIPFLOP:MEMORY_15|                                                                                                      ; 0 (0)               ; 1 (1)                     ; 0                 ; 0          ; 0    ; 0            ; |logisimTopLevelShell|OSMAN:CIRCUIT_0|UIKontroler:UI_Kontroler|Registar8Bit:UIIzlazniReg1|D_FLIPFLOP:MEMORY_15                                                                                                                                                                                                                                                   ; D_FLIPFLOP                        ; work         ;
;             |D_FLIPFLOP:MEMORY_16|                                                                                                      ; 1 (1)               ; 1 (1)                     ; 0                 ; 0          ; 0    ; 0            ; |logisimTopLevelShell|OSMAN:CIRCUIT_0|UIKontroler:UI_Kontroler|Registar8Bit:UIIzlazniReg1|D_FLIPFLOP:MEMORY_16                                                                                                                                                                                                                                                   ; D_FLIPFLOP                        ; work         ;
;          |Registar8Bit:UIIzlazniReg2|                                                                                                   ; 0 (0)               ; 7 (0)                     ; 0                 ; 0          ; 0    ; 0            ; |logisimTopLevelShell|OSMAN:CIRCUIT_0|UIKontroler:UI_Kontroler|Registar8Bit:UIIzlazniReg2                                                                                                                                                                                                                                                                        ; Registar8Bit                      ; work         ;
;             |D_FLIPFLOP:MEMORY_10|                                                                                                      ; 0 (0)               ; 1 (1)                     ; 0                 ; 0          ; 0    ; 0            ; |logisimTopLevelShell|OSMAN:CIRCUIT_0|UIKontroler:UI_Kontroler|Registar8Bit:UIIzlazniReg2|D_FLIPFLOP:MEMORY_10                                                                                                                                                                                                                                                   ; D_FLIPFLOP                        ; work         ;
;             |D_FLIPFLOP:MEMORY_11|                                                                                                      ; 0 (0)               ; 1 (1)                     ; 0                 ; 0          ; 0    ; 0            ; |logisimTopLevelShell|OSMAN:CIRCUIT_0|UIKontroler:UI_Kontroler|Registar8Bit:UIIzlazniReg2|D_FLIPFLOP:MEMORY_11                                                                                                                                                                                                                                                   ; D_FLIPFLOP                        ; work         ;
;             |D_FLIPFLOP:MEMORY_12|                                                                                                      ; 0 (0)               ; 1 (1)                     ; 0                 ; 0          ; 0    ; 0            ; |logisimTopLevelShell|OSMAN:CIRCUIT_0|UIKontroler:UI_Kontroler|Registar8Bit:UIIzlazniReg2|D_FLIPFLOP:MEMORY_12                                                                                                                                                                                                                                                   ; D_FLIPFLOP                        ; work         ;
;             |D_FLIPFLOP:MEMORY_13|                                                                                                      ; 0 (0)               ; 1 (1)                     ; 0                 ; 0          ; 0    ; 0            ; |logisimTopLevelShell|OSMAN:CIRCUIT_0|UIKontroler:UI_Kontroler|Registar8Bit:UIIzlazniReg2|D_FLIPFLOP:MEMORY_13                                                                                                                                                                                                                                                   ; D_FLIPFLOP                        ; work         ;
;             |D_FLIPFLOP:MEMORY_14|                                                                                                      ; 0 (0)               ; 1 (1)                     ; 0                 ; 0          ; 0    ; 0            ; |logisimTopLevelShell|OSMAN:CIRCUIT_0|UIKontroler:UI_Kontroler|Registar8Bit:UIIzlazniReg2|D_FLIPFLOP:MEMORY_14                                                                                                                                                                                                                                                   ; D_FLIPFLOP                        ; work         ;
;             |D_FLIPFLOP:MEMORY_15|                                                                                                      ; 0 (0)               ; 1 (1)                     ; 0                 ; 0          ; 0    ; 0            ; |logisimTopLevelShell|OSMAN:CIRCUIT_0|UIKontroler:UI_Kontroler|Registar8Bit:UIIzlazniReg2|D_FLIPFLOP:MEMORY_15                                                                                                                                                                                                                                                   ; D_FLIPFLOP                        ; work         ;
;             |D_FLIPFLOP:MEMORY_16|                                                                                                      ; 0 (0)               ; 1 (1)                     ; 0                 ; 0          ; 0    ; 0            ; |logisimTopLevelShell|OSMAN:CIRCUIT_0|UIKontroler:UI_Kontroler|Registar8Bit:UIIzlazniReg2|D_FLIPFLOP:MEMORY_16                                                                                                                                                                                                                                                   ; D_FLIPFLOP                        ; work         ;
;          |Registar8Bit:UIIzlazniReg3|                                                                                                   ; 0 (0)               ; 7 (0)                     ; 0                 ; 0          ; 0    ; 0            ; |logisimTopLevelShell|OSMAN:CIRCUIT_0|UIKontroler:UI_Kontroler|Registar8Bit:UIIzlazniReg3                                                                                                                                                                                                                                                                        ; Registar8Bit                      ; work         ;
;             |D_FLIPFLOP:MEMORY_10|                                                                                                      ; 0 (0)               ; 1 (1)                     ; 0                 ; 0          ; 0    ; 0            ; |logisimTopLevelShell|OSMAN:CIRCUIT_0|UIKontroler:UI_Kontroler|Registar8Bit:UIIzlazniReg3|D_FLIPFLOP:MEMORY_10                                                                                                                                                                                                                                                   ; D_FLIPFLOP                        ; work         ;
;             |D_FLIPFLOP:MEMORY_11|                                                                                                      ; 0 (0)               ; 1 (1)                     ; 0                 ; 0          ; 0    ; 0            ; |logisimTopLevelShell|OSMAN:CIRCUIT_0|UIKontroler:UI_Kontroler|Registar8Bit:UIIzlazniReg3|D_FLIPFLOP:MEMORY_11                                                                                                                                                                                                                                                   ; D_FLIPFLOP                        ; work         ;
;             |D_FLIPFLOP:MEMORY_12|                                                                                                      ; 0 (0)               ; 1 (1)                     ; 0                 ; 0          ; 0    ; 0            ; |logisimTopLevelShell|OSMAN:CIRCUIT_0|UIKontroler:UI_Kontroler|Registar8Bit:UIIzlazniReg3|D_FLIPFLOP:MEMORY_12                                                                                                                                                                                                                                                   ; D_FLIPFLOP                        ; work         ;
;             |D_FLIPFLOP:MEMORY_13|                                                                                                      ; 0 (0)               ; 1 (1)                     ; 0                 ; 0          ; 0    ; 0            ; |logisimTopLevelShell|OSMAN:CIRCUIT_0|UIKontroler:UI_Kontroler|Registar8Bit:UIIzlazniReg3|D_FLIPFLOP:MEMORY_13                                                                                                                                                                                                                                                   ; D_FLIPFLOP                        ; work         ;
;             |D_FLIPFLOP:MEMORY_14|                                                                                                      ; 0 (0)               ; 1 (1)                     ; 0                 ; 0          ; 0    ; 0            ; |logisimTopLevelShell|OSMAN:CIRCUIT_0|UIKontroler:UI_Kontroler|Registar8Bit:UIIzlazniReg3|D_FLIPFLOP:MEMORY_14                                                                                                                                                                                                                                                   ; D_FLIPFLOP                        ; work         ;
;             |D_FLIPFLOP:MEMORY_15|                                                                                                      ; 0 (0)               ; 1 (1)                     ; 0                 ; 0          ; 0    ; 0            ; |logisimTopLevelShell|OSMAN:CIRCUIT_0|UIKontroler:UI_Kontroler|Registar8Bit:UIIzlazniReg3|D_FLIPFLOP:MEMORY_15                                                                                                                                                                                                                                                   ; D_FLIPFLOP                        ; work         ;
;             |D_FLIPFLOP:MEMORY_16|                                                                                                      ; 0 (0)               ; 1 (1)                     ; 0                 ; 0          ; 0    ; 0            ; |logisimTopLevelShell|OSMAN:CIRCUIT_0|UIKontroler:UI_Kontroler|Registar8Bit:UIIzlazniReg3|D_FLIPFLOP:MEMORY_16                                                                                                                                                                                                                                                   ; D_FLIPFLOP                        ; work         ;
;          |Registar8Bit:UIIzlazniReg4|                                                                                                   ; 0 (0)               ; 8 (0)                     ; 0                 ; 0          ; 0    ; 0            ; |logisimTopLevelShell|OSMAN:CIRCUIT_0|UIKontroler:UI_Kontroler|Registar8Bit:UIIzlazniReg4                                                                                                                                                                                                                                                                        ; Registar8Bit                      ; work         ;
;             |D_FLIPFLOP:MEMORY_10|                                                                                                      ; 0 (0)               ; 1 (1)                     ; 0                 ; 0          ; 0    ; 0            ; |logisimTopLevelShell|OSMAN:CIRCUIT_0|UIKontroler:UI_Kontroler|Registar8Bit:UIIzlazniReg4|D_FLIPFLOP:MEMORY_10                                                                                                                                                                                                                                                   ; D_FLIPFLOP                        ; work         ;
;             |D_FLIPFLOP:MEMORY_11|                                                                                                      ; 0 (0)               ; 1 (1)                     ; 0                 ; 0          ; 0    ; 0            ; |logisimTopLevelShell|OSMAN:CIRCUIT_0|UIKontroler:UI_Kontroler|Registar8Bit:UIIzlazniReg4|D_FLIPFLOP:MEMORY_11                                                                                                                                                                                                                                                   ; D_FLIPFLOP                        ; work         ;
;             |D_FLIPFLOP:MEMORY_12|                                                                                                      ; 0 (0)               ; 1 (1)                     ; 0                 ; 0          ; 0    ; 0            ; |logisimTopLevelShell|OSMAN:CIRCUIT_0|UIKontroler:UI_Kontroler|Registar8Bit:UIIzlazniReg4|D_FLIPFLOP:MEMORY_12                                                                                                                                                                                                                                                   ; D_FLIPFLOP                        ; work         ;
;             |D_FLIPFLOP:MEMORY_13|                                                                                                      ; 0 (0)               ; 1 (1)                     ; 0                 ; 0          ; 0    ; 0            ; |logisimTopLevelShell|OSMAN:CIRCUIT_0|UIKontroler:UI_Kontroler|Registar8Bit:UIIzlazniReg4|D_FLIPFLOP:MEMORY_13                                                                                                                                                                                                                                                   ; D_FLIPFLOP                        ; work         ;
;             |D_FLIPFLOP:MEMORY_14|                                                                                                      ; 0 (0)               ; 1 (1)                     ; 0                 ; 0          ; 0    ; 0            ; |logisimTopLevelShell|OSMAN:CIRCUIT_0|UIKontroler:UI_Kontroler|Registar8Bit:UIIzlazniReg4|D_FLIPFLOP:MEMORY_14                                                                                                                                                                                                                                                   ; D_FLIPFLOP                        ; work         ;
;             |D_FLIPFLOP:MEMORY_15|                                                                                                      ; 0 (0)               ; 1 (1)                     ; 0                 ; 0          ; 0    ; 0            ; |logisimTopLevelShell|OSMAN:CIRCUIT_0|UIKontroler:UI_Kontroler|Registar8Bit:UIIzlazniReg4|D_FLIPFLOP:MEMORY_15                                                                                                                                                                                                                                                   ; D_FLIPFLOP                        ; work         ;
;             |D_FLIPFLOP:MEMORY_16|                                                                                                      ; 0 (0)               ; 1 (1)                     ; 0                 ; 0          ; 0    ; 0            ; |logisimTopLevelShell|OSMAN:CIRCUIT_0|UIKontroler:UI_Kontroler|Registar8Bit:UIIzlazniReg4|D_FLIPFLOP:MEMORY_16                                                                                                                                                                                                                                                   ; D_FLIPFLOP                        ; work         ;
;             |D_FLIPFLOP:MEMORY_9|                                                                                                       ; 0 (0)               ; 1 (1)                     ; 0                 ; 0          ; 0    ; 0            ; |logisimTopLevelShell|OSMAN:CIRCUIT_0|UIKontroler:UI_Kontroler|Registar8Bit:UIIzlazniReg4|D_FLIPFLOP:MEMORY_9                                                                                                                                                                                                                                                    ; D_FLIPFLOP                        ; work         ;
;          |StabilizatorUlaza8Bit:UIUlazniStabilizator1|                                                                                  ; 0 (0)               ; 8 (0)                     ; 0                 ; 0          ; 0    ; 0            ; |logisimTopLevelShell|OSMAN:CIRCUIT_0|UIKontroler:UI_Kontroler|StabilizatorUlaza8Bit:UIUlazniStabilizator1                                                                                                                                                                                                                                                       ; StabilizatorUlaza8Bit             ; work         ;
;             |D_FLIPFLOP:MEMORY_1|                                                                                                       ; 0 (0)               ; 1 (1)                     ; 0                 ; 0          ; 0    ; 0            ; |logisimTopLevelShell|OSMAN:CIRCUIT_0|UIKontroler:UI_Kontroler|StabilizatorUlaza8Bit:UIUlazniStabilizator1|D_FLIPFLOP:MEMORY_1                                                                                                                                                                                                                                   ; D_FLIPFLOP                        ; work         ;
;             |D_FLIPFLOP:MEMORY_2|                                                                                                       ; 0 (0)               ; 1 (1)                     ; 0                 ; 0          ; 0    ; 0            ; |logisimTopLevelShell|OSMAN:CIRCUIT_0|UIKontroler:UI_Kontroler|StabilizatorUlaza8Bit:UIUlazniStabilizator1|D_FLIPFLOP:MEMORY_2                                                                                                                                                                                                                                   ; D_FLIPFLOP                        ; work         ;
;             |D_FLIPFLOP:MEMORY_3|                                                                                                       ; 0 (0)               ; 1 (1)                     ; 0                 ; 0          ; 0    ; 0            ; |logisimTopLevelShell|OSMAN:CIRCUIT_0|UIKontroler:UI_Kontroler|StabilizatorUlaza8Bit:UIUlazniStabilizator1|D_FLIPFLOP:MEMORY_3                                                                                                                                                                                                                                   ; D_FLIPFLOP                        ; work         ;
;             |D_FLIPFLOP:MEMORY_4|                                                                                                       ; 0 (0)               ; 1 (1)                     ; 0                 ; 0          ; 0    ; 0            ; |logisimTopLevelShell|OSMAN:CIRCUIT_0|UIKontroler:UI_Kontroler|StabilizatorUlaza8Bit:UIUlazniStabilizator1|D_FLIPFLOP:MEMORY_4                                                                                                                                                                                                                                   ; D_FLIPFLOP                        ; work         ;
;             |D_FLIPFLOP:MEMORY_5|                                                                                                       ; 0 (0)               ; 1 (1)                     ; 0                 ; 0          ; 0    ; 0            ; |logisimTopLevelShell|OSMAN:CIRCUIT_0|UIKontroler:UI_Kontroler|StabilizatorUlaza8Bit:UIUlazniStabilizator1|D_FLIPFLOP:MEMORY_5                                                                                                                                                                                                                                   ; D_FLIPFLOP                        ; work         ;
;             |D_FLIPFLOP:MEMORY_6|                                                                                                       ; 0 (0)               ; 1 (1)                     ; 0                 ; 0          ; 0    ; 0            ; |logisimTopLevelShell|OSMAN:CIRCUIT_0|UIKontroler:UI_Kontroler|StabilizatorUlaza8Bit:UIUlazniStabilizator1|D_FLIPFLOP:MEMORY_6                                                                                                                                                                                                                                   ; D_FLIPFLOP                        ; work         ;
;             |D_FLIPFLOP:MEMORY_7|                                                                                                       ; 0 (0)               ; 1 (1)                     ; 0                 ; 0          ; 0    ; 0            ; |logisimTopLevelShell|OSMAN:CIRCUIT_0|UIKontroler:UI_Kontroler|StabilizatorUlaza8Bit:UIUlazniStabilizator1|D_FLIPFLOP:MEMORY_7                                                                                                                                                                                                                                   ; D_FLIPFLOP                        ; work         ;
;             |D_FLIPFLOP:MEMORY_8|                                                                                                       ; 0 (0)               ; 1 (1)                     ; 0                 ; 0          ; 0    ; 0            ; |logisimTopLevelShell|OSMAN:CIRCUIT_0|UIKontroler:UI_Kontroler|StabilizatorUlaza8Bit:UIUlazniStabilizator1|D_FLIPFLOP:MEMORY_8                                                                                                                                                                                                                                   ; D_FLIPFLOP                        ; work         ;
;          |StabilizatorUlaza8Bit:UIUlazniStabilizator2|                                                                                  ; 3 (0)               ; 3 (0)                     ; 0                 ; 0          ; 0    ; 0            ; |logisimTopLevelShell|OSMAN:CIRCUIT_0|UIKontroler:UI_Kontroler|StabilizatorUlaza8Bit:UIUlazniStabilizator2                                                                                                                                                                                                                                                       ; StabilizatorUlaza8Bit             ; work         ;
;             |D_FLIPFLOP:MEMORY_6|                                                                                                       ; 1 (1)               ; 1 (1)                     ; 0                 ; 0          ; 0    ; 0            ; |logisimTopLevelShell|OSMAN:CIRCUIT_0|UIKontroler:UI_Kontroler|StabilizatorUlaza8Bit:UIUlazniStabilizator2|D_FLIPFLOP:MEMORY_6                                                                                                                                                                                                                                   ; D_FLIPFLOP                        ; work         ;
;             |D_FLIPFLOP:MEMORY_7|                                                                                                       ; 1 (1)               ; 1 (1)                     ; 0                 ; 0          ; 0    ; 0            ; |logisimTopLevelShell|OSMAN:CIRCUIT_0|UIKontroler:UI_Kontroler|StabilizatorUlaza8Bit:UIUlazniStabilizator2|D_FLIPFLOP:MEMORY_7                                                                                                                                                                                                                                   ; D_FLIPFLOP                        ; work         ;
;             |D_FLIPFLOP:MEMORY_8|                                                                                                       ; 1 (1)               ; 1 (1)                     ; 0                 ; 0          ; 0    ; 0            ; |logisimTopLevelShell|OSMAN:CIRCUIT_0|UIKontroler:UI_Kontroler|StabilizatorUlaza8Bit:UIUlazniStabilizator2|D_FLIPFLOP:MEMORY_8                                                                                                                                                                                                                                   ; D_FLIPFLOP                        ; work         ;
;    |logisimTickGenerator:BASE_1|                                                                                                        ; 27 (27)             ; 19 (19)                   ; 0                 ; 0          ; 0    ; 0            ; |logisimTopLevelShell|logisimTickGenerator:BASE_1                                                                                                                                                                                                                                                                                                                ; logisimTickGenerator              ; work         ;
;    |sld_hub:auto_hub|                                                                                                                   ; 104 (1)             ; 87 (0)                    ; 0                 ; 0          ; 0    ; 0            ; |logisimTopLevelShell|sld_hub:auto_hub                                                                                                                                                                                                                                                                                                                           ; sld_hub                           ; altera_sld   ;
;       |alt_sld_fab_with_jtag_input:\instrumentation_fabric_with_node_gen:fabric_gen_new_way:with_jtag_input_gen:instrumentation_fabric| ; 103 (0)             ; 87 (0)                    ; 0                 ; 0          ; 0    ; 0            ; |logisimTopLevelShell|sld_hub:auto_hub|alt_sld_fab_with_jtag_input:\instrumentation_fabric_with_node_gen:fabric_gen_new_way:with_jtag_input_gen:instrumentation_fabric                                                                                                                                                                                           ; alt_sld_fab_with_jtag_input       ; altera_sld   ;
;          |alt_sld_fab:instrumentation_fabric|                                                                                           ; 103 (0)             ; 87 (0)                    ; 0                 ; 0          ; 0    ; 0            ; |logisimTopLevelShell|sld_hub:auto_hub|alt_sld_fab_with_jtag_input:\instrumentation_fabric_with_node_gen:fabric_gen_new_way:with_jtag_input_gen:instrumentation_fabric|alt_sld_fab:instrumentation_fabric                                                                                                                                                        ; alt_sld_fab                       ; alt_sld_fab  ;
;             |alt_sld_fab_alt_sld_fab:alt_sld_fab|                                                                                       ; 103 (1)             ; 87 (5)                    ; 0                 ; 0          ; 0    ; 0            ; |logisimTopLevelShell|sld_hub:auto_hub|alt_sld_fab_with_jtag_input:\instrumentation_fabric_with_node_gen:fabric_gen_new_way:with_jtag_input_gen:instrumentation_fabric|alt_sld_fab:instrumentation_fabric|alt_sld_fab_alt_sld_fab:alt_sld_fab                                                                                                                    ; alt_sld_fab_alt_sld_fab           ; alt_sld_fab  ;
;                |alt_sld_fab_alt_sld_fab_sldfabric:sldfabric|                                                                            ; 102 (0)             ; 82 (0)                    ; 0                 ; 0          ; 0    ; 0            ; |logisimTopLevelShell|sld_hub:auto_hub|alt_sld_fab_with_jtag_input:\instrumentation_fabric_with_node_gen:fabric_gen_new_way:with_jtag_input_gen:instrumentation_fabric|alt_sld_fab:instrumentation_fabric|alt_sld_fab_alt_sld_fab:alt_sld_fab|alt_sld_fab_alt_sld_fab_sldfabric:sldfabric                                                                        ; alt_sld_fab_alt_sld_fab_sldfabric ; alt_sld_fab  ;
;                   |sld_jtag_hub:\jtag_hub_gen:real_sld_jtag_hub|                                                                        ; 102 (70)            ; 82 (54)                   ; 0                 ; 0          ; 0    ; 0            ; |logisimTopLevelShell|sld_hub:auto_hub|alt_sld_fab_with_jtag_input:\instrumentation_fabric_with_node_gen:fabric_gen_new_way:with_jtag_input_gen:instrumentation_fabric|alt_sld_fab:instrumentation_fabric|alt_sld_fab_alt_sld_fab:alt_sld_fab|alt_sld_fab_alt_sld_fab_sldfabric:sldfabric|sld_jtag_hub:\jtag_hub_gen:real_sld_jtag_hub                           ; sld_jtag_hub                      ; work         ;
;                      |sld_rom_sr:hub_info_reg|                                                                                          ; 14 (14)             ; 9 (9)                     ; 0                 ; 0          ; 0    ; 0            ; |logisimTopLevelShell|sld_hub:auto_hub|alt_sld_fab_with_jtag_input:\instrumentation_fabric_with_node_gen:fabric_gen_new_way:with_jtag_input_gen:instrumentation_fabric|alt_sld_fab:instrumentation_fabric|alt_sld_fab_alt_sld_fab:alt_sld_fab|alt_sld_fab_alt_sld_fab_sldfabric:sldfabric|sld_jtag_hub:\jtag_hub_gen:real_sld_jtag_hub|sld_rom_sr:hub_info_reg   ; sld_rom_sr                        ; work         ;
;                      |sld_shadow_jsm:shadow_jsm|                                                                                        ; 18 (18)             ; 19 (19)                   ; 0                 ; 0          ; 0    ; 0            ; |logisimTopLevelShell|sld_hub:auto_hub|alt_sld_fab_with_jtag_input:\instrumentation_fabric_with_node_gen:fabric_gen_new_way:with_jtag_input_gen:instrumentation_fabric|alt_sld_fab:instrumentation_fabric|alt_sld_fab_alt_sld_fab:alt_sld_fab|alt_sld_fab_alt_sld_fab_sldfabric:sldfabric|sld_jtag_hub:\jtag_hub_gen:real_sld_jtag_hub|sld_shadow_jsm:shadow_jsm ; sld_shadow_jsm                    ; altera_sld   ;
+-----------------------------------------------------------------------------------------------------------------------------------------+---------------------+---------------------------+-------------------+------------+------+--------------+------------------------------------------------------------------------------------------------------------------------------------------------------------------------------------------------------------------------------------------------------------------------------------------------------------------------------------------------------------------+-----------------------------------+--------------+
Note: For table entries with two numbers listed, the numbers in parentheses indicate the number of resources of the given type used by the specific entity alone. The numbers listed outside of parentheses indicate the total resources of the given type used by the specific entity and all of its sub-entities in the hierarchy.


+------------------------------------------------------------------------------------------------------------------------------------------------------------------------------------------------------------------------------------------------------------------------------------------------+
; Analysis & Synthesis RAM Summary                                                                                                                                                                                                                                                               ;
+-----------------------------------------------------------------------------------------------------------------------------------------------------------------------+------+------------------+--------------+--------------+--------------+--------------+------+---------------------------+
; Name                                                                                                                                                                  ; Type ; Mode             ; Port A Depth ; Port A Width ; Port B Depth ; Port B Width ; Size ; MIF                       ;
+-----------------------------------------------------------------------------------------------------------------------------------------------------------------------+------+------------------+--------------+--------------+--------------+--------------+------+---------------------------+
; OSMAN:CIRCUIT_0|InstrukcijskaMemorija:InstrukcijskaMemorijaKomp|altsyncram:altsyncram_component|altsyncram_rc54:auto_generated|altsyncram_u763:altsyncram1|ALTSYNCRAM ; AUTO ; True Dual Port   ; 256          ; 16           ; 256          ; 16           ; 4096 ; instrukcijskaMemorija.mif ;
; OSMAN:CIRCUIT_0|RAMCONTENTS_MemorijaPodataka:MemorijaPodataka|altsyncram:s_memContents_rtl_0|altsyncram_sro1:auto_generated|ALTSYNCRAM                                ; AUTO ; Simple Dual Port ; 257          ; 8            ; 257          ; 8            ; 2056 ; ram.mif                   ;
+-----------------------------------------------------------------------------------------------------------------------------------------------------------------------+------+------------------+--------------+--------------+--------------+--------------+------+---------------------------+


+---------------------------------------------------------------------------------------------------------------------------------------------------------------------------------------------------------------------------------------------------------------------------------------------------------------------------------------------------------------------------------------+
; Analysis & Synthesis IP Cores Summary                                                                                                                                                                                                                                                                                                                                                 ;
+--------+--------------+---------+--------------+--------------+-------------------------------------------------------------------------------------------------------------------------------------------------------------------------------------------------------------------------------------------------------------------------------------------+---------------------------+
; Vendor ; IP Core Name ; Version ; Release Date ; License Type ; Entity Instance                                                                                                                                                                                                                                                                           ; IP Include File           ;
+--------+--------------+---------+--------------+--------------+-------------------------------------------------------------------------------------------------------------------------------------------------------------------------------------------------------------------------------------------------------------------------------------------+---------------------------+
; Altera ; Signal Tap   ; N/A     ; N/A          ; Licensed     ; |logisimTopLevelShell|sld_hub:auto_hub|alt_sld_fab_with_jtag_input:\instrumentation_fabric_with_node_gen:fabric_gen_new_way:with_jtag_input_gen:instrumentation_fabric|alt_sld_fab:instrumentation_fabric                                                                                 ;                           ;
; Altera ; Signal Tap   ; N/A     ; N/A          ; Licensed     ; |logisimTopLevelShell|sld_hub:auto_hub|alt_sld_fab_with_jtag_input:\instrumentation_fabric_with_node_gen:fabric_gen_new_way:with_jtag_input_gen:instrumentation_fabric|alt_sld_fab:instrumentation_fabric|alt_sld_fab_alt_sld_fab:alt_sld_fab                                             ;                           ;
; Altera ; Signal Tap   ; N/A     ; N/A          ; Licensed     ; |logisimTopLevelShell|sld_hub:auto_hub|alt_sld_fab_with_jtag_input:\instrumentation_fabric_with_node_gen:fabric_gen_new_way:with_jtag_input_gen:instrumentation_fabric|alt_sld_fab:instrumentation_fabric|alt_sld_fab_alt_sld_fab:alt_sld_fab|alt_sld_fab_alt_sld_fab_presplit:presplit   ;                           ;
; Altera ; Signal Tap   ; N/A     ; N/A          ; Licensed     ; |logisimTopLevelShell|sld_hub:auto_hub|alt_sld_fab_with_jtag_input:\instrumentation_fabric_with_node_gen:fabric_gen_new_way:with_jtag_input_gen:instrumentation_fabric|alt_sld_fab:instrumentation_fabric|alt_sld_fab_alt_sld_fab:alt_sld_fab|alt_sld_fab_alt_sld_fab_sldfabric:sldfabric ;                           ;
; Altera ; Signal Tap   ; N/A     ; N/A          ; Licensed     ; |logisimTopLevelShell|sld_hub:auto_hub|alt_sld_fab_with_jtag_input:\instrumentation_fabric_with_node_gen:fabric_gen_new_way:with_jtag_input_gen:instrumentation_fabric|alt_sld_fab:instrumentation_fabric|alt_sld_fab_alt_sld_fab:alt_sld_fab|alt_sld_fab_alt_sld_fab_splitter:splitter   ;                           ;
; Altera ; ROM: 1-PORT  ; 18.1    ; N/A          ; N/A          ; |logisimTopLevelShell|OSMAN:CIRCUIT_0|InstrukcijskaMemorija:InstrukcijskaMemorijaKomp                                                                                                                                                                                                     ; InstrukcijskaMemorija.vhd ;
+--------+--------------+---------+--------------+--------------+-------------------------------------------------------------------------------------------------------------------------------------------------------------------------------------------------------------------------------------------------------------------------------------------+---------------------------+


+-----------------------------------------------------------------------------------------------------------------------------------------------------------------------------------------------------------------------------------------------------------------------------------------+
; Registers Removed During Synthesis                                                                                                                                                                                                                                                      ;
+-----------------------------------------------------------------------------------------------------------------------------------------------------------------------------------------+-----------------------------------------------------------------------------------------------+
; Register name                                                                                                                                                                           ; Reason for Removal                                                                            ;
+-----------------------------------------------------------------------------------------------------------------------------------------------------------------------------------------+-----------------------------------------------------------------------------------------------+
; OSMAN:CIRCUIT_0|RAMCONTENTS_MemorijaPodataka:MemorijaPodataka|s_oeReg                                                                                                                   ; Stuck at VCC due to stuck port data_in                                                        ;
; OSMAN:CIRCUIT_0|UIKontroler:UI_Kontroler|StabilizatorUlaza8Bit:UIUlazniStabilizator4|D_FLIPFLOP:MEMORY_8|s_currentState                                                                 ; Stuck at GND due to stuck port data_in                                                        ;
; OSMAN:CIRCUIT_0|UIKontroler:UI_Kontroler|StabilizatorUlaza8Bit:UIUlazniStabilizator4|D_FLIPFLOP:MEMORY_7|s_currentState                                                                 ; Stuck at GND due to stuck port data_in                                                        ;
; OSMAN:CIRCUIT_0|UIKontroler:UI_Kontroler|StabilizatorUlaza8Bit:UIUlazniStabilizator4|D_FLIPFLOP:MEMORY_6|s_currentState                                                                 ; Stuck at GND due to stuck port data_in                                                        ;
; OSMAN:CIRCUIT_0|UIKontroler:UI_Kontroler|StabilizatorUlaza8Bit:UIUlazniStabilizator4|D_FLIPFLOP:MEMORY_5|s_currentState                                                                 ; Stuck at GND due to stuck port data_in                                                        ;
; OSMAN:CIRCUIT_0|UIKontroler:UI_Kontroler|StabilizatorUlaza8Bit:UIUlazniStabilizator4|D_FLIPFLOP:MEMORY_4|s_currentState                                                                 ; Stuck at GND due to stuck port data_in                                                        ;
; OSMAN:CIRCUIT_0|UIKontroler:UI_Kontroler|StabilizatorUlaza8Bit:UIUlazniStabilizator4|D_FLIPFLOP:MEMORY_3|s_currentState                                                                 ; Stuck at GND due to stuck port data_in                                                        ;
; OSMAN:CIRCUIT_0|UIKontroler:UI_Kontroler|StabilizatorUlaza8Bit:UIUlazniStabilizator4|D_FLIPFLOP:MEMORY_2|s_currentState                                                                 ; Stuck at GND due to stuck port data_in                                                        ;
; OSMAN:CIRCUIT_0|UIKontroler:UI_Kontroler|StabilizatorUlaza8Bit:UIUlazniStabilizator4|D_FLIPFLOP:MEMORY_1|s_currentState                                                                 ; Stuck at GND due to stuck port data_in                                                        ;
; OSMAN:CIRCUIT_0|UIKontroler:UI_Kontroler|StabilizatorUlaza8Bit:UIUlazniStabilizator3|D_FLIPFLOP:MEMORY_8|s_currentState                                                                 ; Stuck at GND due to stuck port data_in                                                        ;
; OSMAN:CIRCUIT_0|UIKontroler:UI_Kontroler|StabilizatorUlaza8Bit:UIUlazniStabilizator3|D_FLIPFLOP:MEMORY_7|s_currentState                                                                 ; Stuck at GND due to stuck port data_in                                                        ;
; OSMAN:CIRCUIT_0|UIKontroler:UI_Kontroler|StabilizatorUlaza8Bit:UIUlazniStabilizator3|D_FLIPFLOP:MEMORY_6|s_currentState                                                                 ; Stuck at GND due to stuck port data_in                                                        ;
; OSMAN:CIRCUIT_0|UIKontroler:UI_Kontroler|StabilizatorUlaza8Bit:UIUlazniStabilizator3|D_FLIPFLOP:MEMORY_5|s_currentState                                                                 ; Stuck at GND due to stuck port data_in                                                        ;
; OSMAN:CIRCUIT_0|UIKontroler:UI_Kontroler|StabilizatorUlaza8Bit:UIUlazniStabilizator3|D_FLIPFLOP:MEMORY_4|s_currentState                                                                 ; Stuck at GND due to stuck port data_in                                                        ;
; OSMAN:CIRCUIT_0|UIKontroler:UI_Kontroler|StabilizatorUlaza8Bit:UIUlazniStabilizator3|D_FLIPFLOP:MEMORY_3|s_currentState                                                                 ; Stuck at GND due to stuck port data_in                                                        ;
; OSMAN:CIRCUIT_0|UIKontroler:UI_Kontroler|StabilizatorUlaza8Bit:UIUlazniStabilizator3|D_FLIPFLOP:MEMORY_2|s_currentState                                                                 ; Stuck at GND due to stuck port data_in                                                        ;
; OSMAN:CIRCUIT_0|UIKontroler:UI_Kontroler|StabilizatorUlaza8Bit:UIUlazniStabilizator3|D_FLIPFLOP:MEMORY_1|s_currentState                                                                 ; Stuck at GND due to stuck port data_in                                                        ;
; OSMAN:CIRCUIT_0|UIKontroler:UI_Kontroler|StabilizatorUlaza8Bit:UIUlazniStabilizator2|D_FLIPFLOP:MEMORY_5|s_currentState                                                                 ; Stuck at GND due to stuck port data_in                                                        ;
; OSMAN:CIRCUIT_0|UIKontroler:UI_Kontroler|StabilizatorUlaza8Bit:UIUlazniStabilizator2|D_FLIPFLOP:MEMORY_4|s_currentState                                                                 ; Stuck at GND due to stuck port data_in                                                        ;
; OSMAN:CIRCUIT_0|UIKontroler:UI_Kontroler|StabilizatorUlaza8Bit:UIUlazniStabilizator2|D_FLIPFLOP:MEMORY_3|s_currentState                                                                 ; Stuck at GND due to stuck port data_in                                                        ;
; OSMAN:CIRCUIT_0|UIKontroler:UI_Kontroler|StabilizatorUlaza8Bit:UIUlazniStabilizator2|D_FLIPFLOP:MEMORY_2|s_currentState                                                                 ; Stuck at GND due to stuck port data_in                                                        ;
; OSMAN:CIRCUIT_0|UIKontroler:UI_Kontroler|StabilizatorUlaza8Bit:UIUlazniStabilizator2|D_FLIPFLOP:MEMORY_1|s_currentState                                                                 ; Stuck at GND due to stuck port data_in                                                        ;
; LogisimClockComponent:MemCLK|s_derivedClock[0]                                                                                                                                          ; Merged with LogisimClockComponent:CLK|s_derivedClock[0]                                       ;
; LogisimClockComponent:MemCLK|s_counterValue[1]                                                                                                                                          ; Merged with LogisimClockComponent:CLK|s_counterValue[1]                                       ;
; LogisimClockComponent:MemCLK|s_counterValue[0]                                                                                                                                          ; Merged with LogisimClockComponent:CLK|s_counterValue[0]                                       ;
; OSMAN:CIRCUIT_0|RAMCONTENTS_MemorijaPodataka:MemorijaPodataka|s_writeAddressReg[0]                                                                                                      ; Merged with OSMAN:CIRCUIT_0|RAMCONTENTS_MemorijaPodataka:MemorijaPodataka|s_readAddressReg[0] ;
; OSMAN:CIRCUIT_0|RAMCONTENTS_MemorijaPodataka:MemorijaPodataka|s_writeAddressReg[1]                                                                                                      ; Merged with OSMAN:CIRCUIT_0|RAMCONTENTS_MemorijaPodataka:MemorijaPodataka|s_readAddressReg[1] ;
; OSMAN:CIRCUIT_0|RAMCONTENTS_MemorijaPodataka:MemorijaPodataka|s_writeAddressReg[2]                                                                                                      ; Merged with OSMAN:CIRCUIT_0|RAMCONTENTS_MemorijaPodataka:MemorijaPodataka|s_readAddressReg[2] ;
; OSMAN:CIRCUIT_0|RAMCONTENTS_MemorijaPodataka:MemorijaPodataka|s_writeAddressReg[3]                                                                                                      ; Merged with OSMAN:CIRCUIT_0|RAMCONTENTS_MemorijaPodataka:MemorijaPodataka|s_readAddressReg[3] ;
; OSMAN:CIRCUIT_0|RAMCONTENTS_MemorijaPodataka:MemorijaPodataka|s_writeAddressReg[4]                                                                                                      ; Merged with OSMAN:CIRCUIT_0|RAMCONTENTS_MemorijaPodataka:MemorijaPodataka|s_readAddressReg[4] ;
; OSMAN:CIRCUIT_0|RAMCONTENTS_MemorijaPodataka:MemorijaPodataka|s_writeAddressReg[5]                                                                                                      ; Merged with OSMAN:CIRCUIT_0|RAMCONTENTS_MemorijaPodataka:MemorijaPodataka|s_readAddressReg[5] ;
; OSMAN:CIRCUIT_0|RAMCONTENTS_MemorijaPodataka:MemorijaPodataka|s_writeAddressReg[6]                                                                                                      ; Merged with OSMAN:CIRCUIT_0|RAMCONTENTS_MemorijaPodataka:MemorijaPodataka|s_readAddressReg[6] ;
; OSMAN:CIRCUIT_0|RAMCONTENTS_MemorijaPodataka:MemorijaPodataka|s_writeAddressReg[7]                                                                                                      ; Merged with OSMAN:CIRCUIT_0|RAMCONTENTS_MemorijaPodataka:MemorijaPodataka|s_readAddressReg[7] ;
; OSMAN:CIRCUIT_0|InstrukcijskaMemorija:InstrukcijskaMemorijaKomp|altsyncram:altsyncram_component|altsyncram_rc54:auto_generated|sld_mod_ram_rom:mgl_prim2|ram_rom_data_shift_cntr_reg[4] ; Stuck at GND due to stuck port data_in                                                        ;
; Total Number of Removed Registers = 34                                                                                                                                                  ;                                                                                               ;
+-----------------------------------------------------------------------------------------------------------------------------------------------------------------------------------------+-----------------------------------------------------------------------------------------------+


+------------------------------------------------------+
; General Register Statistics                          ;
+----------------------------------------------+-------+
; Statistic                                    ; Value ;
+----------------------------------------------+-------+
; Total registers                              ; 307   ;
; Number of registers using Synchronous Clear  ; 7     ;
; Number of registers using Synchronous Load   ; 25    ;
; Number of registers using Asynchronous Clear ; 171   ;
; Number of registers using Asynchronous Load  ; 0     ;
; Number of registers using Clock Enable       ; 245   ;
; Number of registers using Preset             ; 0     ;
+----------------------------------------------+-------+


+-------------------------------------------------------------------------------------------------------------------------------------------------------------------------------------------------------------------------------------------------------------------------------------------------------------------------------------------+
; Inverted Register Statistics                                                                                                                                                                                                                                                                                                              ;
+---------------------------------------------------------------------------------------------------------------------------------------------------------------------------------------------------------------------------------------------------------------------------------------------------------------------------------+---------+
; Inverted Register                                                                                                                                                                                                                                                                                                               ; Fan out ;
+---------------------------------------------------------------------------------------------------------------------------------------------------------------------------------------------------------------------------------------------------------------------------------------------------------------------------------+---------+
; OSMAN:CIRCUIT_0|D_FLIPFLOP:MEMORY_8|s_currentState                                                                                                                                                                                                                                                                              ; 116     ;
; sld_hub:auto_hub|alt_sld_fab_with_jtag_input:\instrumentation_fabric_with_node_gen:fabric_gen_new_way:with_jtag_input_gen:instrumentation_fabric|alt_sld_fab:instrumentation_fabric|alt_sld_fab_alt_sld_fab:alt_sld_fab|alt_sld_fab_alt_sld_fab_sldfabric:sldfabric|sld_jtag_hub:\jtag_hub_gen:real_sld_jtag_hub|jtag_ir_reg[1] ; 3       ;
; sld_hub:auto_hub|alt_sld_fab_with_jtag_input:\instrumentation_fabric_with_node_gen:fabric_gen_new_way:with_jtag_input_gen:instrumentation_fabric|alt_sld_fab:instrumentation_fabric|alt_sld_fab_alt_sld_fab:alt_sld_fab|alt_sld_fab_alt_sld_fab_sldfabric:sldfabric|sld_jtag_hub:\jtag_hub_gen:real_sld_jtag_hub|jtag_ir_reg[2] ; 3       ;
; Total number of inverted registers = 3                                                                                                                                                                                                                                                                                          ;         ;
+---------------------------------------------------------------------------------------------------------------------------------------------------------------------------------------------------------------------------------------------------------------------------------------------------------------------------------+---------+


+-----------------------------------------------------------------------------------------------------------------------------------------------------------------------------+
; Registers Packed Into Inferred Megafunctions                                                                                                                                ;
+----------------------------------------------------------------------------------+-----------------------------------------------------------------------------------+------+
; Register Name                                                                    ; Megafunction                                                                      ; Type ;
+----------------------------------------------------------------------------------+-----------------------------------------------------------------------------------+------+
; OSMAN:CIRCUIT_0|RAMCONTENTS_MemorijaPodataka:MemorijaPodataka|s_ramDataOut[0..7] ; OSMAN:CIRCUIT_0|RAMCONTENTS_MemorijaPodataka:MemorijaPodataka|s_memContents_rtl_0 ; RAM  ;
+----------------------------------------------------------------------------------+-----------------------------------------------------------------------------------+------+


+-----------------------------------------------------------------------------------------------------------------------------------------------------------------------------------------------------------------------------------------------------------------------------------------------------------------------------------------------------------------+
; Multiplexer Restructuring Statistics (Restructuring Performed)                                                                                                                                                                                                                                                                                                  ;
+--------------------+-----------+---------------+----------------------+------------------------+------------+---------------------------------------------------------------------------------------------------------------------------------------------------------------------------------------------------------------------------------------------------+
; Multiplexer Inputs ; Bus Width ; Baseline Area ; Area if Restructured ; Saving if Restructured ; Registered ; Example Multiplexer Output                                                                                                                                                                                                                        ;
+--------------------+-----------+---------------+----------------------+------------------------+------------+---------------------------------------------------------------------------------------------------------------------------------------------------------------------------------------------------------------------------------------------------+
; 3:1                ; 16 bits   ; 32 LEs        ; 0 LEs                ; 32 LEs                 ; Yes        ; |logisimTopLevelShell|OSMAN:CIRCUIT_0|InstrukcijskaMemorija:InstrukcijskaMemorijaKomp|altsyncram:altsyncram_component|altsyncram_rc54:auto_generated|sld_mod_ram_rom:mgl_prim2|ram_rom_data_reg[7]                                                ;
; 3:1                ; 5 bits    ; 10 LEs        ; 5 LEs                ; 5 LEs                  ; Yes        ; |logisimTopLevelShell|OSMAN:CIRCUIT_0|InstrukcijskaMemorija:InstrukcijskaMemorijaKomp|altsyncram:altsyncram_component|altsyncram_rc54:auto_generated|sld_mod_ram_rom:mgl_prim2|ram_rom_data_shift_cntr_reg[1]                                     ;
; 3:1                ; 8 bits    ; 16 LEs        ; 0 LEs                ; 16 LEs                 ; Yes        ; |logisimTopLevelShell|OSMAN:CIRCUIT_0|InstrukcijskaMemorija:InstrukcijskaMemorijaKomp|altsyncram:altsyncram_component|altsyncram_rc54:auto_generated|sld_mod_ram_rom:mgl_prim2|ram_rom_addr_reg[6]                                                ;
; 4:1                ; 5 bits    ; 10 LEs        ; 10 LEs               ; 0 LEs                  ; Yes        ; |logisimTopLevelShell|OSMAN:CIRCUIT_0|InstrukcijskaMemorija:InstrukcijskaMemorijaKomp|altsyncram:altsyncram_component|altsyncram_rc54:auto_generated|sld_mod_ram_rom:mgl_prim2|sld_rom_sr:\ram_rom_logic_gen:name_gen:info_rom_sr|word_counter[3] ;
; 26:1               ; 4 bits    ; 68 LEs        ; 36 LEs               ; 32 LEs                 ; Yes        ; |logisimTopLevelShell|OSMAN:CIRCUIT_0|InstrukcijskaMemorija:InstrukcijskaMemorijaKomp|altsyncram:altsyncram_component|altsyncram_rc54:auto_generated|sld_mod_ram_rom:mgl_prim2|sld_rom_sr:\ram_rom_logic_gen:name_gen:info_rom_sr|WORD_SR[1]      ;
; 4:1                ; 6 bits    ; 12 LEs        ; 12 LEs               ; 0 LEs                  ; No         ; |logisimTopLevelShell|OSMAN:CIRCUIT_0|ALU8Bit:ALU|Multiplexer_bus_4:PLEXERS_4|Mux5                                                                                                                                                                ;
; 4:1                ; 8 bits    ; 16 LEs        ; 16 LEs               ; 0 LEs                  ; No         ; |logisimTopLevelShell|OSMAN:CIRCUIT_0|Multiplexer_bus_4:PLEXERS_6|Mux1                                                                                                                                                                            ;
; 8:1                ; 8 bits    ; 40 LEs        ; 40 LEs               ; 0 LEs                  ; No         ; |logisimTopLevelShell|OSMAN:CIRCUIT_0|RegistarskaDatoteka:RD|Multiplexer_bus_8:PLEXERS_2|Mux2                                                                                                                                                     ;
; 9:1                ; 8 bits    ; 48 LEs        ; 48 LEs               ; 0 LEs                  ; No         ; |logisimTopLevelShell|OSMAN:CIRCUIT_0|Multiplexer_bus_2:PLEXERS_2|muxOut                                                                                                                                                                          ;
; 6:1                ; 5 bits    ; 20 LEs        ; 20 LEs               ; 0 LEs                  ; No         ; |logisimTopLevelShell|OSMAN:CIRCUIT_0|Multiplexer_bus_4:PLEXERS_5|Mux0                                                                                                                                                                            ;
; 8:1                ; 3 bits    ; 15 LEs        ; 12 LEs               ; 3 LEs                  ; No         ; |logisimTopLevelShell|OSMAN:CIRCUIT_0|Multiplexer_bus_4:PLEXERS_5|Mux5                                                                                                                                                                            ;
+--------------------+-----------+---------------+----------------------+------------------------+------------+---------------------------------------------------------------------------------------------------------------------------------------------------------------------------------------------------------------------------------------------------+


+-----------------------------------------------------------------------------------------------------------------------------------------------------------------------------------+
; Source assignments for OSMAN:CIRCUIT_0|InstrukcijskaMemorija:InstrukcijskaMemorijaKomp|altsyncram:altsyncram_component|altsyncram_rc54:auto_generated|altsyncram_u763:altsyncram1 ;
+---------------------------------+--------------------+------+---------------------------------------------------------------------------------------------------------------------+
; Assignment                      ; Value              ; From ; To                                                                                                                  ;
+---------------------------------+--------------------+------+---------------------------------------------------------------------------------------------------------------------+
; OPTIMIZE_POWER_DURING_SYNTHESIS ; NORMAL_COMPILATION ; -    ; -                                                                                                                   ;
+---------------------------------+--------------------+------+---------------------------------------------------------------------------------------------------------------------+


+----------------------------------------------------------------------------------------------------------------------------------------------------+
; Source assignments for OSMAN:CIRCUIT_0|RAMCONTENTS_MemorijaPodataka:MemorijaPodataka|altsyncram:s_memContents_rtl_0|altsyncram_sro1:auto_generated ;
+---------------------------------+--------------------+------+--------------------------------------------------------------------------------------+
; Assignment                      ; Value              ; From ; To                                                                                   ;
+---------------------------------+--------------------+------+--------------------------------------------------------------------------------------+
; OPTIMIZE_POWER_DURING_SYNTHESIS ; NORMAL_COMPILATION ; -    ; -                                                                                    ;
+---------------------------------+--------------------+------+--------------------------------------------------------------------------------------+


+--------------------------------------------------------------------------+
; Parameter Settings for User Entity Instance: logisimTickGenerator:BASE_1 ;
+----------------+--------+------------------------------------------------+
; Parameter Name ; Value  ; Type                                           ;
+----------------+--------+------------------------------------------------+
; nrofbits       ; 18     ; Signed Integer                                 ;
; reloadvalue    ; 195311 ; Signed Integer                                 ;
+----------------+--------+------------------------------------------------+
Note: In order to hide this table in the UI and the text report file, please set the "Show Parameter Settings in Synthesis Report" option in "Analysis and Synthesis Settings -> More Settings" to "Off".


+------------------------------------------------------------------------+
; Parameter Settings for User Entity Instance: LogisimClockComponent:CLK ;
+----------------+-------+-----------------------------------------------+
; Parameter Name ; Value ; Type                                          ;
+----------------+-------+-----------------------------------------------+
; highticks      ; 2     ; Signed Integer                                ;
; lowticks       ; 2     ; Signed Integer                                ;
; nrofbits       ; 2     ; Signed Integer                                ;
; phase          ; 1     ; Signed Integer                                ;
+----------------+-------+-----------------------------------------------+
Note: In order to hide this table in the UI and the text report file, please set the "Show Parameter Settings in Synthesis Report" option in "Analysis and Synthesis Settings -> More Settings" to "Off".


+---------------------------------------------------------------------------+
; Parameter Settings for User Entity Instance: LogisimClockComponent:MemCLK ;
+----------------+-------+--------------------------------------------------+
; Parameter Name ; Value ; Type                                             ;
+----------------+-------+--------------------------------------------------+
; highticks      ; 2     ; Signed Integer                                   ;
; lowticks       ; 2     ; Signed Integer                                   ;
; nrofbits       ; 2     ; Signed Integer                                   ;
; phase          ; 2     ; Signed Integer                                   ;
+----------------+-------+--------------------------------------------------+
Note: In order to hide this table in the UI and the text report file, please set the "Show Parameter Settings in Synthesis Report" option in "Analysis and Synthesis Settings -> More Settings" to "Off".


+----------------------------------------------------------------------------------------------------------------------------------------------+
; Parameter Settings for User Entity Instance: OSMAN:CIRCUIT_0|InstrukcijskaMemorija:InstrukcijskaMemorijaKomp|altsyncram:altsyncram_component ;
+------------------------------------+---------------------------+-----------------------------------------------------------------------------+
; Parameter Name                     ; Value                     ; Type                                                                        ;
+------------------------------------+---------------------------+-----------------------------------------------------------------------------+
; BYTE_SIZE_BLOCK                    ; 8                         ; Untyped                                                                     ;
; AUTO_CARRY_CHAINS                  ; ON                        ; AUTO_CARRY                                                                  ;
; IGNORE_CARRY_BUFFERS               ; OFF                       ; IGNORE_CARRY                                                                ;
; AUTO_CASCADE_CHAINS                ; ON                        ; AUTO_CASCADE                                                                ;
; IGNORE_CASCADE_BUFFERS             ; OFF                       ; IGNORE_CASCADE                                                              ;
; WIDTH_BYTEENA                      ; 1                         ; Untyped                                                                     ;
; OPERATION_MODE                     ; ROM                       ; Untyped                                                                     ;
; WIDTH_A                            ; 16                        ; Signed Integer                                                              ;
; WIDTHAD_A                          ; 8                         ; Signed Integer                                                              ;
; NUMWORDS_A                         ; 256                       ; Signed Integer                                                              ;
; OUTDATA_REG_A                      ; UNREGISTERED              ; Untyped                                                                     ;
; ADDRESS_ACLR_A                     ; NONE                      ; Untyped                                                                     ;
; OUTDATA_ACLR_A                     ; NONE                      ; Untyped                                                                     ;
; WRCONTROL_ACLR_A                   ; NONE                      ; Untyped                                                                     ;
; INDATA_ACLR_A                      ; NONE                      ; Untyped                                                                     ;
; BYTEENA_ACLR_A                     ; NONE                      ; Untyped                                                                     ;
; WIDTH_B                            ; 1                         ; Signed Integer                                                              ;
; WIDTHAD_B                          ; 1                         ; Signed Integer                                                              ;
; NUMWORDS_B                         ; 0                         ; Signed Integer                                                              ;
; INDATA_REG_B                       ; CLOCK1                    ; Untyped                                                                     ;
; WRCONTROL_WRADDRESS_REG_B          ; CLOCK1                    ; Untyped                                                                     ;
; RDCONTROL_REG_B                    ; CLOCK1                    ; Untyped                                                                     ;
; ADDRESS_REG_B                      ; CLOCK1                    ; Untyped                                                                     ;
; OUTDATA_REG_B                      ; UNREGISTERED              ; Untyped                                                                     ;
; BYTEENA_REG_B                      ; CLOCK1                    ; Untyped                                                                     ;
; INDATA_ACLR_B                      ; NONE                      ; Untyped                                                                     ;
; WRCONTROL_ACLR_B                   ; NONE                      ; Untyped                                                                     ;
; ADDRESS_ACLR_B                     ; NONE                      ; Untyped                                                                     ;
; OUTDATA_ACLR_B                     ; NONE                      ; Untyped                                                                     ;
; RDCONTROL_ACLR_B                   ; NONE                      ; Untyped                                                                     ;
; BYTEENA_ACLR_B                     ; NONE                      ; Untyped                                                                     ;
; WIDTH_BYTEENA_A                    ; 1                         ; Signed Integer                                                              ;
; WIDTH_BYTEENA_B                    ; 1                         ; Signed Integer                                                              ;
; RAM_BLOCK_TYPE                     ; AUTO                      ; Untyped                                                                     ;
; BYTE_SIZE                          ; 8                         ; Signed Integer                                                              ;
; READ_DURING_WRITE_MODE_MIXED_PORTS ; DONT_CARE                 ; Untyped                                                                     ;
; READ_DURING_WRITE_MODE_PORT_A      ; NEW_DATA_NO_NBE_READ      ; Untyped                                                                     ;
; READ_DURING_WRITE_MODE_PORT_B      ; NEW_DATA_NO_NBE_READ      ; Untyped                                                                     ;
; INIT_FILE                          ; instrukcijskaMemorija.mif ; Untyped                                                                     ;
; INIT_FILE_LAYOUT                   ; PORT_A                    ; Untyped                                                                     ;
; MAXIMUM_DEPTH                      ; 0                         ; Signed Integer                                                              ;
; CLOCK_ENABLE_INPUT_A               ; BYPASS                    ; Untyped                                                                     ;
; CLOCK_ENABLE_INPUT_B               ; NORMAL                    ; Untyped                                                                     ;
; CLOCK_ENABLE_OUTPUT_A              ; BYPASS                    ; Untyped                                                                     ;
; CLOCK_ENABLE_OUTPUT_B              ; NORMAL                    ; Untyped                                                                     ;
; CLOCK_ENABLE_CORE_A                ; USE_INPUT_CLKEN           ; Untyped                                                                     ;
; CLOCK_ENABLE_CORE_B                ; USE_INPUT_CLKEN           ; Untyped                                                                     ;
; ENABLE_ECC                         ; FALSE                     ; Untyped                                                                     ;
; ECC_PIPELINE_STAGE_ENABLED         ; FALSE                     ; Untyped                                                                     ;
; WIDTH_ECCSTATUS                    ; 3                         ; Signed Integer                                                              ;
; DEVICE_FAMILY                      ; Cyclone V                 ; Untyped                                                                     ;
; CBXI_PARAMETER                     ; altsyncram_rc54           ; Untyped                                                                     ;
+------------------------------------+---------------------------+-----------------------------------------------------------------------------+
Note: In order to hide this table in the UI and the text report file, please set the "Show Parameter Settings in Synthesis Report" option in "Analysis and Synthesis Settings -> More Settings" to "Off".


+------------------------------------------------------------------------------------------+
; Parameter Settings for User Entity Instance: OSMAN:CIRCUIT_0|Multiplexer_bus_2:PLEXERS_1 ;
+----------------+-------+-----------------------------------------------------------------+
; Parameter Name ; Value ; Type                                                            ;
+----------------+-------+-----------------------------------------------------------------+
; nrofbits       ; 8     ; Signed Integer                                                  ;
+----------------+-------+-----------------------------------------------------------------+
Note: In order to hide this table in the UI and the text report file, please set the "Show Parameter Settings in Synthesis Report" option in "Analysis and Synthesis Settings -> More Settings" to "Off".


+------------------------------------------------------------------------------------------+
; Parameter Settings for User Entity Instance: OSMAN:CIRCUIT_0|Multiplexer_bus_2:PLEXERS_2 ;
+----------------+-------+-----------------------------------------------------------------+
; Parameter Name ; Value ; Type                                                            ;
+----------------+-------+-----------------------------------------------------------------+
; nrofbits       ; 8     ; Signed Integer                                                  ;
+----------------+-------+-----------------------------------------------------------------+
Note: In order to hide this table in the UI and the text report file, please set the "Show Parameter Settings in Synthesis Report" option in "Analysis and Synthesis Settings -> More Settings" to "Off".


+------------------------------------------------------------------------------------------+
; Parameter Settings for User Entity Instance: OSMAN:CIRCUIT_0|Multiplexer_bus_2:PLEXERS_3 ;
+----------------+-------+-----------------------------------------------------------------+
; Parameter Name ; Value ; Type                                                            ;
+----------------+-------+-----------------------------------------------------------------+
; nrofbits       ; 8     ; Signed Integer                                                  ;
+----------------+-------+-----------------------------------------------------------------+
Note: In order to hide this table in the UI and the text report file, please set the "Show Parameter Settings in Synthesis Report" option in "Analysis and Synthesis Settings -> More Settings" to "Off".


+------------------------------------------------------------------------------------------+
; Parameter Settings for User Entity Instance: OSMAN:CIRCUIT_0|Multiplexer_bus_2:PLEXERS_4 ;
+----------------+-------+-----------------------------------------------------------------+
; Parameter Name ; Value ; Type                                                            ;
+----------------+-------+-----------------------------------------------------------------+
; nrofbits       ; 8     ; Signed Integer                                                  ;
+----------------+-------+-----------------------------------------------------------------+
Note: In order to hide this table in the UI and the text report file, please set the "Show Parameter Settings in Synthesis Report" option in "Analysis and Synthesis Settings -> More Settings" to "Off".


+------------------------------------------------------------------------------------------+
; Parameter Settings for User Entity Instance: OSMAN:CIRCUIT_0|Multiplexer_bus_4:PLEXERS_5 ;
+----------------+-------+-----------------------------------------------------------------+
; Parameter Name ; Value ; Type                                                            ;
+----------------+-------+-----------------------------------------------------------------+
; nrofbits       ; 8     ; Signed Integer                                                  ;
+----------------+-------+-----------------------------------------------------------------+
Note: In order to hide this table in the UI and the text report file, please set the "Show Parameter Settings in Synthesis Report" option in "Analysis and Synthesis Settings -> More Settings" to "Off".


+------------------------------------------------------------------------------------------+
; Parameter Settings for User Entity Instance: OSMAN:CIRCUIT_0|Multiplexer_bus_4:PLEXERS_6 ;
+----------------+-------+-----------------------------------------------------------------+
; Parameter Name ; Value ; Type                                                            ;
+----------------+-------+-----------------------------------------------------------------+
; nrofbits       ; 8     ; Signed Integer                                                  ;
+----------------+-------+-----------------------------------------------------------------+
Note: In order to hide this table in the UI and the text report file, please set the "Show Parameter Settings in Synthesis Report" option in "Analysis and Synthesis Settings -> More Settings" to "Off".


+----------------------------------------------------------------------------------+
; Parameter Settings for User Entity Instance: OSMAN:CIRCUIT_0|D_FLIPFLOP:MEMORY_8 ;
+-------------------+-------+------------------------------------------------------+
; Parameter Name    ; Value ; Type                                                 ;
+-------------------+-------+------------------------------------------------------+
; invertclockenable ; 0     ; Signed Integer                                       ;
+-------------------+-------+------------------------------------------------------+
Note: In order to hide this table in the UI and the text report file, please set the "Show Parameter Settings in Synthesis Report" option in "Analysis and Synthesis Settings -> More Settings" to "Off".


+------------------------------------------------------------------------------------------------------+
; Parameter Settings for User Entity Instance: OSMAN:CIRCUIT_0|StatusniRegistar:SR|D_FLIPFLOP:MEMORY_5 ;
+-------------------+-------+--------------------------------------------------------------------------+
; Parameter Name    ; Value ; Type                                                                     ;
+-------------------+-------+--------------------------------------------------------------------------+
; invertclockenable ; 1     ; Signed Integer                                                           ;
+-------------------+-------+--------------------------------------------------------------------------+
Note: In order to hide this table in the UI and the text report file, please set the "Show Parameter Settings in Synthesis Report" option in "Analysis and Synthesis Settings -> More Settings" to "Off".


+------------------------------------------------------------------------------------------------------+
; Parameter Settings for User Entity Instance: OSMAN:CIRCUIT_0|StatusniRegistar:SR|D_FLIPFLOP:MEMORY_6 ;
+-------------------+-------+--------------------------------------------------------------------------+
; Parameter Name    ; Value ; Type                                                                     ;
+-------------------+-------+--------------------------------------------------------------------------+
; invertclockenable ; 1     ; Signed Integer                                                           ;
+-------------------+-------+--------------------------------------------------------------------------+
Note: In order to hide this table in the UI and the text report file, please set the "Show Parameter Settings in Synthesis Report" option in "Analysis and Synthesis Settings -> More Settings" to "Off".


+------------------------------------------------------------------------------------------------------+
; Parameter Settings for User Entity Instance: OSMAN:CIRCUIT_0|StatusniRegistar:SR|D_FLIPFLOP:MEMORY_7 ;
+-------------------+-------+--------------------------------------------------------------------------+
; Parameter Name    ; Value ; Type                                                                     ;
+-------------------+-------+--------------------------------------------------------------------------+
; invertclockenable ; 1     ; Signed Integer                                                           ;
+-------------------+-------+--------------------------------------------------------------------------+
Note: In order to hide this table in the UI and the text report file, please set the "Show Parameter Settings in Synthesis Report" option in "Analysis and Synthesis Settings -> More Settings" to "Off".


+------------------------------------------------------------------------------------------------------+
; Parameter Settings for User Entity Instance: OSMAN:CIRCUIT_0|StatusniRegistar:SR|D_FLIPFLOP:MEMORY_8 ;
+-------------------+-------+--------------------------------------------------------------------------+
; Parameter Name    ; Value ; Type                                                                     ;
+-------------------+-------+--------------------------------------------------------------------------+
; invertclockenable ; 1     ; Signed Integer                                                           ;
+-------------------+-------+--------------------------------------------------------------------------+
Note: In order to hide this table in the UI and the text report file, please set the "Show Parameter Settings in Synthesis Report" option in "Analysis and Synthesis Settings -> More Settings" to "Off".


+----------------------------------------------------------------------------------------------------+
; Parameter Settings for User Entity Instance: OSMAN:CIRCUIT_0|ALU8Bit:ALU|NOR_GATE_8_INPUTS:GATES_1 ;
+----------------+----------+------------------------------------------------------------------------+
; Parameter Name ; Value    ; Type                                                                   ;
+----------------+----------+------------------------------------------------------------------------+
; bubblesmask    ; 00000000 ; Unsigned Binary                                                        ;
+----------------+----------+------------------------------------------------------------------------+
Note: In order to hide this table in the UI and the text report file, please set the "Show Parameter Settings in Synthesis Report" option in "Analysis and Synthesis Settings -> More Settings" to "Off".


+--------------------------------------------------------------------------------------------------+
; Parameter Settings for User Entity Instance: OSMAN:CIRCUIT_0|ALU8Bit:ALU|XOR_GATE_ONEHOT:GATES_2 ;
+----------------+-------+-------------------------------------------------------------------------+
; Parameter Name ; Value ; Type                                                                    ;
+----------------+-------+-------------------------------------------------------------------------+
; bubblesmask    ; 00    ; Unsigned Binary                                                         ;
+----------------+-------+-------------------------------------------------------------------------+
Note: In order to hide this table in the UI and the text report file, please set the "Show Parameter Settings in Synthesis Report" option in "Analysis and Synthesis Settings -> More Settings" to "Off".


+----------------------------------------------------------------------------------------------------+
; Parameter Settings for User Entity Instance: OSMAN:CIRCUIT_0|ALU8Bit:ALU|AND_GATE_3_INPUTS:GATES_3 ;
+----------------+-------+---------------------------------------------------------------------------+
; Parameter Name ; Value ; Type                                                                      ;
+----------------+-------+---------------------------------------------------------------------------+
; bubblesmask    ; 000   ; Unsigned Binary                                                           ;
+----------------+-------+---------------------------------------------------------------------------+
Note: In order to hide this table in the UI and the text report file, please set the "Show Parameter Settings in Synthesis Report" option in "Analysis and Synthesis Settings -> More Settings" to "Off".


+------------------------------------------------------------------------------------------------------+
; Parameter Settings for User Entity Instance: OSMAN:CIRCUIT_0|ALU8Bit:ALU|Multiplexer_bus_4:PLEXERS_4 ;
+----------------+-------+-----------------------------------------------------------------------------+
; Parameter Name ; Value ; Type                                                                        ;
+----------------+-------+-----------------------------------------------------------------------------+
; nrofbits       ; 8     ; Signed Integer                                                              ;
+----------------+-------+-----------------------------------------------------------------------------+
Note: In order to hide this table in the UI and the text report file, please set the "Show Parameter Settings in Synthesis Report" option in "Analysis and Synthesis Settings -> More Settings" to "Off".


+--------------------------------------------------------------------------------------------------------------------+
; Parameter Settings for User Entity Instance: OSMAN:CIRCUIT_0|ALU8Bit:ALU|ALU1Bit:ALU1Bit_1|XOR_GATE_ONEHOT:GATES_1 ;
+----------------+-------+-------------------------------------------------------------------------------------------+
; Parameter Name ; Value ; Type                                                                                      ;
+----------------+-------+-------------------------------------------------------------------------------------------+
; bubblesmask    ; 00    ; Unsigned Binary                                                                           ;
+----------------+-------+-------------------------------------------------------------------------------------------+
Note: In order to hide this table in the UI and the text report file, please set the "Show Parameter Settings in Synthesis Report" option in "Analysis and Synthesis Settings -> More Settings" to "Off".


+-------------------------------------------------------------------------------------------------------------+
; Parameter Settings for User Entity Instance: OSMAN:CIRCUIT_0|ALU8Bit:ALU|ALU1Bit:ALU1Bit_1|AND_GATE:GATES_2 ;
+----------------+-------+------------------------------------------------------------------------------------+
; Parameter Name ; Value ; Type                                                                               ;
+----------------+-------+------------------------------------------------------------------------------------+
; bubblesmask    ; 00    ; Unsigned Binary                                                                    ;
+----------------+-------+------------------------------------------------------------------------------------+
Note: In order to hide this table in the UI and the text report file, please set the "Show Parameter Settings in Synthesis Report" option in "Analysis and Synthesis Settings -> More Settings" to "Off".


+------------------------------------------------------------------------------------------------------------+
; Parameter Settings for User Entity Instance: OSMAN:CIRCUIT_0|ALU8Bit:ALU|ALU1Bit:ALU1Bit_1|OR_GATE:GATES_3 ;
+----------------+-------+-----------------------------------------------------------------------------------+
; Parameter Name ; Value ; Type                                                                              ;
+----------------+-------+-----------------------------------------------------------------------------------+
; bubblesmask    ; 00    ; Unsigned Binary                                                                   ;
+----------------+-------+-----------------------------------------------------------------------------------+
Note: In order to hide this table in the UI and the text report file, please set the "Show Parameter Settings in Synthesis Report" option in "Analysis and Synthesis Settings -> More Settings" to "Off".


+--------------------------------------------------------------------------------------------------------------------+
; Parameter Settings for User Entity Instance: OSMAN:CIRCUIT_0|ALU8Bit:ALU|ALU1Bit:ALU1Bit_1|XOR_GATE_ONEHOT:GATES_4 ;
+----------------+-------+-------------------------------------------------------------------------------------------+
; Parameter Name ; Value ; Type                                                                                      ;
+----------------+-------+-------------------------------------------------------------------------------------------+
; bubblesmask    ; 00    ; Unsigned Binary                                                                           ;
+----------------+-------+-------------------------------------------------------------------------------------------+
Note: In order to hide this table in the UI and the text report file, please set the "Show Parameter Settings in Synthesis Report" option in "Analysis and Synthesis Settings -> More Settings" to "Off".


+------------------------------------------------------------------------------------------------------------------------------------------+
; Parameter Settings for User Entity Instance: OSMAN:CIRCUIT_0|ALU8Bit:ALU|ALU1Bit:ALU1Bit_1|FullAdder:FullAdder_1|XOR_GATE_ONEHOT:GATES_1 ;
+----------------+-------+-----------------------------------------------------------------------------------------------------------------+
; Parameter Name ; Value ; Type                                                                                                            ;
+----------------+-------+-----------------------------------------------------------------------------------------------------------------+
; bubblesmask    ; 00    ; Unsigned Binary                                                                                                 ;
+----------------+-------+-----------------------------------------------------------------------------------------------------------------+
Note: In order to hide this table in the UI and the text report file, please set the "Show Parameter Settings in Synthesis Report" option in "Analysis and Synthesis Settings -> More Settings" to "Off".


+------------------------------------------------------------------------------------------------------------------------------------------+
; Parameter Settings for User Entity Instance: OSMAN:CIRCUIT_0|ALU8Bit:ALU|ALU1Bit:ALU1Bit_1|FullAdder:FullAdder_1|XOR_GATE_ONEHOT:GATES_2 ;
+----------------+-------+-----------------------------------------------------------------------------------------------------------------+
; Parameter Name ; Value ; Type                                                                                                            ;
+----------------+-------+-----------------------------------------------------------------------------------------------------------------+
; bubblesmask    ; 00    ; Unsigned Binary                                                                                                 ;
+----------------+-------+-----------------------------------------------------------------------------------------------------------------+
Note: In order to hide this table in the UI and the text report file, please set the "Show Parameter Settings in Synthesis Report" option in "Analysis and Synthesis Settings -> More Settings" to "Off".


+-----------------------------------------------------------------------------------------------------------------------------------+
; Parameter Settings for User Entity Instance: OSMAN:CIRCUIT_0|ALU8Bit:ALU|ALU1Bit:ALU1Bit_1|FullAdder:FullAdder_1|AND_GATE:GATES_3 ;
+----------------+-------+----------------------------------------------------------------------------------------------------------+
; Parameter Name ; Value ; Type                                                                                                     ;
+----------------+-------+----------------------------------------------------------------------------------------------------------+
; bubblesmask    ; 00    ; Unsigned Binary                                                                                          ;
+----------------+-------+----------------------------------------------------------------------------------------------------------+
Note: In order to hide this table in the UI and the text report file, please set the "Show Parameter Settings in Synthesis Report" option in "Analysis and Synthesis Settings -> More Settings" to "Off".


+-----------------------------------------------------------------------------------------------------------------------------------+
; Parameter Settings for User Entity Instance: OSMAN:CIRCUIT_0|ALU8Bit:ALU|ALU1Bit:ALU1Bit_1|FullAdder:FullAdder_1|AND_GATE:GATES_4 ;
+----------------+-------+----------------------------------------------------------------------------------------------------------+
; Parameter Name ; Value ; Type                                                                                                     ;
+----------------+-------+----------------------------------------------------------------------------------------------------------+
; bubblesmask    ; 00    ; Unsigned Binary                                                                                          ;
+----------------+-------+----------------------------------------------------------------------------------------------------------+
Note: In order to hide this table in the UI and the text report file, please set the "Show Parameter Settings in Synthesis Report" option in "Analysis and Synthesis Settings -> More Settings" to "Off".


+----------------------------------------------------------------------------------------------------------------------------------+
; Parameter Settings for User Entity Instance: OSMAN:CIRCUIT_0|ALU8Bit:ALU|ALU1Bit:ALU1Bit_1|FullAdder:FullAdder_1|OR_GATE:GATES_5 ;
+----------------+-------+---------------------------------------------------------------------------------------------------------+
; Parameter Name ; Value ; Type                                                                                                    ;
+----------------+-------+---------------------------------------------------------------------------------------------------------+
; bubblesmask    ; 00    ; Unsigned Binary                                                                                         ;
+----------------+-------+---------------------------------------------------------------------------------------------------------+
Note: In order to hide this table in the UI and the text report file, please set the "Show Parameter Settings in Synthesis Report" option in "Analysis and Synthesis Settings -> More Settings" to "Off".


+--------------------------------------------------------------------------------------------------------------------+
; Parameter Settings for User Entity Instance: OSMAN:CIRCUIT_0|ALU8Bit:ALU|ALU1Bit:ALU1Bit_2|XOR_GATE_ONEHOT:GATES_1 ;
+----------------+-------+-------------------------------------------------------------------------------------------+
; Parameter Name ; Value ; Type                                                                                      ;
+----------------+-------+-------------------------------------------------------------------------------------------+
; bubblesmask    ; 00    ; Unsigned Binary                                                                           ;
+----------------+-------+-------------------------------------------------------------------------------------------+
Note: In order to hide this table in the UI and the text report file, please set the "Show Parameter Settings in Synthesis Report" option in "Analysis and Synthesis Settings -> More Settings" to "Off".


+-------------------------------------------------------------------------------------------------------------+
; Parameter Settings for User Entity Instance: OSMAN:CIRCUIT_0|ALU8Bit:ALU|ALU1Bit:ALU1Bit_2|AND_GATE:GATES_2 ;
+----------------+-------+------------------------------------------------------------------------------------+
; Parameter Name ; Value ; Type                                                                               ;
+----------------+-------+------------------------------------------------------------------------------------+
; bubblesmask    ; 00    ; Unsigned Binary                                                                    ;
+----------------+-------+------------------------------------------------------------------------------------+
Note: In order to hide this table in the UI and the text report file, please set the "Show Parameter Settings in Synthesis Report" option in "Analysis and Synthesis Settings -> More Settings" to "Off".


+------------------------------------------------------------------------------------------------------------+
; Parameter Settings for User Entity Instance: OSMAN:CIRCUIT_0|ALU8Bit:ALU|ALU1Bit:ALU1Bit_2|OR_GATE:GATES_3 ;
+----------------+-------+-----------------------------------------------------------------------------------+
; Parameter Name ; Value ; Type                                                                              ;
+----------------+-------+-----------------------------------------------------------------------------------+
; bubblesmask    ; 00    ; Unsigned Binary                                                                   ;
+----------------+-------+-----------------------------------------------------------------------------------+
Note: In order to hide this table in the UI and the text report file, please set the "Show Parameter Settings in Synthesis Report" option in "Analysis and Synthesis Settings -> More Settings" to "Off".


+--------------------------------------------------------------------------------------------------------------------+
; Parameter Settings for User Entity Instance: OSMAN:CIRCUIT_0|ALU8Bit:ALU|ALU1Bit:ALU1Bit_2|XOR_GATE_ONEHOT:GATES_4 ;
+----------------+-------+-------------------------------------------------------------------------------------------+
; Parameter Name ; Value ; Type                                                                                      ;
+----------------+-------+-------------------------------------------------------------------------------------------+
; bubblesmask    ; 00    ; Unsigned Binary                                                                           ;
+----------------+-------+-------------------------------------------------------------------------------------------+
Note: In order to hide this table in the UI and the text report file, please set the "Show Parameter Settings in Synthesis Report" option in "Analysis and Synthesis Settings -> More Settings" to "Off".


+------------------------------------------------------------------------------------------------------------------------------------------+
; Parameter Settings for User Entity Instance: OSMAN:CIRCUIT_0|ALU8Bit:ALU|ALU1Bit:ALU1Bit_2|FullAdder:FullAdder_1|XOR_GATE_ONEHOT:GATES_1 ;
+----------------+-------+-----------------------------------------------------------------------------------------------------------------+
; Parameter Name ; Value ; Type                                                                                                            ;
+----------------+-------+-----------------------------------------------------------------------------------------------------------------+
; bubblesmask    ; 00    ; Unsigned Binary                                                                                                 ;
+----------------+-------+-----------------------------------------------------------------------------------------------------------------+
Note: In order to hide this table in the UI and the text report file, please set the "Show Parameter Settings in Synthesis Report" option in "Analysis and Synthesis Settings -> More Settings" to "Off".


+------------------------------------------------------------------------------------------------------------------------------------------+
; Parameter Settings for User Entity Instance: OSMAN:CIRCUIT_0|ALU8Bit:ALU|ALU1Bit:ALU1Bit_2|FullAdder:FullAdder_1|XOR_GATE_ONEHOT:GATES_2 ;
+----------------+-------+-----------------------------------------------------------------------------------------------------------------+
; Parameter Name ; Value ; Type                                                                                                            ;
+----------------+-------+-----------------------------------------------------------------------------------------------------------------+
; bubblesmask    ; 00    ; Unsigned Binary                                                                                                 ;
+----------------+-------+-----------------------------------------------------------------------------------------------------------------+
Note: In order to hide this table in the UI and the text report file, please set the "Show Parameter Settings in Synthesis Report" option in "Analysis and Synthesis Settings -> More Settings" to "Off".


+-----------------------------------------------------------------------------------------------------------------------------------+
; Parameter Settings for User Entity Instance: OSMAN:CIRCUIT_0|ALU8Bit:ALU|ALU1Bit:ALU1Bit_2|FullAdder:FullAdder_1|AND_GATE:GATES_3 ;
+----------------+-------+----------------------------------------------------------------------------------------------------------+
; Parameter Name ; Value ; Type                                                                                                     ;
+----------------+-------+----------------------------------------------------------------------------------------------------------+
; bubblesmask    ; 00    ; Unsigned Binary                                                                                          ;
+----------------+-------+----------------------------------------------------------------------------------------------------------+
Note: In order to hide this table in the UI and the text report file, please set the "Show Parameter Settings in Synthesis Report" option in "Analysis and Synthesis Settings -> More Settings" to "Off".


+-----------------------------------------------------------------------------------------------------------------------------------+
; Parameter Settings for User Entity Instance: OSMAN:CIRCUIT_0|ALU8Bit:ALU|ALU1Bit:ALU1Bit_2|FullAdder:FullAdder_1|AND_GATE:GATES_4 ;
+----------------+-------+----------------------------------------------------------------------------------------------------------+
; Parameter Name ; Value ; Type                                                                                                     ;
+----------------+-------+----------------------------------------------------------------------------------------------------------+
; bubblesmask    ; 00    ; Unsigned Binary                                                                                          ;
+----------------+-------+----------------------------------------------------------------------------------------------------------+
Note: In order to hide this table in the UI and the text report file, please set the "Show Parameter Settings in Synthesis Report" option in "Analysis and Synthesis Settings -> More Settings" to "Off".


+----------------------------------------------------------------------------------------------------------------------------------+
; Parameter Settings for User Entity Instance: OSMAN:CIRCUIT_0|ALU8Bit:ALU|ALU1Bit:ALU1Bit_2|FullAdder:FullAdder_1|OR_GATE:GATES_5 ;
+----------------+-------+---------------------------------------------------------------------------------------------------------+
; Parameter Name ; Value ; Type                                                                                                    ;
+----------------+-------+---------------------------------------------------------------------------------------------------------+
; bubblesmask    ; 00    ; Unsigned Binary                                                                                         ;
+----------------+-------+---------------------------------------------------------------------------------------------------------+
Note: In order to hide this table in the UI and the text report file, please set the "Show Parameter Settings in Synthesis Report" option in "Analysis and Synthesis Settings -> More Settings" to "Off".


+--------------------------------------------------------------------------------------------------------------------+
; Parameter Settings for User Entity Instance: OSMAN:CIRCUIT_0|ALU8Bit:ALU|ALU1Bit:ALU1Bit_3|XOR_GATE_ONEHOT:GATES_1 ;
+----------------+-------+-------------------------------------------------------------------------------------------+
; Parameter Name ; Value ; Type                                                                                      ;
+----------------+-------+-------------------------------------------------------------------------------------------+
; bubblesmask    ; 00    ; Unsigned Binary                                                                           ;
+----------------+-------+-------------------------------------------------------------------------------------------+
Note: In order to hide this table in the UI and the text report file, please set the "Show Parameter Settings in Synthesis Report" option in "Analysis and Synthesis Settings -> More Settings" to "Off".


+-------------------------------------------------------------------------------------------------------------+
; Parameter Settings for User Entity Instance: OSMAN:CIRCUIT_0|ALU8Bit:ALU|ALU1Bit:ALU1Bit_3|AND_GATE:GATES_2 ;
+----------------+-------+------------------------------------------------------------------------------------+
; Parameter Name ; Value ; Type                                                                               ;
+----------------+-------+------------------------------------------------------------------------------------+
; bubblesmask    ; 00    ; Unsigned Binary                                                                    ;
+----------------+-------+------------------------------------------------------------------------------------+
Note: In order to hide this table in the UI and the text report file, please set the "Show Parameter Settings in Synthesis Report" option in "Analysis and Synthesis Settings -> More Settings" to "Off".


+------------------------------------------------------------------------------------------------------------+
; Parameter Settings for User Entity Instance: OSMAN:CIRCUIT_0|ALU8Bit:ALU|ALU1Bit:ALU1Bit_3|OR_GATE:GATES_3 ;
+----------------+-------+-----------------------------------------------------------------------------------+
; Parameter Name ; Value ; Type                                                                              ;
+----------------+-------+-----------------------------------------------------------------------------------+
; bubblesmask    ; 00    ; Unsigned Binary                                                                   ;
+----------------+-------+-----------------------------------------------------------------------------------+
Note: In order to hide this table in the UI and the text report file, please set the "Show Parameter Settings in Synthesis Report" option in "Analysis and Synthesis Settings -> More Settings" to "Off".


+--------------------------------------------------------------------------------------------------------------------+
; Parameter Settings for User Entity Instance: OSMAN:CIRCUIT_0|ALU8Bit:ALU|ALU1Bit:ALU1Bit_3|XOR_GATE_ONEHOT:GATES_4 ;
+----------------+-------+-------------------------------------------------------------------------------------------+
; Parameter Name ; Value ; Type                                                                                      ;
+----------------+-------+-------------------------------------------------------------------------------------------+
; bubblesmask    ; 00    ; Unsigned Binary                                                                           ;
+----------------+-------+-------------------------------------------------------------------------------------------+
Note: In order to hide this table in the UI and the text report file, please set the "Show Parameter Settings in Synthesis Report" option in "Analysis and Synthesis Settings -> More Settings" to "Off".


+------------------------------------------------------------------------------------------------------------------------------------------+
; Parameter Settings for User Entity Instance: OSMAN:CIRCUIT_0|ALU8Bit:ALU|ALU1Bit:ALU1Bit_3|FullAdder:FullAdder_1|XOR_GATE_ONEHOT:GATES_1 ;
+----------------+-------+-----------------------------------------------------------------------------------------------------------------+
; Parameter Name ; Value ; Type                                                                                                            ;
+----------------+-------+-----------------------------------------------------------------------------------------------------------------+
; bubblesmask    ; 00    ; Unsigned Binary                                                                                                 ;
+----------------+-------+-----------------------------------------------------------------------------------------------------------------+
Note: In order to hide this table in the UI and the text report file, please set the "Show Parameter Settings in Synthesis Report" option in "Analysis and Synthesis Settings -> More Settings" to "Off".


+------------------------------------------------------------------------------------------------------------------------------------------+
; Parameter Settings for User Entity Instance: OSMAN:CIRCUIT_0|ALU8Bit:ALU|ALU1Bit:ALU1Bit_3|FullAdder:FullAdder_1|XOR_GATE_ONEHOT:GATES_2 ;
+----------------+-------+-----------------------------------------------------------------------------------------------------------------+
; Parameter Name ; Value ; Type                                                                                                            ;
+----------------+-------+-----------------------------------------------------------------------------------------------------------------+
; bubblesmask    ; 00    ; Unsigned Binary                                                                                                 ;
+----------------+-------+-----------------------------------------------------------------------------------------------------------------+
Note: In order to hide this table in the UI and the text report file, please set the "Show Parameter Settings in Synthesis Report" option in "Analysis and Synthesis Settings -> More Settings" to "Off".


+-----------------------------------------------------------------------------------------------------------------------------------+
; Parameter Settings for User Entity Instance: OSMAN:CIRCUIT_0|ALU8Bit:ALU|ALU1Bit:ALU1Bit_3|FullAdder:FullAdder_1|AND_GATE:GATES_3 ;
+----------------+-------+----------------------------------------------------------------------------------------------------------+
; Parameter Name ; Value ; Type                                                                                                     ;
+----------------+-------+----------------------------------------------------------------------------------------------------------+
; bubblesmask    ; 00    ; Unsigned Binary                                                                                          ;
+----------------+-------+----------------------------------------------------------------------------------------------------------+
Note: In order to hide this table in the UI and the text report file, please set the "Show Parameter Settings in Synthesis Report" option in "Analysis and Synthesis Settings -> More Settings" to "Off".


+-----------------------------------------------------------------------------------------------------------------------------------+
; Parameter Settings for User Entity Instance: OSMAN:CIRCUIT_0|ALU8Bit:ALU|ALU1Bit:ALU1Bit_3|FullAdder:FullAdder_1|AND_GATE:GATES_4 ;
+----------------+-------+----------------------------------------------------------------------------------------------------------+
; Parameter Name ; Value ; Type                                                                                                     ;
+----------------+-------+----------------------------------------------------------------------------------------------------------+
; bubblesmask    ; 00    ; Unsigned Binary                                                                                          ;
+----------------+-------+----------------------------------------------------------------------------------------------------------+
Note: In order to hide this table in the UI and the text report file, please set the "Show Parameter Settings in Synthesis Report" option in "Analysis and Synthesis Settings -> More Settings" to "Off".


+----------------------------------------------------------------------------------------------------------------------------------+
; Parameter Settings for User Entity Instance: OSMAN:CIRCUIT_0|ALU8Bit:ALU|ALU1Bit:ALU1Bit_3|FullAdder:FullAdder_1|OR_GATE:GATES_5 ;
+----------------+-------+---------------------------------------------------------------------------------------------------------+
; Parameter Name ; Value ; Type                                                                                                    ;
+----------------+-------+---------------------------------------------------------------------------------------------------------+
; bubblesmask    ; 00    ; Unsigned Binary                                                                                         ;
+----------------+-------+---------------------------------------------------------------------------------------------------------+
Note: In order to hide this table in the UI and the text report file, please set the "Show Parameter Settings in Synthesis Report" option in "Analysis and Synthesis Settings -> More Settings" to "Off".


+--------------------------------------------------------------------------------------------------------------------+
; Parameter Settings for User Entity Instance: OSMAN:CIRCUIT_0|ALU8Bit:ALU|ALU1Bit:ALU1Bit_4|XOR_GATE_ONEHOT:GATES_1 ;
+----------------+-------+-------------------------------------------------------------------------------------------+
; Parameter Name ; Value ; Type                                                                                      ;
+----------------+-------+-------------------------------------------------------------------------------------------+
; bubblesmask    ; 00    ; Unsigned Binary                                                                           ;
+----------------+-------+-------------------------------------------------------------------------------------------+
Note: In order to hide this table in the UI and the text report file, please set the "Show Parameter Settings in Synthesis Report" option in "Analysis and Synthesis Settings -> More Settings" to "Off".


+-------------------------------------------------------------------------------------------------------------+
; Parameter Settings for User Entity Instance: OSMAN:CIRCUIT_0|ALU8Bit:ALU|ALU1Bit:ALU1Bit_4|AND_GATE:GATES_2 ;
+----------------+-------+------------------------------------------------------------------------------------+
; Parameter Name ; Value ; Type                                                                               ;
+----------------+-------+------------------------------------------------------------------------------------+
; bubblesmask    ; 00    ; Unsigned Binary                                                                    ;
+----------------+-------+------------------------------------------------------------------------------------+
Note: In order to hide this table in the UI and the text report file, please set the "Show Parameter Settings in Synthesis Report" option in "Analysis and Synthesis Settings -> More Settings" to "Off".


+------------------------------------------------------------------------------------------------------------+
; Parameter Settings for User Entity Instance: OSMAN:CIRCUIT_0|ALU8Bit:ALU|ALU1Bit:ALU1Bit_4|OR_GATE:GATES_3 ;
+----------------+-------+-----------------------------------------------------------------------------------+
; Parameter Name ; Value ; Type                                                                              ;
+----------------+-------+-----------------------------------------------------------------------------------+
; bubblesmask    ; 00    ; Unsigned Binary                                                                   ;
+----------------+-------+-----------------------------------------------------------------------------------+
Note: In order to hide this table in the UI and the text report file, please set the "Show Parameter Settings in Synthesis Report" option in "Analysis and Synthesis Settings -> More Settings" to "Off".


+--------------------------------------------------------------------------------------------------------------------+
; Parameter Settings for User Entity Instance: OSMAN:CIRCUIT_0|ALU8Bit:ALU|ALU1Bit:ALU1Bit_4|XOR_GATE_ONEHOT:GATES_4 ;
+----------------+-------+-------------------------------------------------------------------------------------------+
; Parameter Name ; Value ; Type                                                                                      ;
+----------------+-------+-------------------------------------------------------------------------------------------+
; bubblesmask    ; 00    ; Unsigned Binary                                                                           ;
+----------------+-------+-------------------------------------------------------------------------------------------+
Note: In order to hide this table in the UI and the text report file, please set the "Show Parameter Settings in Synthesis Report" option in "Analysis and Synthesis Settings -> More Settings" to "Off".


+------------------------------------------------------------------------------------------------------------------------------------------+
; Parameter Settings for User Entity Instance: OSMAN:CIRCUIT_0|ALU8Bit:ALU|ALU1Bit:ALU1Bit_4|FullAdder:FullAdder_1|XOR_GATE_ONEHOT:GATES_1 ;
+----------------+-------+-----------------------------------------------------------------------------------------------------------------+
; Parameter Name ; Value ; Type                                                                                                            ;
+----------------+-------+-----------------------------------------------------------------------------------------------------------------+
; bubblesmask    ; 00    ; Unsigned Binary                                                                                                 ;
+----------------+-------+-----------------------------------------------------------------------------------------------------------------+
Note: In order to hide this table in the UI and the text report file, please set the "Show Parameter Settings in Synthesis Report" option in "Analysis and Synthesis Settings -> More Settings" to "Off".


+------------------------------------------------------------------------------------------------------------------------------------------+
; Parameter Settings for User Entity Instance: OSMAN:CIRCUIT_0|ALU8Bit:ALU|ALU1Bit:ALU1Bit_4|FullAdder:FullAdder_1|XOR_GATE_ONEHOT:GATES_2 ;
+----------------+-------+-----------------------------------------------------------------------------------------------------------------+
; Parameter Name ; Value ; Type                                                                                                            ;
+----------------+-------+-----------------------------------------------------------------------------------------------------------------+
; bubblesmask    ; 00    ; Unsigned Binary                                                                                                 ;
+----------------+-------+-----------------------------------------------------------------------------------------------------------------+
Note: In order to hide this table in the UI and the text report file, please set the "Show Parameter Settings in Synthesis Report" option in "Analysis and Synthesis Settings -> More Settings" to "Off".


+-----------------------------------------------------------------------------------------------------------------------------------+
; Parameter Settings for User Entity Instance: OSMAN:CIRCUIT_0|ALU8Bit:ALU|ALU1Bit:ALU1Bit_4|FullAdder:FullAdder_1|AND_GATE:GATES_3 ;
+----------------+-------+----------------------------------------------------------------------------------------------------------+
; Parameter Name ; Value ; Type                                                                                                     ;
+----------------+-------+----------------------------------------------------------------------------------------------------------+
; bubblesmask    ; 00    ; Unsigned Binary                                                                                          ;
+----------------+-------+----------------------------------------------------------------------------------------------------------+
Note: In order to hide this table in the UI and the text report file, please set the "Show Parameter Settings in Synthesis Report" option in "Analysis and Synthesis Settings -> More Settings" to "Off".


+-----------------------------------------------------------------------------------------------------------------------------------+
; Parameter Settings for User Entity Instance: OSMAN:CIRCUIT_0|ALU8Bit:ALU|ALU1Bit:ALU1Bit_4|FullAdder:FullAdder_1|AND_GATE:GATES_4 ;
+----------------+-------+----------------------------------------------------------------------------------------------------------+
; Parameter Name ; Value ; Type                                                                                                     ;
+----------------+-------+----------------------------------------------------------------------------------------------------------+
; bubblesmask    ; 00    ; Unsigned Binary                                                                                          ;
+----------------+-------+----------------------------------------------------------------------------------------------------------+
Note: In order to hide this table in the UI and the text report file, please set the "Show Parameter Settings in Synthesis Report" option in "Analysis and Synthesis Settings -> More Settings" to "Off".


+----------------------------------------------------------------------------------------------------------------------------------+
; Parameter Settings for User Entity Instance: OSMAN:CIRCUIT_0|ALU8Bit:ALU|ALU1Bit:ALU1Bit_4|FullAdder:FullAdder_1|OR_GATE:GATES_5 ;
+----------------+-------+---------------------------------------------------------------------------------------------------------+
; Parameter Name ; Value ; Type                                                                                                    ;
+----------------+-------+---------------------------------------------------------------------------------------------------------+
; bubblesmask    ; 00    ; Unsigned Binary                                                                                         ;
+----------------+-------+---------------------------------------------------------------------------------------------------------+
Note: In order to hide this table in the UI and the text report file, please set the "Show Parameter Settings in Synthesis Report" option in "Analysis and Synthesis Settings -> More Settings" to "Off".


+--------------------------------------------------------------------------------------------------------------------+
; Parameter Settings for User Entity Instance: OSMAN:CIRCUIT_0|ALU8Bit:ALU|ALU1Bit:ALU1Bit_5|XOR_GATE_ONEHOT:GATES_1 ;
+----------------+-------+-------------------------------------------------------------------------------------------+
; Parameter Name ; Value ; Type                                                                                      ;
+----------------+-------+-------------------------------------------------------------------------------------------+
; bubblesmask    ; 00    ; Unsigned Binary                                                                           ;
+----------------+-------+-------------------------------------------------------------------------------------------+
Note: In order to hide this table in the UI and the text report file, please set the "Show Parameter Settings in Synthesis Report" option in "Analysis and Synthesis Settings -> More Settings" to "Off".


+-------------------------------------------------------------------------------------------------------------+
; Parameter Settings for User Entity Instance: OSMAN:CIRCUIT_0|ALU8Bit:ALU|ALU1Bit:ALU1Bit_5|AND_GATE:GATES_2 ;
+----------------+-------+------------------------------------------------------------------------------------+
; Parameter Name ; Value ; Type                                                                               ;
+----------------+-------+------------------------------------------------------------------------------------+
; bubblesmask    ; 00    ; Unsigned Binary                                                                    ;
+----------------+-------+------------------------------------------------------------------------------------+
Note: In order to hide this table in the UI and the text report file, please set the "Show Parameter Settings in Synthesis Report" option in "Analysis and Synthesis Settings -> More Settings" to "Off".


+------------------------------------------------------------------------------------------------------------+
; Parameter Settings for User Entity Instance: OSMAN:CIRCUIT_0|ALU8Bit:ALU|ALU1Bit:ALU1Bit_5|OR_GATE:GATES_3 ;
+----------------+-------+-----------------------------------------------------------------------------------+
; Parameter Name ; Value ; Type                                                                              ;
+----------------+-------+-----------------------------------------------------------------------------------+
; bubblesmask    ; 00    ; Unsigned Binary                                                                   ;
+----------------+-------+-----------------------------------------------------------------------------------+
Note: In order to hide this table in the UI and the text report file, please set the "Show Parameter Settings in Synthesis Report" option in "Analysis and Synthesis Settings -> More Settings" to "Off".


+--------------------------------------------------------------------------------------------------------------------+
; Parameter Settings for User Entity Instance: OSMAN:CIRCUIT_0|ALU8Bit:ALU|ALU1Bit:ALU1Bit_5|XOR_GATE_ONEHOT:GATES_4 ;
+----------------+-------+-------------------------------------------------------------------------------------------+
; Parameter Name ; Value ; Type                                                                                      ;
+----------------+-------+-------------------------------------------------------------------------------------------+
; bubblesmask    ; 00    ; Unsigned Binary                                                                           ;
+----------------+-------+-------------------------------------------------------------------------------------------+
Note: In order to hide this table in the UI and the text report file, please set the "Show Parameter Settings in Synthesis Report" option in "Analysis and Synthesis Settings -> More Settings" to "Off".


+------------------------------------------------------------------------------------------------------------------------------------------+
; Parameter Settings for User Entity Instance: OSMAN:CIRCUIT_0|ALU8Bit:ALU|ALU1Bit:ALU1Bit_5|FullAdder:FullAdder_1|XOR_GATE_ONEHOT:GATES_1 ;
+----------------+-------+-----------------------------------------------------------------------------------------------------------------+
; Parameter Name ; Value ; Type                                                                                                            ;
+----------------+-------+-----------------------------------------------------------------------------------------------------------------+
; bubblesmask    ; 00    ; Unsigned Binary                                                                                                 ;
+----------------+-------+-----------------------------------------------------------------------------------------------------------------+
Note: In order to hide this table in the UI and the text report file, please set the "Show Parameter Settings in Synthesis Report" option in "Analysis and Synthesis Settings -> More Settings" to "Off".


+------------------------------------------------------------------------------------------------------------------------------------------+
; Parameter Settings for User Entity Instance: OSMAN:CIRCUIT_0|ALU8Bit:ALU|ALU1Bit:ALU1Bit_5|FullAdder:FullAdder_1|XOR_GATE_ONEHOT:GATES_2 ;
+----------------+-------+-----------------------------------------------------------------------------------------------------------------+
; Parameter Name ; Value ; Type                                                                                                            ;
+----------------+-------+-----------------------------------------------------------------------------------------------------------------+
; bubblesmask    ; 00    ; Unsigned Binary                                                                                                 ;
+----------------+-------+-----------------------------------------------------------------------------------------------------------------+
Note: In order to hide this table in the UI and the text report file, please set the "Show Parameter Settings in Synthesis Report" option in "Analysis and Synthesis Settings -> More Settings" to "Off".


+-----------------------------------------------------------------------------------------------------------------------------------+
; Parameter Settings for User Entity Instance: OSMAN:CIRCUIT_0|ALU8Bit:ALU|ALU1Bit:ALU1Bit_5|FullAdder:FullAdder_1|AND_GATE:GATES_3 ;
+----------------+-------+----------------------------------------------------------------------------------------------------------+
; Parameter Name ; Value ; Type                                                                                                     ;
+----------------+-------+----------------------------------------------------------------------------------------------------------+
; bubblesmask    ; 00    ; Unsigned Binary                                                                                          ;
+----------------+-------+----------------------------------------------------------------------------------------------------------+
Note: In order to hide this table in the UI and the text report file, please set the "Show Parameter Settings in Synthesis Report" option in "Analysis and Synthesis Settings -> More Settings" to "Off".


+-----------------------------------------------------------------------------------------------------------------------------------+
; Parameter Settings for User Entity Instance: OSMAN:CIRCUIT_0|ALU8Bit:ALU|ALU1Bit:ALU1Bit_5|FullAdder:FullAdder_1|AND_GATE:GATES_4 ;
+----------------+-------+----------------------------------------------------------------------------------------------------------+
; Parameter Name ; Value ; Type                                                                                                     ;
+----------------+-------+----------------------------------------------------------------------------------------------------------+
; bubblesmask    ; 00    ; Unsigned Binary                                                                                          ;
+----------------+-------+----------------------------------------------------------------------------------------------------------+
Note: In order to hide this table in the UI and the text report file, please set the "Show Parameter Settings in Synthesis Report" option in "Analysis and Synthesis Settings -> More Settings" to "Off".


+----------------------------------------------------------------------------------------------------------------------------------+
; Parameter Settings for User Entity Instance: OSMAN:CIRCUIT_0|ALU8Bit:ALU|ALU1Bit:ALU1Bit_5|FullAdder:FullAdder_1|OR_GATE:GATES_5 ;
+----------------+-------+---------------------------------------------------------------------------------------------------------+
; Parameter Name ; Value ; Type                                                                                                    ;
+----------------+-------+---------------------------------------------------------------------------------------------------------+
; bubblesmask    ; 00    ; Unsigned Binary                                                                                         ;
+----------------+-------+---------------------------------------------------------------------------------------------------------+
Note: In order to hide this table in the UI and the text report file, please set the "Show Parameter Settings in Synthesis Report" option in "Analysis and Synthesis Settings -> More Settings" to "Off".


+--------------------------------------------------------------------------------------------------------------------+
; Parameter Settings for User Entity Instance: OSMAN:CIRCUIT_0|ALU8Bit:ALU|ALU1Bit:ALU1Bit_6|XOR_GATE_ONEHOT:GATES_1 ;
+----------------+-------+-------------------------------------------------------------------------------------------+
; Parameter Name ; Value ; Type                                                                                      ;
+----------------+-------+-------------------------------------------------------------------------------------------+
; bubblesmask    ; 00    ; Unsigned Binary                                                                           ;
+----------------+-------+-------------------------------------------------------------------------------------------+
Note: In order to hide this table in the UI and the text report file, please set the "Show Parameter Settings in Synthesis Report" option in "Analysis and Synthesis Settings -> More Settings" to "Off".


+-------------------------------------------------------------------------------------------------------------+
; Parameter Settings for User Entity Instance: OSMAN:CIRCUIT_0|ALU8Bit:ALU|ALU1Bit:ALU1Bit_6|AND_GATE:GATES_2 ;
+----------------+-------+------------------------------------------------------------------------------------+
; Parameter Name ; Value ; Type                                                                               ;
+----------------+-------+------------------------------------------------------------------------------------+
; bubblesmask    ; 00    ; Unsigned Binary                                                                    ;
+----------------+-------+------------------------------------------------------------------------------------+
Note: In order to hide this table in the UI and the text report file, please set the "Show Parameter Settings in Synthesis Report" option in "Analysis and Synthesis Settings -> More Settings" to "Off".


+------------------------------------------------------------------------------------------------------------+
; Parameter Settings for User Entity Instance: OSMAN:CIRCUIT_0|ALU8Bit:ALU|ALU1Bit:ALU1Bit_6|OR_GATE:GATES_3 ;
+----------------+-------+-----------------------------------------------------------------------------------+
; Parameter Name ; Value ; Type                                                                              ;
+----------------+-------+-----------------------------------------------------------------------------------+
; bubblesmask    ; 00    ; Unsigned Binary                                                                   ;
+----------------+-------+-----------------------------------------------------------------------------------+
Note: In order to hide this table in the UI and the text report file, please set the "Show Parameter Settings in Synthesis Report" option in "Analysis and Synthesis Settings -> More Settings" to "Off".


+--------------------------------------------------------------------------------------------------------------------+
; Parameter Settings for User Entity Instance: OSMAN:CIRCUIT_0|ALU8Bit:ALU|ALU1Bit:ALU1Bit_6|XOR_GATE_ONEHOT:GATES_4 ;
+----------------+-------+-------------------------------------------------------------------------------------------+
; Parameter Name ; Value ; Type                                                                                      ;
+----------------+-------+-------------------------------------------------------------------------------------------+
; bubblesmask    ; 00    ; Unsigned Binary                                                                           ;
+----------------+-------+-------------------------------------------------------------------------------------------+
Note: In order to hide this table in the UI and the text report file, please set the "Show Parameter Settings in Synthesis Report" option in "Analysis and Synthesis Settings -> More Settings" to "Off".


+------------------------------------------------------------------------------------------------------------------------------------------+
; Parameter Settings for User Entity Instance: OSMAN:CIRCUIT_0|ALU8Bit:ALU|ALU1Bit:ALU1Bit_6|FullAdder:FullAdder_1|XOR_GATE_ONEHOT:GATES_1 ;
+----------------+-------+-----------------------------------------------------------------------------------------------------------------+
; Parameter Name ; Value ; Type                                                                                                            ;
+----------------+-------+-----------------------------------------------------------------------------------------------------------------+
; bubblesmask    ; 00    ; Unsigned Binary                                                                                                 ;
+----------------+-------+-----------------------------------------------------------------------------------------------------------------+
Note: In order to hide this table in the UI and the text report file, please set the "Show Parameter Settings in Synthesis Report" option in "Analysis and Synthesis Settings -> More Settings" to "Off".


+------------------------------------------------------------------------------------------------------------------------------------------+
; Parameter Settings for User Entity Instance: OSMAN:CIRCUIT_0|ALU8Bit:ALU|ALU1Bit:ALU1Bit_6|FullAdder:FullAdder_1|XOR_GATE_ONEHOT:GATES_2 ;
+----------------+-------+-----------------------------------------------------------------------------------------------------------------+
; Parameter Name ; Value ; Type                                                                                                            ;
+----------------+-------+-----------------------------------------------------------------------------------------------------------------+
; bubblesmask    ; 00    ; Unsigned Binary                                                                                                 ;
+----------------+-------+-----------------------------------------------------------------------------------------------------------------+
Note: In order to hide this table in the UI and the text report file, please set the "Show Parameter Settings in Synthesis Report" option in "Analysis and Synthesis Settings -> More Settings" to "Off".


+-----------------------------------------------------------------------------------------------------------------------------------+
; Parameter Settings for User Entity Instance: OSMAN:CIRCUIT_0|ALU8Bit:ALU|ALU1Bit:ALU1Bit_6|FullAdder:FullAdder_1|AND_GATE:GATES_3 ;
+----------------+-------+----------------------------------------------------------------------------------------------------------+
; Parameter Name ; Value ; Type                                                                                                     ;
+----------------+-------+----------------------------------------------------------------------------------------------------------+
; bubblesmask    ; 00    ; Unsigned Binary                                                                                          ;
+----------------+-------+----------------------------------------------------------------------------------------------------------+
Note: In order to hide this table in the UI and the text report file, please set the "Show Parameter Settings in Synthesis Report" option in "Analysis and Synthesis Settings -> More Settings" to "Off".


+-----------------------------------------------------------------------------------------------------------------------------------+
; Parameter Settings for User Entity Instance: OSMAN:CIRCUIT_0|ALU8Bit:ALU|ALU1Bit:ALU1Bit_6|FullAdder:FullAdder_1|AND_GATE:GATES_4 ;
+----------------+-------+----------------------------------------------------------------------------------------------------------+
; Parameter Name ; Value ; Type                                                                                                     ;
+----------------+-------+----------------------------------------------------------------------------------------------------------+
; bubblesmask    ; 00    ; Unsigned Binary                                                                                          ;
+----------------+-------+----------------------------------------------------------------------------------------------------------+
Note: In order to hide this table in the UI and the text report file, please set the "Show Parameter Settings in Synthesis Report" option in "Analysis and Synthesis Settings -> More Settings" to "Off".


+----------------------------------------------------------------------------------------------------------------------------------+
; Parameter Settings for User Entity Instance: OSMAN:CIRCUIT_0|ALU8Bit:ALU|ALU1Bit:ALU1Bit_6|FullAdder:FullAdder_1|OR_GATE:GATES_5 ;
+----------------+-------+---------------------------------------------------------------------------------------------------------+
; Parameter Name ; Value ; Type                                                                                                    ;
+----------------+-------+---------------------------------------------------------------------------------------------------------+
; bubblesmask    ; 00    ; Unsigned Binary                                                                                         ;
+----------------+-------+---------------------------------------------------------------------------------------------------------+
Note: In order to hide this table in the UI and the text report file, please set the "Show Parameter Settings in Synthesis Report" option in "Analysis and Synthesis Settings -> More Settings" to "Off".


+--------------------------------------------------------------------------------------------------------------------+
; Parameter Settings for User Entity Instance: OSMAN:CIRCUIT_0|ALU8Bit:ALU|ALU1Bit:ALU1Bit_7|XOR_GATE_ONEHOT:GATES_1 ;
+----------------+-------+-------------------------------------------------------------------------------------------+
; Parameter Name ; Value ; Type                                                                                      ;
+----------------+-------+-------------------------------------------------------------------------------------------+
; bubblesmask    ; 00    ; Unsigned Binary                                                                           ;
+----------------+-------+-------------------------------------------------------------------------------------------+
Note: In order to hide this table in the UI and the text report file, please set the "Show Parameter Settings in Synthesis Report" option in "Analysis and Synthesis Settings -> More Settings" to "Off".


+-------------------------------------------------------------------------------------------------------------+
; Parameter Settings for User Entity Instance: OSMAN:CIRCUIT_0|ALU8Bit:ALU|ALU1Bit:ALU1Bit_7|AND_GATE:GATES_2 ;
+----------------+-------+------------------------------------------------------------------------------------+
; Parameter Name ; Value ; Type                                                                               ;
+----------------+-------+------------------------------------------------------------------------------------+
; bubblesmask    ; 00    ; Unsigned Binary                                                                    ;
+----------------+-------+------------------------------------------------------------------------------------+
Note: In order to hide this table in the UI and the text report file, please set the "Show Parameter Settings in Synthesis Report" option in "Analysis and Synthesis Settings -> More Settings" to "Off".


+------------------------------------------------------------------------------------------------------------+
; Parameter Settings for User Entity Instance: OSMAN:CIRCUIT_0|ALU8Bit:ALU|ALU1Bit:ALU1Bit_7|OR_GATE:GATES_3 ;
+----------------+-------+-----------------------------------------------------------------------------------+
; Parameter Name ; Value ; Type                                                                              ;
+----------------+-------+-----------------------------------------------------------------------------------+
; bubblesmask    ; 00    ; Unsigned Binary                                                                   ;
+----------------+-------+-----------------------------------------------------------------------------------+
Note: In order to hide this table in the UI and the text report file, please set the "Show Parameter Settings in Synthesis Report" option in "Analysis and Synthesis Settings -> More Settings" to "Off".


+--------------------------------------------------------------------------------------------------------------------+
; Parameter Settings for User Entity Instance: OSMAN:CIRCUIT_0|ALU8Bit:ALU|ALU1Bit:ALU1Bit_7|XOR_GATE_ONEHOT:GATES_4 ;
+----------------+-------+-------------------------------------------------------------------------------------------+
; Parameter Name ; Value ; Type                                                                                      ;
+----------------+-------+-------------------------------------------------------------------------------------------+
; bubblesmask    ; 00    ; Unsigned Binary                                                                           ;
+----------------+-------+-------------------------------------------------------------------------------------------+
Note: In order to hide this table in the UI and the text report file, please set the "Show Parameter Settings in Synthesis Report" option in "Analysis and Synthesis Settings -> More Settings" to "Off".


+------------------------------------------------------------------------------------------------------------------------------------------+
; Parameter Settings for User Entity Instance: OSMAN:CIRCUIT_0|ALU8Bit:ALU|ALU1Bit:ALU1Bit_7|FullAdder:FullAdder_1|XOR_GATE_ONEHOT:GATES_1 ;
+----------------+-------+-----------------------------------------------------------------------------------------------------------------+
; Parameter Name ; Value ; Type                                                                                                            ;
+----------------+-------+-----------------------------------------------------------------------------------------------------------------+
; bubblesmask    ; 00    ; Unsigned Binary                                                                                                 ;
+----------------+-------+-----------------------------------------------------------------------------------------------------------------+
Note: In order to hide this table in the UI and the text report file, please set the "Show Parameter Settings in Synthesis Report" option in "Analysis and Synthesis Settings -> More Settings" to "Off".


+------------------------------------------------------------------------------------------------------------------------------------------+
; Parameter Settings for User Entity Instance: OSMAN:CIRCUIT_0|ALU8Bit:ALU|ALU1Bit:ALU1Bit_7|FullAdder:FullAdder_1|XOR_GATE_ONEHOT:GATES_2 ;
+----------------+-------+-----------------------------------------------------------------------------------------------------------------+
; Parameter Name ; Value ; Type                                                                                                            ;
+----------------+-------+-----------------------------------------------------------------------------------------------------------------+
; bubblesmask    ; 00    ; Unsigned Binary                                                                                                 ;
+----------------+-------+-----------------------------------------------------------------------------------------------------------------+
Note: In order to hide this table in the UI and the text report file, please set the "Show Parameter Settings in Synthesis Report" option in "Analysis and Synthesis Settings -> More Settings" to "Off".


+-----------------------------------------------------------------------------------------------------------------------------------+
; Parameter Settings for User Entity Instance: OSMAN:CIRCUIT_0|ALU8Bit:ALU|ALU1Bit:ALU1Bit_7|FullAdder:FullAdder_1|AND_GATE:GATES_3 ;
+----------------+-------+----------------------------------------------------------------------------------------------------------+
; Parameter Name ; Value ; Type                                                                                                     ;
+----------------+-------+----------------------------------------------------------------------------------------------------------+
; bubblesmask    ; 00    ; Unsigned Binary                                                                                          ;
+----------------+-------+----------------------------------------------------------------------------------------------------------+
Note: In order to hide this table in the UI and the text report file, please set the "Show Parameter Settings in Synthesis Report" option in "Analysis and Synthesis Settings -> More Settings" to "Off".


+-----------------------------------------------------------------------------------------------------------------------------------+
; Parameter Settings for User Entity Instance: OSMAN:CIRCUIT_0|ALU8Bit:ALU|ALU1Bit:ALU1Bit_7|FullAdder:FullAdder_1|AND_GATE:GATES_4 ;
+----------------+-------+----------------------------------------------------------------------------------------------------------+
; Parameter Name ; Value ; Type                                                                                                     ;
+----------------+-------+----------------------------------------------------------------------------------------------------------+
; bubblesmask    ; 00    ; Unsigned Binary                                                                                          ;
+----------------+-------+----------------------------------------------------------------------------------------------------------+
Note: In order to hide this table in the UI and the text report file, please set the "Show Parameter Settings in Synthesis Report" option in "Analysis and Synthesis Settings -> More Settings" to "Off".


+----------------------------------------------------------------------------------------------------------------------------------+
; Parameter Settings for User Entity Instance: OSMAN:CIRCUIT_0|ALU8Bit:ALU|ALU1Bit:ALU1Bit_7|FullAdder:FullAdder_1|OR_GATE:GATES_5 ;
+----------------+-------+---------------------------------------------------------------------------------------------------------+
; Parameter Name ; Value ; Type                                                                                                    ;
+----------------+-------+---------------------------------------------------------------------------------------------------------+
; bubblesmask    ; 00    ; Unsigned Binary                                                                                         ;
+----------------+-------+---------------------------------------------------------------------------------------------------------+
Note: In order to hide this table in the UI and the text report file, please set the "Show Parameter Settings in Synthesis Report" option in "Analysis and Synthesis Settings -> More Settings" to "Off".


+--------------------------------------------------------------------------------------------------------------------+
; Parameter Settings for User Entity Instance: OSMAN:CIRCUIT_0|ALU8Bit:ALU|ALU1Bit:ALU1Bit_8|XOR_GATE_ONEHOT:GATES_1 ;
+----------------+-------+-------------------------------------------------------------------------------------------+
; Parameter Name ; Value ; Type                                                                                      ;
+----------------+-------+-------------------------------------------------------------------------------------------+
; bubblesmask    ; 00    ; Unsigned Binary                                                                           ;
+----------------+-------+-------------------------------------------------------------------------------------------+
Note: In order to hide this table in the UI and the text report file, please set the "Show Parameter Settings in Synthesis Report" option in "Analysis and Synthesis Settings -> More Settings" to "Off".


+-------------------------------------------------------------------------------------------------------------+
; Parameter Settings for User Entity Instance: OSMAN:CIRCUIT_0|ALU8Bit:ALU|ALU1Bit:ALU1Bit_8|AND_GATE:GATES_2 ;
+----------------+-------+------------------------------------------------------------------------------------+
; Parameter Name ; Value ; Type                                                                               ;
+----------------+-------+------------------------------------------------------------------------------------+
; bubblesmask    ; 00    ; Unsigned Binary                                                                    ;
+----------------+-------+------------------------------------------------------------------------------------+
Note: In order to hide this table in the UI and the text report file, please set the "Show Parameter Settings in Synthesis Report" option in "Analysis and Synthesis Settings -> More Settings" to "Off".


+------------------------------------------------------------------------------------------------------------+
; Parameter Settings for User Entity Instance: OSMAN:CIRCUIT_0|ALU8Bit:ALU|ALU1Bit:ALU1Bit_8|OR_GATE:GATES_3 ;
+----------------+-------+-----------------------------------------------------------------------------------+
; Parameter Name ; Value ; Type                                                                              ;
+----------------+-------+-----------------------------------------------------------------------------------+
; bubblesmask    ; 00    ; Unsigned Binary                                                                   ;
+----------------+-------+-----------------------------------------------------------------------------------+
Note: In order to hide this table in the UI and the text report file, please set the "Show Parameter Settings in Synthesis Report" option in "Analysis and Synthesis Settings -> More Settings" to "Off".


+--------------------------------------------------------------------------------------------------------------------+
; Parameter Settings for User Entity Instance: OSMAN:CIRCUIT_0|ALU8Bit:ALU|ALU1Bit:ALU1Bit_8|XOR_GATE_ONEHOT:GATES_4 ;
+----------------+-------+-------------------------------------------------------------------------------------------+
; Parameter Name ; Value ; Type                                                                                      ;
+----------------+-------+-------------------------------------------------------------------------------------------+
; bubblesmask    ; 00    ; Unsigned Binary                                                                           ;
+----------------+-------+-------------------------------------------------------------------------------------------+
Note: In order to hide this table in the UI and the text report file, please set the "Show Parameter Settings in Synthesis Report" option in "Analysis and Synthesis Settings -> More Settings" to "Off".


+------------------------------------------------------------------------------------------------------------------------------------------+
; Parameter Settings for User Entity Instance: OSMAN:CIRCUIT_0|ALU8Bit:ALU|ALU1Bit:ALU1Bit_8|FullAdder:FullAdder_1|XOR_GATE_ONEHOT:GATES_1 ;
+----------------+-------+-----------------------------------------------------------------------------------------------------------------+
; Parameter Name ; Value ; Type                                                                                                            ;
+----------------+-------+-----------------------------------------------------------------------------------------------------------------+
; bubblesmask    ; 00    ; Unsigned Binary                                                                                                 ;
+----------------+-------+-----------------------------------------------------------------------------------------------------------------+
Note: In order to hide this table in the UI and the text report file, please set the "Show Parameter Settings in Synthesis Report" option in "Analysis and Synthesis Settings -> More Settings" to "Off".


+------------------------------------------------------------------------------------------------------------------------------------------+
; Parameter Settings for User Entity Instance: OSMAN:CIRCUIT_0|ALU8Bit:ALU|ALU1Bit:ALU1Bit_8|FullAdder:FullAdder_1|XOR_GATE_ONEHOT:GATES_2 ;
+----------------+-------+-----------------------------------------------------------------------------------------------------------------+
; Parameter Name ; Value ; Type                                                                                                            ;
+----------------+-------+-----------------------------------------------------------------------------------------------------------------+
; bubblesmask    ; 00    ; Unsigned Binary                                                                                                 ;
+----------------+-------+-----------------------------------------------------------------------------------------------------------------+
Note: In order to hide this table in the UI and the text report file, please set the "Show Parameter Settings in Synthesis Report" option in "Analysis and Synthesis Settings -> More Settings" to "Off".


+-----------------------------------------------------------------------------------------------------------------------------------+
; Parameter Settings for User Entity Instance: OSMAN:CIRCUIT_0|ALU8Bit:ALU|ALU1Bit:ALU1Bit_8|FullAdder:FullAdder_1|AND_GATE:GATES_3 ;
+----------------+-------+----------------------------------------------------------------------------------------------------------+
; Parameter Name ; Value ; Type                                                                                                     ;
+----------------+-------+----------------------------------------------------------------------------------------------------------+
; bubblesmask    ; 00    ; Unsigned Binary                                                                                          ;
+----------------+-------+----------------------------------------------------------------------------------------------------------+
Note: In order to hide this table in the UI and the text report file, please set the "Show Parameter Settings in Synthesis Report" option in "Analysis and Synthesis Settings -> More Settings" to "Off".


+-----------------------------------------------------------------------------------------------------------------------------------+
; Parameter Settings for User Entity Instance: OSMAN:CIRCUIT_0|ALU8Bit:ALU|ALU1Bit:ALU1Bit_8|FullAdder:FullAdder_1|AND_GATE:GATES_4 ;
+----------------+-------+----------------------------------------------------------------------------------------------------------+
; Parameter Name ; Value ; Type                                                                                                     ;
+----------------+-------+----------------------------------------------------------------------------------------------------------+
; bubblesmask    ; 00    ; Unsigned Binary                                                                                          ;
+----------------+-------+----------------------------------------------------------------------------------------------------------+
Note: In order to hide this table in the UI and the text report file, please set the "Show Parameter Settings in Synthesis Report" option in "Analysis and Synthesis Settings -> More Settings" to "Off".


+----------------------------------------------------------------------------------------------------------------------------------+
; Parameter Settings for User Entity Instance: OSMAN:CIRCUIT_0|ALU8Bit:ALU|ALU1Bit:ALU1Bit_8|FullAdder:FullAdder_1|OR_GATE:GATES_5 ;
+----------------+-------+---------------------------------------------------------------------------------------------------------+
; Parameter Name ; Value ; Type                                                                                                    ;
+----------------+-------+---------------------------------------------------------------------------------------------------------+
; bubblesmask    ; 00    ; Unsigned Binary                                                                                         ;
+----------------+-------+---------------------------------------------------------------------------------------------------------+
Note: In order to hide this table in the UI and the text report file, please set the "Show Parameter Settings in Synthesis Report" option in "Analysis and Synthesis Settings -> More Settings" to "Off".


+--------------------------------------------------------------------------------------------------------------------+
; Parameter Settings for User Entity Instance: OSMAN:CIRCUIT_0|KontrolnaJedinicaGrananja:KJG|XOR_GATE_ONEHOT:GATES_1 ;
+----------------+-------+-------------------------------------------------------------------------------------------+
; Parameter Name ; Value ; Type                                                                                      ;
+----------------+-------+-------------------------------------------------------------------------------------------+
; bubblesmask    ; 00    ; Unsigned Binary                                                                           ;
+----------------+-------+-------------------------------------------------------------------------------------------+
Note: In order to hide this table in the UI and the text report file, please set the "Show Parameter Settings in Synthesis Report" option in "Analysis and Synthesis Settings -> More Settings" to "Off".


+------------------------------------------------------------------------------------------------------------+
; Parameter Settings for User Entity Instance: OSMAN:CIRCUIT_0|DekoderAdresa:Dekoder_Adresa|AND_GATE:GATES_1 ;
+----------------+-------+-----------------------------------------------------------------------------------+
; Parameter Name ; Value ; Type                                                                              ;
+----------------+-------+-----------------------------------------------------------------------------------+
; bubblesmask    ; 00    ; Unsigned Binary                                                                   ;
+----------------+-------+-----------------------------------------------------------------------------------+
Note: In order to hide this table in the UI and the text report file, please set the "Show Parameter Settings in Synthesis Report" option in "Analysis and Synthesis Settings -> More Settings" to "Off".


+------------------------------------------------------------------------------------------------------------+
; Parameter Settings for User Entity Instance: OSMAN:CIRCUIT_0|DekoderAdresa:Dekoder_Adresa|AND_GATE:GATES_2 ;
+----------------+-------+-----------------------------------------------------------------------------------+
; Parameter Name ; Value ; Type                                                                              ;
+----------------+-------+-----------------------------------------------------------------------------------+
; bubblesmask    ; 00    ; Unsigned Binary                                                                   ;
+----------------+-------+-----------------------------------------------------------------------------------+
Note: In order to hide this table in the UI and the text report file, please set the "Show Parameter Settings in Synthesis Report" option in "Analysis and Synthesis Settings -> More Settings" to "Off".


+------------------------------------------------------------------------------------------------------------+
; Parameter Settings for User Entity Instance: OSMAN:CIRCUIT_0|DekoderAdresa:Dekoder_Adresa|AND_GATE:GATES_3 ;
+----------------+-------+-----------------------------------------------------------------------------------+
; Parameter Name ; Value ; Type                                                                              ;
+----------------+-------+-----------------------------------------------------------------------------------+
; bubblesmask    ; 00    ; Unsigned Binary                                                                   ;
+----------------+-------+-----------------------------------------------------------------------------------+
Note: In order to hide this table in the UI and the text report file, please set the "Show Parameter Settings in Synthesis Report" option in "Analysis and Synthesis Settings -> More Settings" to "Off".


+------------------------------------------------------------------------------------------------------------+
; Parameter Settings for User Entity Instance: OSMAN:CIRCUIT_0|DekoderAdresa:Dekoder_Adresa|AND_GATE:GATES_4 ;
+----------------+-------+-----------------------------------------------------------------------------------+
; Parameter Name ; Value ; Type                                                                              ;
+----------------+-------+-----------------------------------------------------------------------------------+
; bubblesmask    ; 00    ; Unsigned Binary                                                                   ;
+----------------+-------+-----------------------------------------------------------------------------------+
Note: In order to hide this table in the UI and the text report file, please set the "Show Parameter Settings in Synthesis Report" option in "Analysis and Synthesis Settings -> More Settings" to "Off".


+--------------------------------------------------------------------------------------------------------------+
; Parameter Settings for User Entity Instance: OSMAN:CIRCUIT_0|DekoderAdresa:Dekoder_Adresa|Comparator:ARITH_5 ;
+----------------+-------+-------------------------------------------------------------------------------------+
; Parameter Name ; Value ; Type                                                                                ;
+----------------+-------+-------------------------------------------------------------------------------------+
; nrofbits       ; 8     ; Signed Integer                                                                      ;
; twoscomplement ; 0     ; Signed Integer                                                                      ;
+----------------+-------+-------------------------------------------------------------------------------------+
Note: In order to hide this table in the UI and the text report file, please set the "Show Parameter Settings in Synthesis Report" option in "Analysis and Synthesis Settings -> More Settings" to "Off".


+-------------------------------------------------------------------------------------------------------------------+
; Parameter Settings for User Entity Instance: OSMAN:CIRCUIT_0|UIKontroler:UI_Kontroler|Multiplexer_bus_4:PLEXERS_2 ;
+----------------+-------+------------------------------------------------------------------------------------------+
; Parameter Name ; Value ; Type                                                                                     ;
+----------------+-------+------------------------------------------------------------------------------------------+
; nrofbits       ; 8     ; Signed Integer                                                                           ;
+----------------+-------+------------------------------------------------------------------------------------------+
Note: In order to hide this table in the UI and the text report file, please set the "Show Parameter Settings in Synthesis Report" option in "Analysis and Synthesis Settings -> More Settings" to "Off".


+--------------------------------------------------------------------------------------------------------------------------------------+
; Parameter Settings for User Entity Instance: OSMAN:CIRCUIT_0|UIKontroler:UI_Kontroler|Registar8Bit:UIIzlazniReg1|D_FLIPFLOP:MEMORY_9 ;
+-------------------+-------+----------------------------------------------------------------------------------------------------------+
; Parameter Name    ; Value ; Type                                                                                                     ;
+-------------------+-------+----------------------------------------------------------------------------------------------------------+
; invertclockenable ; 1     ; Signed Integer                                                                                           ;
+-------------------+-------+----------------------------------------------------------------------------------------------------------+
Note: In order to hide this table in the UI and the text report file, please set the "Show Parameter Settings in Synthesis Report" option in "Analysis and Synthesis Settings -> More Settings" to "Off".


+---------------------------------------------------------------------------------------------------------------------------------------+
; Parameter Settings for User Entity Instance: OSMAN:CIRCUIT_0|UIKontroler:UI_Kontroler|Registar8Bit:UIIzlazniReg1|D_FLIPFLOP:MEMORY_10 ;
+-------------------+-------+-----------------------------------------------------------------------------------------------------------+
; Parameter Name    ; Value ; Type                                                                                                      ;
+-------------------+-------+-----------------------------------------------------------------------------------------------------------+
; invertclockenable ; 1     ; Signed Integer                                                                                            ;
+-------------------+-------+-----------------------------------------------------------------------------------------------------------+
Note: In order to hide this table in the UI and the text report file, please set the "Show Parameter Settings in Synthesis Report" option in "Analysis and Synthesis Settings -> More Settings" to "Off".


+---------------------------------------------------------------------------------------------------------------------------------------+
; Parameter Settings for User Entity Instance: OSMAN:CIRCUIT_0|UIKontroler:UI_Kontroler|Registar8Bit:UIIzlazniReg1|D_FLIPFLOP:MEMORY_11 ;
+-------------------+-------+-----------------------------------------------------------------------------------------------------------+
; Parameter Name    ; Value ; Type                                                                                                      ;
+-------------------+-------+-----------------------------------------------------------------------------------------------------------+
; invertclockenable ; 1     ; Signed Integer                                                                                            ;
+-------------------+-------+-----------------------------------------------------------------------------------------------------------+
Note: In order to hide this table in the UI and the text report file, please set the "Show Parameter Settings in Synthesis Report" option in "Analysis and Synthesis Settings -> More Settings" to "Off".


+---------------------------------------------------------------------------------------------------------------------------------------+
; Parameter Settings for User Entity Instance: OSMAN:CIRCUIT_0|UIKontroler:UI_Kontroler|Registar8Bit:UIIzlazniReg1|D_FLIPFLOP:MEMORY_12 ;
+-------------------+-------+-----------------------------------------------------------------------------------------------------------+
; Parameter Name    ; Value ; Type                                                                                                      ;
+-------------------+-------+-----------------------------------------------------------------------------------------------------------+
; invertclockenable ; 1     ; Signed Integer                                                                                            ;
+-------------------+-------+-----------------------------------------------------------------------------------------------------------+
Note: In order to hide this table in the UI and the text report file, please set the "Show Parameter Settings in Synthesis Report" option in "Analysis and Synthesis Settings -> More Settings" to "Off".


+---------------------------------------------------------------------------------------------------------------------------------------+
; Parameter Settings for User Entity Instance: OSMAN:CIRCUIT_0|UIKontroler:UI_Kontroler|Registar8Bit:UIIzlazniReg1|D_FLIPFLOP:MEMORY_13 ;
+-------------------+-------+-----------------------------------------------------------------------------------------------------------+
; Parameter Name    ; Value ; Type                                                                                                      ;
+-------------------+-------+-----------------------------------------------------------------------------------------------------------+
; invertclockenable ; 1     ; Signed Integer                                                                                            ;
+-------------------+-------+-----------------------------------------------------------------------------------------------------------+
Note: In order to hide this table in the UI and the text report file, please set the "Show Parameter Settings in Synthesis Report" option in "Analysis and Synthesis Settings -> More Settings" to "Off".


+---------------------------------------------------------------------------------------------------------------------------------------+
; Parameter Settings for User Entity Instance: OSMAN:CIRCUIT_0|UIKontroler:UI_Kontroler|Registar8Bit:UIIzlazniReg1|D_FLIPFLOP:MEMORY_14 ;
+-------------------+-------+-----------------------------------------------------------------------------------------------------------+
; Parameter Name    ; Value ; Type                                                                                                      ;
+-------------------+-------+-----------------------------------------------------------------------------------------------------------+
; invertclockenable ; 1     ; Signed Integer                                                                                            ;
+-------------------+-------+-----------------------------------------------------------------------------------------------------------+
Note: In order to hide this table in the UI and the text report file, please set the "Show Parameter Settings in Synthesis Report" option in "Analysis and Synthesis Settings -> More Settings" to "Off".


+---------------------------------------------------------------------------------------------------------------------------------------+
; Parameter Settings for User Entity Instance: OSMAN:CIRCUIT_0|UIKontroler:UI_Kontroler|Registar8Bit:UIIzlazniReg1|D_FLIPFLOP:MEMORY_15 ;
+-------------------+-------+-----------------------------------------------------------------------------------------------------------+
; Parameter Name    ; Value ; Type                                                                                                      ;
+-------------------+-------+-----------------------------------------------------------------------------------------------------------+
; invertclockenable ; 1     ; Signed Integer                                                                                            ;
+-------------------+-------+-----------------------------------------------------------------------------------------------------------+
Note: In order to hide this table in the UI and the text report file, please set the "Show Parameter Settings in Synthesis Report" option in "Analysis and Synthesis Settings -> More Settings" to "Off".


+---------------------------------------------------------------------------------------------------------------------------------------+
; Parameter Settings for User Entity Instance: OSMAN:CIRCUIT_0|UIKontroler:UI_Kontroler|Registar8Bit:UIIzlazniReg1|D_FLIPFLOP:MEMORY_16 ;
+-------------------+-------+-----------------------------------------------------------------------------------------------------------+
; Parameter Name    ; Value ; Type                                                                                                      ;
+-------------------+-------+-----------------------------------------------------------------------------------------------------------+
; invertclockenable ; 1     ; Signed Integer                                                                                            ;
+-------------------+-------+-----------------------------------------------------------------------------------------------------------+
Note: In order to hide this table in the UI and the text report file, please set the "Show Parameter Settings in Synthesis Report" option in "Analysis and Synthesis Settings -> More Settings" to "Off".


+--------------------------------------------------------------------------------------------------------------------------------------+
; Parameter Settings for User Entity Instance: OSMAN:CIRCUIT_0|UIKontroler:UI_Kontroler|Registar8Bit:UIIzlazniReg2|D_FLIPFLOP:MEMORY_9 ;
+-------------------+-------+----------------------------------------------------------------------------------------------------------+
; Parameter Name    ; Value ; Type                                                                                                     ;
+-------------------+-------+----------------------------------------------------------------------------------------------------------+
; invertclockenable ; 1     ; Signed Integer                                                                                           ;
+-------------------+-------+----------------------------------------------------------------------------------------------------------+
Note: In order to hide this table in the UI and the text report file, please set the "Show Parameter Settings in Synthesis Report" option in "Analysis and Synthesis Settings -> More Settings" to "Off".


+---------------------------------------------------------------------------------------------------------------------------------------+
; Parameter Settings for User Entity Instance: OSMAN:CIRCUIT_0|UIKontroler:UI_Kontroler|Registar8Bit:UIIzlazniReg2|D_FLIPFLOP:MEMORY_10 ;
+-------------------+-------+-----------------------------------------------------------------------------------------------------------+
; Parameter Name    ; Value ; Type                                                                                                      ;
+-------------------+-------+-----------------------------------------------------------------------------------------------------------+
; invertclockenable ; 1     ; Signed Integer                                                                                            ;
+-------------------+-------+-----------------------------------------------------------------------------------------------------------+
Note: In order to hide this table in the UI and the text report file, please set the "Show Parameter Settings in Synthesis Report" option in "Analysis and Synthesis Settings -> More Settings" to "Off".


+---------------------------------------------------------------------------------------------------------------------------------------+
; Parameter Settings for User Entity Instance: OSMAN:CIRCUIT_0|UIKontroler:UI_Kontroler|Registar8Bit:UIIzlazniReg2|D_FLIPFLOP:MEMORY_11 ;
+-------------------+-------+-----------------------------------------------------------------------------------------------------------+
; Parameter Name    ; Value ; Type                                                                                                      ;
+-------------------+-------+-----------------------------------------------------------------------------------------------------------+
; invertclockenable ; 1     ; Signed Integer                                                                                            ;
+-------------------+-------+-----------------------------------------------------------------------------------------------------------+
Note: In order to hide this table in the UI and the text report file, please set the "Show Parameter Settings in Synthesis Report" option in "Analysis and Synthesis Settings -> More Settings" to "Off".


+---------------------------------------------------------------------------------------------------------------------------------------+
; Parameter Settings for User Entity Instance: OSMAN:CIRCUIT_0|UIKontroler:UI_Kontroler|Registar8Bit:UIIzlazniReg2|D_FLIPFLOP:MEMORY_12 ;
+-------------------+-------+-----------------------------------------------------------------------------------------------------------+
; Parameter Name    ; Value ; Type                                                                                                      ;
+-------------------+-------+-----------------------------------------------------------------------------------------------------------+
; invertclockenable ; 1     ; Signed Integer                                                                                            ;
+-------------------+-------+-----------------------------------------------------------------------------------------------------------+
Note: In order to hide this table in the UI and the text report file, please set the "Show Parameter Settings in Synthesis Report" option in "Analysis and Synthesis Settings -> More Settings" to "Off".


+---------------------------------------------------------------------------------------------------------------------------------------+
; Parameter Settings for User Entity Instance: OSMAN:CIRCUIT_0|UIKontroler:UI_Kontroler|Registar8Bit:UIIzlazniReg2|D_FLIPFLOP:MEMORY_13 ;
+-------------------+-------+-----------------------------------------------------------------------------------------------------------+
; Parameter Name    ; Value ; Type                                                                                                      ;
+-------------------+-------+-----------------------------------------------------------------------------------------------------------+
; invertclockenable ; 1     ; Signed Integer                                                                                            ;
+-------------------+-------+-----------------------------------------------------------------------------------------------------------+
Note: In order to hide this table in the UI and the text report file, please set the "Show Parameter Settings in Synthesis Report" option in "Analysis and Synthesis Settings -> More Settings" to "Off".


+---------------------------------------------------------------------------------------------------------------------------------------+
; Parameter Settings for User Entity Instance: OSMAN:CIRCUIT_0|UIKontroler:UI_Kontroler|Registar8Bit:UIIzlazniReg2|D_FLIPFLOP:MEMORY_14 ;
+-------------------+-------+-----------------------------------------------------------------------------------------------------------+
; Parameter Name    ; Value ; Type                                                                                                      ;
+-------------------+-------+-----------------------------------------------------------------------------------------------------------+
; invertclockenable ; 1     ; Signed Integer                                                                                            ;
+-------------------+-------+-----------------------------------------------------------------------------------------------------------+
Note: In order to hide this table in the UI and the text report file, please set the "Show Parameter Settings in Synthesis Report" option in "Analysis and Synthesis Settings -> More Settings" to "Off".


+---------------------------------------------------------------------------------------------------------------------------------------+
; Parameter Settings for User Entity Instance: OSMAN:CIRCUIT_0|UIKontroler:UI_Kontroler|Registar8Bit:UIIzlazniReg2|D_FLIPFLOP:MEMORY_15 ;
+-------------------+-------+-----------------------------------------------------------------------------------------------------------+
; Parameter Name    ; Value ; Type                                                                                                      ;
+-------------------+-------+-----------------------------------------------------------------------------------------------------------+
; invertclockenable ; 1     ; Signed Integer                                                                                            ;
+-------------------+-------+-----------------------------------------------------------------------------------------------------------+
Note: In order to hide this table in the UI and the text report file, please set the "Show Parameter Settings in Synthesis Report" option in "Analysis and Synthesis Settings -> More Settings" to "Off".


+---------------------------------------------------------------------------------------------------------------------------------------+
; Parameter Settings for User Entity Instance: OSMAN:CIRCUIT_0|UIKontroler:UI_Kontroler|Registar8Bit:UIIzlazniReg2|D_FLIPFLOP:MEMORY_16 ;
+-------------------+-------+-----------------------------------------------------------------------------------------------------------+
; Parameter Name    ; Value ; Type                                                                                                      ;
+-------------------+-------+-----------------------------------------------------------------------------------------------------------+
; invertclockenable ; 1     ; Signed Integer                                                                                            ;
+-------------------+-------+-----------------------------------------------------------------------------------------------------------+
Note: In order to hide this table in the UI and the text report file, please set the "Show Parameter Settings in Synthesis Report" option in "Analysis and Synthesis Settings -> More Settings" to "Off".


+--------------------------------------------------------------------------------------------------------------------------------------+
; Parameter Settings for User Entity Instance: OSMAN:CIRCUIT_0|UIKontroler:UI_Kontroler|Registar8Bit:UIIzlazniReg3|D_FLIPFLOP:MEMORY_9 ;
+-------------------+-------+----------------------------------------------------------------------------------------------------------+
; Parameter Name    ; Value ; Type                                                                                                     ;
+-------------------+-------+----------------------------------------------------------------------------------------------------------+
; invertclockenable ; 1     ; Signed Integer                                                                                           ;
+-------------------+-------+----------------------------------------------------------------------------------------------------------+
Note: In order to hide this table in the UI and the text report file, please set the "Show Parameter Settings in Synthesis Report" option in "Analysis and Synthesis Settings -> More Settings" to "Off".


+---------------------------------------------------------------------------------------------------------------------------------------+
; Parameter Settings for User Entity Instance: OSMAN:CIRCUIT_0|UIKontroler:UI_Kontroler|Registar8Bit:UIIzlazniReg3|D_FLIPFLOP:MEMORY_10 ;
+-------------------+-------+-----------------------------------------------------------------------------------------------------------+
; Parameter Name    ; Value ; Type                                                                                                      ;
+-------------------+-------+-----------------------------------------------------------------------------------------------------------+
; invertclockenable ; 1     ; Signed Integer                                                                                            ;
+-------------------+-------+-----------------------------------------------------------------------------------------------------------+
Note: In order to hide this table in the UI and the text report file, please set the "Show Parameter Settings in Synthesis Report" option in "Analysis and Synthesis Settings -> More Settings" to "Off".


+---------------------------------------------------------------------------------------------------------------------------------------+
; Parameter Settings for User Entity Instance: OSMAN:CIRCUIT_0|UIKontroler:UI_Kontroler|Registar8Bit:UIIzlazniReg3|D_FLIPFLOP:MEMORY_11 ;
+-------------------+-------+-----------------------------------------------------------------------------------------------------------+
; Parameter Name    ; Value ; Type                                                                                                      ;
+-------------------+-------+-----------------------------------------------------------------------------------------------------------+
; invertclockenable ; 1     ; Signed Integer                                                                                            ;
+-------------------+-------+-----------------------------------------------------------------------------------------------------------+
Note: In order to hide this table in the UI and the text report file, please set the "Show Parameter Settings in Synthesis Report" option in "Analysis and Synthesis Settings -> More Settings" to "Off".


+---------------------------------------------------------------------------------------------------------------------------------------+
; Parameter Settings for User Entity Instance: OSMAN:CIRCUIT_0|UIKontroler:UI_Kontroler|Registar8Bit:UIIzlazniReg3|D_FLIPFLOP:MEMORY_12 ;
+-------------------+-------+-----------------------------------------------------------------------------------------------------------+
; Parameter Name    ; Value ; Type                                                                                                      ;
+-------------------+-------+-----------------------------------------------------------------------------------------------------------+
; invertclockenable ; 1     ; Signed Integer                                                                                            ;
+-------------------+-------+-----------------------------------------------------------------------------------------------------------+
Note: In order to hide this table in the UI and the text report file, please set the "Show Parameter Settings in Synthesis Report" option in "Analysis and Synthesis Settings -> More Settings" to "Off".


+---------------------------------------------------------------------------------------------------------------------------------------+
; Parameter Settings for User Entity Instance: OSMAN:CIRCUIT_0|UIKontroler:UI_Kontroler|Registar8Bit:UIIzlazniReg3|D_FLIPFLOP:MEMORY_13 ;
+-------------------+-------+-----------------------------------------------------------------------------------------------------------+
; Parameter Name    ; Value ; Type                                                                                                      ;
+-------------------+-------+-----------------------------------------------------------------------------------------------------------+
; invertclockenable ; 1     ; Signed Integer                                                                                            ;
+-------------------+-------+-----------------------------------------------------------------------------------------------------------+
Note: In order to hide this table in the UI and the text report file, please set the "Show Parameter Settings in Synthesis Report" option in "Analysis and Synthesis Settings -> More Settings" to "Off".


+---------------------------------------------------------------------------------------------------------------------------------------+
; Parameter Settings for User Entity Instance: OSMAN:CIRCUIT_0|UIKontroler:UI_Kontroler|Registar8Bit:UIIzlazniReg3|D_FLIPFLOP:MEMORY_14 ;
+-------------------+-------+-----------------------------------------------------------------------------------------------------------+
; Parameter Name    ; Value ; Type                                                                                                      ;
+-------------------+-------+-----------------------------------------------------------------------------------------------------------+
; invertclockenable ; 1     ; Signed Integer                                                                                            ;
+-------------------+-------+-----------------------------------------------------------------------------------------------------------+
Note: In order to hide this table in the UI and the text report file, please set the "Show Parameter Settings in Synthesis Report" option in "Analysis and Synthesis Settings -> More Settings" to "Off".


+---------------------------------------------------------------------------------------------------------------------------------------+
; Parameter Settings for User Entity Instance: OSMAN:CIRCUIT_0|UIKontroler:UI_Kontroler|Registar8Bit:UIIzlazniReg3|D_FLIPFLOP:MEMORY_15 ;
+-------------------+-------+-----------------------------------------------------------------------------------------------------------+
; Parameter Name    ; Value ; Type                                                                                                      ;
+-------------------+-------+-----------------------------------------------------------------------------------------------------------+
; invertclockenable ; 1     ; Signed Integer                                                                                            ;
+-------------------+-------+-----------------------------------------------------------------------------------------------------------+
Note: In order to hide this table in the UI and the text report file, please set the "Show Parameter Settings in Synthesis Report" option in "Analysis and Synthesis Settings -> More Settings" to "Off".


+---------------------------------------------------------------------------------------------------------------------------------------+
; Parameter Settings for User Entity Instance: OSMAN:CIRCUIT_0|UIKontroler:UI_Kontroler|Registar8Bit:UIIzlazniReg3|D_FLIPFLOP:MEMORY_16 ;
+-------------------+-------+-----------------------------------------------------------------------------------------------------------+
; Parameter Name    ; Value ; Type                                                                                                      ;
+-------------------+-------+-----------------------------------------------------------------------------------------------------------+
; invertclockenable ; 1     ; Signed Integer                                                                                            ;
+-------------------+-------+-----------------------------------------------------------------------------------------------------------+
Note: In order to hide this table in the UI and the text report file, please set the "Show Parameter Settings in Synthesis Report" option in "Analysis and Synthesis Settings -> More Settings" to "Off".


+--------------------------------------------------------------------------------------------------------------------------------------+
; Parameter Settings for User Entity Instance: OSMAN:CIRCUIT_0|UIKontroler:UI_Kontroler|Registar8Bit:UIIzlazniReg4|D_FLIPFLOP:MEMORY_9 ;
+-------------------+-------+----------------------------------------------------------------------------------------------------------+
; Parameter Name    ; Value ; Type                                                                                                     ;
+-------------------+-------+----------------------------------------------------------------------------------------------------------+
; invertclockenable ; 1     ; Signed Integer                                                                                           ;
+-------------------+-------+----------------------------------------------------------------------------------------------------------+
Note: In order to hide this table in the UI and the text report file, please set the "Show Parameter Settings in Synthesis Report" option in "Analysis and Synthesis Settings -> More Settings" to "Off".


+---------------------------------------------------------------------------------------------------------------------------------------+
; Parameter Settings for User Entity Instance: OSMAN:CIRCUIT_0|UIKontroler:UI_Kontroler|Registar8Bit:UIIzlazniReg4|D_FLIPFLOP:MEMORY_10 ;
+-------------------+-------+-----------------------------------------------------------------------------------------------------------+
; Parameter Name    ; Value ; Type                                                                                                      ;
+-------------------+-------+-----------------------------------------------------------------------------------------------------------+
; invertclockenable ; 1     ; Signed Integer                                                                                            ;
+-------------------+-------+-----------------------------------------------------------------------------------------------------------+
Note: In order to hide this table in the UI and the text report file, please set the "Show Parameter Settings in Synthesis Report" option in "Analysis and Synthesis Settings -> More Settings" to "Off".


+---------------------------------------------------------------------------------------------------------------------------------------+
; Parameter Settings for User Entity Instance: OSMAN:CIRCUIT_0|UIKontroler:UI_Kontroler|Registar8Bit:UIIzlazniReg4|D_FLIPFLOP:MEMORY_11 ;
+-------------------+-------+-----------------------------------------------------------------------------------------------------------+
; Parameter Name    ; Value ; Type                                                                                                      ;
+-------------------+-------+-----------------------------------------------------------------------------------------------------------+
; invertclockenable ; 1     ; Signed Integer                                                                                            ;
+-------------------+-------+-----------------------------------------------------------------------------------------------------------+
Note: In order to hide this table in the UI and the text report file, please set the "Show Parameter Settings in Synthesis Report" option in "Analysis and Synthesis Settings -> More Settings" to "Off".


+---------------------------------------------------------------------------------------------------------------------------------------+
; Parameter Settings for User Entity Instance: OSMAN:CIRCUIT_0|UIKontroler:UI_Kontroler|Registar8Bit:UIIzlazniReg4|D_FLIPFLOP:MEMORY_12 ;
+-------------------+-------+-----------------------------------------------------------------------------------------------------------+
; Parameter Name    ; Value ; Type                                                                                                      ;
+-------------------+-------+-----------------------------------------------------------------------------------------------------------+
; invertclockenable ; 1     ; Signed Integer                                                                                            ;
+-------------------+-------+-----------------------------------------------------------------------------------------------------------+
Note: In order to hide this table in the UI and the text report file, please set the "Show Parameter Settings in Synthesis Report" option in "Analysis and Synthesis Settings -> More Settings" to "Off".


+---------------------------------------------------------------------------------------------------------------------------------------+
; Parameter Settings for User Entity Instance: OSMAN:CIRCUIT_0|UIKontroler:UI_Kontroler|Registar8Bit:UIIzlazniReg4|D_FLIPFLOP:MEMORY_13 ;
+-------------------+-------+-----------------------------------------------------------------------------------------------------------+
; Parameter Name    ; Value ; Type                                                                                                      ;
+-------------------+-------+-----------------------------------------------------------------------------------------------------------+
; invertclockenable ; 1     ; Signed Integer                                                                                            ;
+-------------------+-------+-----------------------------------------------------------------------------------------------------------+
Note: In order to hide this table in the UI and the text report file, please set the "Show Parameter Settings in Synthesis Report" option in "Analysis and Synthesis Settings -> More Settings" to "Off".


+---------------------------------------------------------------------------------------------------------------------------------------+
; Parameter Settings for User Entity Instance: OSMAN:CIRCUIT_0|UIKontroler:UI_Kontroler|Registar8Bit:UIIzlazniReg4|D_FLIPFLOP:MEMORY_14 ;
+-------------------+-------+-----------------------------------------------------------------------------------------------------------+
; Parameter Name    ; Value ; Type                                                                                                      ;
+-------------------+-------+-----------------------------------------------------------------------------------------------------------+
; invertclockenable ; 1     ; Signed Integer                                                                                            ;
+-------------------+-------+-----------------------------------------------------------------------------------------------------------+
Note: In order to hide this table in the UI and the text report file, please set the "Show Parameter Settings in Synthesis Report" option in "Analysis and Synthesis Settings -> More Settings" to "Off".


+---------------------------------------------------------------------------------------------------------------------------------------+
; Parameter Settings for User Entity Instance: OSMAN:CIRCUIT_0|UIKontroler:UI_Kontroler|Registar8Bit:UIIzlazniReg4|D_FLIPFLOP:MEMORY_15 ;
+-------------------+-------+-----------------------------------------------------------------------------------------------------------+
; Parameter Name    ; Value ; Type                                                                                                      ;
+-------------------+-------+-----------------------------------------------------------------------------------------------------------+
; invertclockenable ; 1     ; Signed Integer                                                                                            ;
+-------------------+-------+-----------------------------------------------------------------------------------------------------------+
Note: In order to hide this table in the UI and the text report file, please set the "Show Parameter Settings in Synthesis Report" option in "Analysis and Synthesis Settings -> More Settings" to "Off".


+---------------------------------------------------------------------------------------------------------------------------------------+
; Parameter Settings for User Entity Instance: OSMAN:CIRCUIT_0|UIKontroler:UI_Kontroler|Registar8Bit:UIIzlazniReg4|D_FLIPFLOP:MEMORY_16 ;
+-------------------+-------+-----------------------------------------------------------------------------------------------------------+
; Parameter Name    ; Value ; Type                                                                                                      ;
+-------------------+-------+-----------------------------------------------------------------------------------------------------------+
; invertclockenable ; 1     ; Signed Integer                                                                                            ;
+-------------------+-------+-----------------------------------------------------------------------------------------------------------+
Note: In order to hide this table in the UI and the text report file, please set the "Show Parameter Settings in Synthesis Report" option in "Analysis and Synthesis Settings -> More Settings" to "Off".


+-------------------------------------------------------------------------------------------------------------------------------------------------------+
; Parameter Settings for User Entity Instance: OSMAN:CIRCUIT_0|UIKontroler:UI_Kontroler|StabilizatorUlaza8Bit:UIUlazniStabilizator1|D_FLIPFLOP:MEMORY_1 ;
+-------------------+-------+---------------------------------------------------------------------------------------------------------------------------+
; Parameter Name    ; Value ; Type                                                                                                                      ;
+-------------------+-------+---------------------------------------------------------------------------------------------------------------------------+
; invertclockenable ; 0     ; Signed Integer                                                                                                            ;
+-------------------+-------+---------------------------------------------------------------------------------------------------------------------------+
Note: In order to hide this table in the UI and the text report file, please set the "Show Parameter Settings in Synthesis Report" option in "Analysis and Synthesis Settings -> More Settings" to "Off".


+-------------------------------------------------------------------------------------------------------------------------------------------------------+
; Parameter Settings for User Entity Instance: OSMAN:CIRCUIT_0|UIKontroler:UI_Kontroler|StabilizatorUlaza8Bit:UIUlazniStabilizator1|D_FLIPFLOP:MEMORY_2 ;
+-------------------+-------+---------------------------------------------------------------------------------------------------------------------------+
; Parameter Name    ; Value ; Type                                                                                                                      ;
+-------------------+-------+---------------------------------------------------------------------------------------------------------------------------+
; invertclockenable ; 0     ; Signed Integer                                                                                                            ;
+-------------------+-------+---------------------------------------------------------------------------------------------------------------------------+
Note: In order to hide this table in the UI and the text report file, please set the "Show Parameter Settings in Synthesis Report" option in "Analysis and Synthesis Settings -> More Settings" to "Off".


+-------------------------------------------------------------------------------------------------------------------------------------------------------+
; Parameter Settings for User Entity Instance: OSMAN:CIRCUIT_0|UIKontroler:UI_Kontroler|StabilizatorUlaza8Bit:UIUlazniStabilizator1|D_FLIPFLOP:MEMORY_3 ;
+-------------------+-------+---------------------------------------------------------------------------------------------------------------------------+
; Parameter Name    ; Value ; Type                                                                                                                      ;
+-------------------+-------+---------------------------------------------------------------------------------------------------------------------------+
; invertclockenable ; 0     ; Signed Integer                                                                                                            ;
+-------------------+-------+---------------------------------------------------------------------------------------------------------------------------+
Note: In order to hide this table in the UI and the text report file, please set the "Show Parameter Settings in Synthesis Report" option in "Analysis and Synthesis Settings -> More Settings" to "Off".


+-------------------------------------------------------------------------------------------------------------------------------------------------------+
; Parameter Settings for User Entity Instance: OSMAN:CIRCUIT_0|UIKontroler:UI_Kontroler|StabilizatorUlaza8Bit:UIUlazniStabilizator1|D_FLIPFLOP:MEMORY_4 ;
+-------------------+-------+---------------------------------------------------------------------------------------------------------------------------+
; Parameter Name    ; Value ; Type                                                                                                                      ;
+-------------------+-------+---------------------------------------------------------------------------------------------------------------------------+
; invertclockenable ; 0     ; Signed Integer                                                                                                            ;
+-------------------+-------+---------------------------------------------------------------------------------------------------------------------------+
Note: In order to hide this table in the UI and the text report file, please set the "Show Parameter Settings in Synthesis Report" option in "Analysis and Synthesis Settings -> More Settings" to "Off".


+-------------------------------------------------------------------------------------------------------------------------------------------------------+
; Parameter Settings for User Entity Instance: OSMAN:CIRCUIT_0|UIKontroler:UI_Kontroler|StabilizatorUlaza8Bit:UIUlazniStabilizator1|D_FLIPFLOP:MEMORY_5 ;
+-------------------+-------+---------------------------------------------------------------------------------------------------------------------------+
; Parameter Name    ; Value ; Type                                                                                                                      ;
+-------------------+-------+---------------------------------------------------------------------------------------------------------------------------+
; invertclockenable ; 0     ; Signed Integer                                                                                                            ;
+-------------------+-------+---------------------------------------------------------------------------------------------------------------------------+
Note: In order to hide this table in the UI and the text report file, please set the "Show Parameter Settings in Synthesis Report" option in "Analysis and Synthesis Settings -> More Settings" to "Off".


+-------------------------------------------------------------------------------------------------------------------------------------------------------+
; Parameter Settings for User Entity Instance: OSMAN:CIRCUIT_0|UIKontroler:UI_Kontroler|StabilizatorUlaza8Bit:UIUlazniStabilizator1|D_FLIPFLOP:MEMORY_6 ;
+-------------------+-------+---------------------------------------------------------------------------------------------------------------------------+
; Parameter Name    ; Value ; Type                                                                                                                      ;
+-------------------+-------+---------------------------------------------------------------------------------------------------------------------------+
; invertclockenable ; 0     ; Signed Integer                                                                                                            ;
+-------------------+-------+---------------------------------------------------------------------------------------------------------------------------+
Note: In order to hide this table in the UI and the text report file, please set the "Show Parameter Settings in Synthesis Report" option in "Analysis and Synthesis Settings -> More Settings" to "Off".


+-------------------------------------------------------------------------------------------------------------------------------------------------------+
; Parameter Settings for User Entity Instance: OSMAN:CIRCUIT_0|UIKontroler:UI_Kontroler|StabilizatorUlaza8Bit:UIUlazniStabilizator1|D_FLIPFLOP:MEMORY_7 ;
+-------------------+-------+---------------------------------------------------------------------------------------------------------------------------+
; Parameter Name    ; Value ; Type                                                                                                                      ;
+-------------------+-------+---------------------------------------------------------------------------------------------------------------------------+
; invertclockenable ; 0     ; Signed Integer                                                                                                            ;
+-------------------+-------+---------------------------------------------------------------------------------------------------------------------------+
Note: In order to hide this table in the UI and the text report file, please set the "Show Parameter Settings in Synthesis Report" option in "Analysis and Synthesis Settings -> More Settings" to "Off".


+-------------------------------------------------------------------------------------------------------------------------------------------------------+
; Parameter Settings for User Entity Instance: OSMAN:CIRCUIT_0|UIKontroler:UI_Kontroler|StabilizatorUlaza8Bit:UIUlazniStabilizator1|D_FLIPFLOP:MEMORY_8 ;
+-------------------+-------+---------------------------------------------------------------------------------------------------------------------------+
; Parameter Name    ; Value ; Type                                                                                                                      ;
+-------------------+-------+---------------------------------------------------------------------------------------------------------------------------+
; invertclockenable ; 0     ; Signed Integer                                                                                                            ;
+-------------------+-------+---------------------------------------------------------------------------------------------------------------------------+
Note: In order to hide this table in the UI and the text report file, please set the "Show Parameter Settings in Synthesis Report" option in "Analysis and Synthesis Settings -> More Settings" to "Off".


+-------------------------------------------------------------------------------------------------------------------------------------------------------+
; Parameter Settings for User Entity Instance: OSMAN:CIRCUIT_0|UIKontroler:UI_Kontroler|StabilizatorUlaza8Bit:UIUlazniStabilizator2|D_FLIPFLOP:MEMORY_1 ;
+-------------------+-------+---------------------------------------------------------------------------------------------------------------------------+
; Parameter Name    ; Value ; Type                                                                                                                      ;
+-------------------+-------+---------------------------------------------------------------------------------------------------------------------------+
; invertclockenable ; 0     ; Signed Integer                                                                                                            ;
+-------------------+-------+---------------------------------------------------------------------------------------------------------------------------+
Note: In order to hide this table in the UI and the text report file, please set the "Show Parameter Settings in Synthesis Report" option in "Analysis and Synthesis Settings -> More Settings" to "Off".


+-------------------------------------------------------------------------------------------------------------------------------------------------------+
; Parameter Settings for User Entity Instance: OSMAN:CIRCUIT_0|UIKontroler:UI_Kontroler|StabilizatorUlaza8Bit:UIUlazniStabilizator2|D_FLIPFLOP:MEMORY_2 ;
+-------------------+-------+---------------------------------------------------------------------------------------------------------------------------+
; Parameter Name    ; Value ; Type                                                                                                                      ;
+-------------------+-------+---------------------------------------------------------------------------------------------------------------------------+
; invertclockenable ; 0     ; Signed Integer                                                                                                            ;
+-------------------+-------+---------------------------------------------------------------------------------------------------------------------------+
Note: In order to hide this table in the UI and the text report file, please set the "Show Parameter Settings in Synthesis Report" option in "Analysis and Synthesis Settings -> More Settings" to "Off".


+-------------------------------------------------------------------------------------------------------------------------------------------------------+
; Parameter Settings for User Entity Instance: OSMAN:CIRCUIT_0|UIKontroler:UI_Kontroler|StabilizatorUlaza8Bit:UIUlazniStabilizator2|D_FLIPFLOP:MEMORY_3 ;
+-------------------+-------+---------------------------------------------------------------------------------------------------------------------------+
; Parameter Name    ; Value ; Type                                                                                                                      ;
+-------------------+-------+---------------------------------------------------------------------------------------------------------------------------+
; invertclockenable ; 0     ; Signed Integer                                                                                                            ;
+-------------------+-------+---------------------------------------------------------------------------------------------------------------------------+
Note: In order to hide this table in the UI and the text report file, please set the "Show Parameter Settings in Synthesis Report" option in "Analysis and Synthesis Settings -> More Settings" to "Off".


+-------------------------------------------------------------------------------------------------------------------------------------------------------+
; Parameter Settings for User Entity Instance: OSMAN:CIRCUIT_0|UIKontroler:UI_Kontroler|StabilizatorUlaza8Bit:UIUlazniStabilizator2|D_FLIPFLOP:MEMORY_4 ;
+-------------------+-------+---------------------------------------------------------------------------------------------------------------------------+
; Parameter Name    ; Value ; Type                                                                                                                      ;
+-------------------+-------+---------------------------------------------------------------------------------------------------------------------------+
; invertclockenable ; 0     ; Signed Integer                                                                                                            ;
+-------------------+-------+---------------------------------------------------------------------------------------------------------------------------+
Note: In order to hide this table in the UI and the text report file, please set the "Show Parameter Settings in Synthesis Report" option in "Analysis and Synthesis Settings -> More Settings" to "Off".


+-------------------------------------------------------------------------------------------------------------------------------------------------------+
; Parameter Settings for User Entity Instance: OSMAN:CIRCUIT_0|UIKontroler:UI_Kontroler|StabilizatorUlaza8Bit:UIUlazniStabilizator2|D_FLIPFLOP:MEMORY_5 ;
+-------------------+-------+---------------------------------------------------------------------------------------------------------------------------+
; Parameter Name    ; Value ; Type                                                                                                                      ;
+-------------------+-------+---------------------------------------------------------------------------------------------------------------------------+
; invertclockenable ; 0     ; Signed Integer                                                                                                            ;
+-------------------+-------+---------------------------------------------------------------------------------------------------------------------------+
Note: In order to hide this table in the UI and the text report file, please set the "Show Parameter Settings in Synthesis Report" option in "Analysis and Synthesis Settings -> More Settings" to "Off".


+-------------------------------------------------------------------------------------------------------------------------------------------------------+
; Parameter Settings for User Entity Instance: OSMAN:CIRCUIT_0|UIKontroler:UI_Kontroler|StabilizatorUlaza8Bit:UIUlazniStabilizator2|D_FLIPFLOP:MEMORY_6 ;
+-------------------+-------+---------------------------------------------------------------------------------------------------------------------------+
; Parameter Name    ; Value ; Type                                                                                                                      ;
+-------------------+-------+---------------------------------------------------------------------------------------------------------------------------+
; invertclockenable ; 0     ; Signed Integer                                                                                                            ;
+-------------------+-------+---------------------------------------------------------------------------------------------------------------------------+
Note: In order to hide this table in the UI and the text report file, please set the "Show Parameter Settings in Synthesis Report" option in "Analysis and Synthesis Settings -> More Settings" to "Off".


+-------------------------------------------------------------------------------------------------------------------------------------------------------+
; Parameter Settings for User Entity Instance: OSMAN:CIRCUIT_0|UIKontroler:UI_Kontroler|StabilizatorUlaza8Bit:UIUlazniStabilizator2|D_FLIPFLOP:MEMORY_7 ;
+-------------------+-------+---------------------------------------------------------------------------------------------------------------------------+
; Parameter Name    ; Value ; Type                                                                                                                      ;
+-------------------+-------+---------------------------------------------------------------------------------------------------------------------------+
; invertclockenable ; 0     ; Signed Integer                                                                                                            ;
+-------------------+-------+---------------------------------------------------------------------------------------------------------------------------+
Note: In order to hide this table in the UI and the text report file, please set the "Show Parameter Settings in Synthesis Report" option in "Analysis and Synthesis Settings -> More Settings" to "Off".


+-------------------------------------------------------------------------------------------------------------------------------------------------------+
; Parameter Settings for User Entity Instance: OSMAN:CIRCUIT_0|UIKontroler:UI_Kontroler|StabilizatorUlaza8Bit:UIUlazniStabilizator2|D_FLIPFLOP:MEMORY_8 ;
+-------------------+-------+---------------------------------------------------------------------------------------------------------------------------+
; Parameter Name    ; Value ; Type                                                                                                                      ;
+-------------------+-------+---------------------------------------------------------------------------------------------------------------------------+
; invertclockenable ; 0     ; Signed Integer                                                                                                            ;
+-------------------+-------+---------------------------------------------------------------------------------------------------------------------------+
Note: In order to hide this table in the UI and the text report file, please set the "Show Parameter Settings in Synthesis Report" option in "Analysis and Synthesis Settings -> More Settings" to "Off".


+-------------------------------------------------------------------------------------------------------------------------------------------------------+
; Parameter Settings for User Entity Instance: OSMAN:CIRCUIT_0|UIKontroler:UI_Kontroler|StabilizatorUlaza8Bit:UIUlazniStabilizator3|D_FLIPFLOP:MEMORY_1 ;
+-------------------+-------+---------------------------------------------------------------------------------------------------------------------------+
; Parameter Name    ; Value ; Type                                                                                                                      ;
+-------------------+-------+---------------------------------------------------------------------------------------------------------------------------+
; invertclockenable ; 0     ; Signed Integer                                                                                                            ;
+-------------------+-------+---------------------------------------------------------------------------------------------------------------------------+
Note: In order to hide this table in the UI and the text report file, please set the "Show Parameter Settings in Synthesis Report" option in "Analysis and Synthesis Settings -> More Settings" to "Off".


+-------------------------------------------------------------------------------------------------------------------------------------------------------+
; Parameter Settings for User Entity Instance: OSMAN:CIRCUIT_0|UIKontroler:UI_Kontroler|StabilizatorUlaza8Bit:UIUlazniStabilizator3|D_FLIPFLOP:MEMORY_2 ;
+-------------------+-------+---------------------------------------------------------------------------------------------------------------------------+
; Parameter Name    ; Value ; Type                                                                                                                      ;
+-------------------+-------+---------------------------------------------------------------------------------------------------------------------------+
; invertclockenable ; 0     ; Signed Integer                                                                                                            ;
+-------------------+-------+---------------------------------------------------------------------------------------------------------------------------+
Note: In order to hide this table in the UI and the text report file, please set the "Show Parameter Settings in Synthesis Report" option in "Analysis and Synthesis Settings -> More Settings" to "Off".


+-------------------------------------------------------------------------------------------------------------------------------------------------------+
; Parameter Settings for User Entity Instance: OSMAN:CIRCUIT_0|UIKontroler:UI_Kontroler|StabilizatorUlaza8Bit:UIUlazniStabilizator3|D_FLIPFLOP:MEMORY_3 ;
+-------------------+-------+---------------------------------------------------------------------------------------------------------------------------+
; Parameter Name    ; Value ; Type                                                                                                                      ;
+-------------------+-------+---------------------------------------------------------------------------------------------------------------------------+
; invertclockenable ; 0     ; Signed Integer                                                                                                            ;
+-------------------+-------+---------------------------------------------------------------------------------------------------------------------------+
Note: In order to hide this table in the UI and the text report file, please set the "Show Parameter Settings in Synthesis Report" option in "Analysis and Synthesis Settings -> More Settings" to "Off".


+-------------------------------------------------------------------------------------------------------------------------------------------------------+
; Parameter Settings for User Entity Instance: OSMAN:CIRCUIT_0|UIKontroler:UI_Kontroler|StabilizatorUlaza8Bit:UIUlazniStabilizator3|D_FLIPFLOP:MEMORY_4 ;
+-------------------+-------+---------------------------------------------------------------------------------------------------------------------------+
; Parameter Name    ; Value ; Type                                                                                                                      ;
+-------------------+-------+---------------------------------------------------------------------------------------------------------------------------+
; invertclockenable ; 0     ; Signed Integer                                                                                                            ;
+-------------------+-------+---------------------------------------------------------------------------------------------------------------------------+
Note: In order to hide this table in the UI and the text report file, please set the "Show Parameter Settings in Synthesis Report" option in "Analysis and Synthesis Settings -> More Settings" to "Off".


+-------------------------------------------------------------------------------------------------------------------------------------------------------+
; Parameter Settings for User Entity Instance: OSMAN:CIRCUIT_0|UIKontroler:UI_Kontroler|StabilizatorUlaza8Bit:UIUlazniStabilizator3|D_FLIPFLOP:MEMORY_5 ;
+-------------------+-------+---------------------------------------------------------------------------------------------------------------------------+
; Parameter Name    ; Value ; Type                                                                                                                      ;
+-------------------+-------+---------------------------------------------------------------------------------------------------------------------------+
; invertclockenable ; 0     ; Signed Integer                                                                                                            ;
+-------------------+-------+---------------------------------------------------------------------------------------------------------------------------+
Note: In order to hide this table in the UI and the text report file, please set the "Show Parameter Settings in Synthesis Report" option in "Analysis and Synthesis Settings -> More Settings" to "Off".


+-------------------------------------------------------------------------------------------------------------------------------------------------------+
; Parameter Settings for User Entity Instance: OSMAN:CIRCUIT_0|UIKontroler:UI_Kontroler|StabilizatorUlaza8Bit:UIUlazniStabilizator3|D_FLIPFLOP:MEMORY_6 ;
+-------------------+-------+---------------------------------------------------------------------------------------------------------------------------+
; Parameter Name    ; Value ; Type                                                                                                                      ;
+-------------------+-------+---------------------------------------------------------------------------------------------------------------------------+
; invertclockenable ; 0     ; Signed Integer                                                                                                            ;
+-------------------+-------+---------------------------------------------------------------------------------------------------------------------------+
Note: In order to hide this table in the UI and the text report file, please set the "Show Parameter Settings in Synthesis Report" option in "Analysis and Synthesis Settings -> More Settings" to "Off".


+-------------------------------------------------------------------------------------------------------------------------------------------------------+
; Parameter Settings for User Entity Instance: OSMAN:CIRCUIT_0|UIKontroler:UI_Kontroler|StabilizatorUlaza8Bit:UIUlazniStabilizator3|D_FLIPFLOP:MEMORY_7 ;
+-------------------+-------+---------------------------------------------------------------------------------------------------------------------------+
; Parameter Name    ; Value ; Type                                                                                                                      ;
+-------------------+-------+---------------------------------------------------------------------------------------------------------------------------+
; invertclockenable ; 0     ; Signed Integer                                                                                                            ;
+-------------------+-------+---------------------------------------------------------------------------------------------------------------------------+
Note: In order to hide this table in the UI and the text report file, please set the "Show Parameter Settings in Synthesis Report" option in "Analysis and Synthesis Settings -> More Settings" to "Off".


+-------------------------------------------------------------------------------------------------------------------------------------------------------+
; Parameter Settings for User Entity Instance: OSMAN:CIRCUIT_0|UIKontroler:UI_Kontroler|StabilizatorUlaza8Bit:UIUlazniStabilizator3|D_FLIPFLOP:MEMORY_8 ;
+-------------------+-------+---------------------------------------------------------------------------------------------------------------------------+
; Parameter Name    ; Value ; Type                                                                                                                      ;
+-------------------+-------+---------------------------------------------------------------------------------------------------------------------------+
; invertclockenable ; 0     ; Signed Integer                                                                                                            ;
+-------------------+-------+---------------------------------------------------------------------------------------------------------------------------+
Note: In order to hide this table in the UI and the text report file, please set the "Show Parameter Settings in Synthesis Report" option in "Analysis and Synthesis Settings -> More Settings" to "Off".


+-------------------------------------------------------------------------------------------------------------------------------------------------------+
; Parameter Settings for User Entity Instance: OSMAN:CIRCUIT_0|UIKontroler:UI_Kontroler|StabilizatorUlaza8Bit:UIUlazniStabilizator4|D_FLIPFLOP:MEMORY_1 ;
+-------------------+-------+---------------------------------------------------------------------------------------------------------------------------+
; Parameter Name    ; Value ; Type                                                                                                                      ;
+-------------------+-------+---------------------------------------------------------------------------------------------------------------------------+
; invertclockenable ; 0     ; Signed Integer                                                                                                            ;
+-------------------+-------+---------------------------------------------------------------------------------------------------------------------------+
Note: In order to hide this table in the UI and the text report file, please set the "Show Parameter Settings in Synthesis Report" option in "Analysis and Synthesis Settings -> More Settings" to "Off".


+-------------------------------------------------------------------------------------------------------------------------------------------------------+
; Parameter Settings for User Entity Instance: OSMAN:CIRCUIT_0|UIKontroler:UI_Kontroler|StabilizatorUlaza8Bit:UIUlazniStabilizator4|D_FLIPFLOP:MEMORY_2 ;
+-------------------+-------+---------------------------------------------------------------------------------------------------------------------------+
; Parameter Name    ; Value ; Type                                                                                                                      ;
+-------------------+-------+---------------------------------------------------------------------------------------------------------------------------+
; invertclockenable ; 0     ; Signed Integer                                                                                                            ;
+-------------------+-------+---------------------------------------------------------------------------------------------------------------------------+
Note: In order to hide this table in the UI and the text report file, please set the "Show Parameter Settings in Synthesis Report" option in "Analysis and Synthesis Settings -> More Settings" to "Off".


+-------------------------------------------------------------------------------------------------------------------------------------------------------+
; Parameter Settings for User Entity Instance: OSMAN:CIRCUIT_0|UIKontroler:UI_Kontroler|StabilizatorUlaza8Bit:UIUlazniStabilizator4|D_FLIPFLOP:MEMORY_3 ;
+-------------------+-------+---------------------------------------------------------------------------------------------------------------------------+
; Parameter Name    ; Value ; Type                                                                                                                      ;
+-------------------+-------+---------------------------------------------------------------------------------------------------------------------------+
; invertclockenable ; 0     ; Signed Integer                                                                                                            ;
+-------------------+-------+---------------------------------------------------------------------------------------------------------------------------+
Note: In order to hide this table in the UI and the text report file, please set the "Show Parameter Settings in Synthesis Report" option in "Analysis and Synthesis Settings -> More Settings" to "Off".


+-------------------------------------------------------------------------------------------------------------------------------------------------------+
; Parameter Settings for User Entity Instance: OSMAN:CIRCUIT_0|UIKontroler:UI_Kontroler|StabilizatorUlaza8Bit:UIUlazniStabilizator4|D_FLIPFLOP:MEMORY_4 ;
+-------------------+-------+---------------------------------------------------------------------------------------------------------------------------+
; Parameter Name    ; Value ; Type                                                                                                                      ;
+-------------------+-------+---------------------------------------------------------------------------------------------------------------------------+
; invertclockenable ; 0     ; Signed Integer                                                                                                            ;
+-------------------+-------+---------------------------------------------------------------------------------------------------------------------------+
Note: In order to hide this table in the UI and the text report file, please set the "Show Parameter Settings in Synthesis Report" option in "Analysis and Synthesis Settings -> More Settings" to "Off".


+-------------------------------------------------------------------------------------------------------------------------------------------------------+
; Parameter Settings for User Entity Instance: OSMAN:CIRCUIT_0|UIKontroler:UI_Kontroler|StabilizatorUlaza8Bit:UIUlazniStabilizator4|D_FLIPFLOP:MEMORY_5 ;
+-------------------+-------+---------------------------------------------------------------------------------------------------------------------------+
; Parameter Name    ; Value ; Type                                                                                                                      ;
+-------------------+-------+---------------------------------------------------------------------------------------------------------------------------+
; invertclockenable ; 0     ; Signed Integer                                                                                                            ;
+-------------------+-------+---------------------------------------------------------------------------------------------------------------------------+
Note: In order to hide this table in the UI and the text report file, please set the "Show Parameter Settings in Synthesis Report" option in "Analysis and Synthesis Settings -> More Settings" to "Off".


+-------------------------------------------------------------------------------------------------------------------------------------------------------+
; Parameter Settings for User Entity Instance: OSMAN:CIRCUIT_0|UIKontroler:UI_Kontroler|StabilizatorUlaza8Bit:UIUlazniStabilizator4|D_FLIPFLOP:MEMORY_6 ;
+-------------------+-------+---------------------------------------------------------------------------------------------------------------------------+
; Parameter Name    ; Value ; Type                                                                                                                      ;
+-------------------+-------+---------------------------------------------------------------------------------------------------------------------------+
; invertclockenable ; 0     ; Signed Integer                                                                                                            ;
+-------------------+-------+---------------------------------------------------------------------------------------------------------------------------+
Note: In order to hide this table in the UI and the text report file, please set the "Show Parameter Settings in Synthesis Report" option in "Analysis and Synthesis Settings -> More Settings" to "Off".


+-------------------------------------------------------------------------------------------------------------------------------------------------------+
; Parameter Settings for User Entity Instance: OSMAN:CIRCUIT_0|UIKontroler:UI_Kontroler|StabilizatorUlaza8Bit:UIUlazniStabilizator4|D_FLIPFLOP:MEMORY_7 ;
+-------------------+-------+---------------------------------------------------------------------------------------------------------------------------+
; Parameter Name    ; Value ; Type                                                                                                                      ;
+-------------------+-------+---------------------------------------------------------------------------------------------------------------------------+
; invertclockenable ; 0     ; Signed Integer                                                                                                            ;
+-------------------+-------+---------------------------------------------------------------------------------------------------------------------------+
Note: In order to hide this table in the UI and the text report file, please set the "Show Parameter Settings in Synthesis Report" option in "Analysis and Synthesis Settings -> More Settings" to "Off".


+-------------------------------------------------------------------------------------------------------------------------------------------------------+
; Parameter Settings for User Entity Instance: OSMAN:CIRCUIT_0|UIKontroler:UI_Kontroler|StabilizatorUlaza8Bit:UIUlazniStabilizator4|D_FLIPFLOP:MEMORY_8 ;
+-------------------+-------+---------------------------------------------------------------------------------------------------------------------------+
; Parameter Name    ; Value ; Type                                                                                                                      ;
+-------------------+-------+---------------------------------------------------------------------------------------------------------------------------+
; invertclockenable ; 0     ; Signed Integer                                                                                                            ;
+-------------------+-------+---------------------------------------------------------------------------------------------------------------------------+
Note: In order to hide this table in the UI and the text report file, please set the "Show Parameter Settings in Synthesis Report" option in "Analysis and Synthesis Settings -> More Settings" to "Off".


+------------------------------------------------------------------------------------------------------+
; Parameter Settings for User Entity Instance: OSMAN:CIRCUIT_0|ProgramskiBrojac:PB|D_FLIPFLOP:MEMORY_9 ;
+-------------------+-------+--------------------------------------------------------------------------+
; Parameter Name    ; Value ; Type                                                                     ;
+-------------------+-------+--------------------------------------------------------------------------+
; invertclockenable ; 0     ; Signed Integer                                                           ;
+-------------------+-------+--------------------------------------------------------------------------+
Note: In order to hide this table in the UI and the text report file, please set the "Show Parameter Settings in Synthesis Report" option in "Analysis and Synthesis Settings -> More Settings" to "Off".


+-------------------------------------------------------------------------------------------------------+
; Parameter Settings for User Entity Instance: OSMAN:CIRCUIT_0|ProgramskiBrojac:PB|D_FLIPFLOP:MEMORY_10 ;
+-------------------+-------+---------------------------------------------------------------------------+
; Parameter Name    ; Value ; Type                                                                      ;
+-------------------+-------+---------------------------------------------------------------------------+
; invertclockenable ; 0     ; Signed Integer                                                            ;
+-------------------+-------+---------------------------------------------------------------------------+
Note: In order to hide this table in the UI and the text report file, please set the "Show Parameter Settings in Synthesis Report" option in "Analysis and Synthesis Settings -> More Settings" to "Off".


+-------------------------------------------------------------------------------------------------------+
; Parameter Settings for User Entity Instance: OSMAN:CIRCUIT_0|ProgramskiBrojac:PB|D_FLIPFLOP:MEMORY_11 ;
+-------------------+-------+---------------------------------------------------------------------------+
; Parameter Name    ; Value ; Type                                                                      ;
+-------------------+-------+---------------------------------------------------------------------------+
; invertclockenable ; 0     ; Signed Integer                                                            ;
+-------------------+-------+---------------------------------------------------------------------------+
Note: In order to hide this table in the UI and the text report file, please set the "Show Parameter Settings in Synthesis Report" option in "Analysis and Synthesis Settings -> More Settings" to "Off".


+-------------------------------------------------------------------------------------------------------+
; Parameter Settings for User Entity Instance: OSMAN:CIRCUIT_0|ProgramskiBrojac:PB|D_FLIPFLOP:MEMORY_12 ;
+-------------------+-------+---------------------------------------------------------------------------+
; Parameter Name    ; Value ; Type                                                                      ;
+-------------------+-------+---------------------------------------------------------------------------+
; invertclockenable ; 0     ; Signed Integer                                                            ;
+-------------------+-------+---------------------------------------------------------------------------+
Note: In order to hide this table in the UI and the text report file, please set the "Show Parameter Settings in Synthesis Report" option in "Analysis and Synthesis Settings -> More Settings" to "Off".


+-------------------------------------------------------------------------------------------------------+
; Parameter Settings for User Entity Instance: OSMAN:CIRCUIT_0|ProgramskiBrojac:PB|D_FLIPFLOP:MEMORY_13 ;
+-------------------+-------+---------------------------------------------------------------------------+
; Parameter Name    ; Value ; Type                                                                      ;
+-------------------+-------+---------------------------------------------------------------------------+
; invertclockenable ; 0     ; Signed Integer                                                            ;
+-------------------+-------+---------------------------------------------------------------------------+
Note: In order to hide this table in the UI and the text report file, please set the "Show Parameter Settings in Synthesis Report" option in "Analysis and Synthesis Settings -> More Settings" to "Off".


+-------------------------------------------------------------------------------------------------------+
; Parameter Settings for User Entity Instance: OSMAN:CIRCUIT_0|ProgramskiBrojac:PB|D_FLIPFLOP:MEMORY_14 ;
+-------------------+-------+---------------------------------------------------------------------------+
; Parameter Name    ; Value ; Type                                                                      ;
+-------------------+-------+---------------------------------------------------------------------------+
; invertclockenable ; 0     ; Signed Integer                                                            ;
+-------------------+-------+---------------------------------------------------------------------------+
Note: In order to hide this table in the UI and the text report file, please set the "Show Parameter Settings in Synthesis Report" option in "Analysis and Synthesis Settings -> More Settings" to "Off".


+-------------------------------------------------------------------------------------------------------+
; Parameter Settings for User Entity Instance: OSMAN:CIRCUIT_0|ProgramskiBrojac:PB|D_FLIPFLOP:MEMORY_15 ;
+-------------------+-------+---------------------------------------------------------------------------+
; Parameter Name    ; Value ; Type                                                                      ;
+-------------------+-------+---------------------------------------------------------------------------+
; invertclockenable ; 0     ; Signed Integer                                                            ;
+-------------------+-------+---------------------------------------------------------------------------+
Note: In order to hide this table in the UI and the text report file, please set the "Show Parameter Settings in Synthesis Report" option in "Analysis and Synthesis Settings -> More Settings" to "Off".


+-------------------------------------------------------------------------------------------------------+
; Parameter Settings for User Entity Instance: OSMAN:CIRCUIT_0|ProgramskiBrojac:PB|D_FLIPFLOP:MEMORY_16 ;
+-------------------+-------+---------------------------------------------------------------------------+
; Parameter Name    ; Value ; Type                                                                      ;
+-------------------+-------+---------------------------------------------------------------------------+
; invertclockenable ; 0     ; Signed Integer                                                            ;
+-------------------+-------+---------------------------------------------------------------------------+
Note: In order to hide this table in the UI and the text report file, please set the "Show Parameter Settings in Synthesis Report" option in "Analysis and Synthesis Settings -> More Settings" to "Off".


+--------------------------------------------------------------------------------------------------------------------------+
; Parameter Settings for User Entity Instance: OSMAN:CIRCUIT_0|Sabirac:PBSab|FullAdder:FullAdder_8|XOR_GATE_ONEHOT:GATES_1 ;
+----------------+-------+-------------------------------------------------------------------------------------------------+
; Parameter Name ; Value ; Type                                                                                            ;
+----------------+-------+-------------------------------------------------------------------------------------------------+
; bubblesmask    ; 00    ; Unsigned Binary                                                                                 ;
+----------------+-------+-------------------------------------------------------------------------------------------------+
Note: In order to hide this table in the UI and the text report file, please set the "Show Parameter Settings in Synthesis Report" option in "Analysis and Synthesis Settings -> More Settings" to "Off".


+--------------------------------------------------------------------------------------------------------------------------+
; Parameter Settings for User Entity Instance: OSMAN:CIRCUIT_0|Sabirac:PBSab|FullAdder:FullAdder_8|XOR_GATE_ONEHOT:GATES_2 ;
+----------------+-------+-------------------------------------------------------------------------------------------------+
; Parameter Name ; Value ; Type                                                                                            ;
+----------------+-------+-------------------------------------------------------------------------------------------------+
; bubblesmask    ; 00    ; Unsigned Binary                                                                                 ;
+----------------+-------+-------------------------------------------------------------------------------------------------+
Note: In order to hide this table in the UI and the text report file, please set the "Show Parameter Settings in Synthesis Report" option in "Analysis and Synthesis Settings -> More Settings" to "Off".


+-------------------------------------------------------------------------------------------------------------------+
; Parameter Settings for User Entity Instance: OSMAN:CIRCUIT_0|Sabirac:PBSab|FullAdder:FullAdder_8|AND_GATE:GATES_3 ;
+----------------+-------+------------------------------------------------------------------------------------------+
; Parameter Name ; Value ; Type                                                                                     ;
+----------------+-------+------------------------------------------------------------------------------------------+
; bubblesmask    ; 00    ; Unsigned Binary                                                                          ;
+----------------+-------+------------------------------------------------------------------------------------------+
Note: In order to hide this table in the UI and the text report file, please set the "Show Parameter Settings in Synthesis Report" option in "Analysis and Synthesis Settings -> More Settings" to "Off".


+-------------------------------------------------------------------------------------------------------------------+
; Parameter Settings for User Entity Instance: OSMAN:CIRCUIT_0|Sabirac:PBSab|FullAdder:FullAdder_8|AND_GATE:GATES_4 ;
+----------------+-------+------------------------------------------------------------------------------------------+
; Parameter Name ; Value ; Type                                                                                     ;
+----------------+-------+------------------------------------------------------------------------------------------+
; bubblesmask    ; 00    ; Unsigned Binary                                                                          ;
+----------------+-------+------------------------------------------------------------------------------------------+
Note: In order to hide this table in the UI and the text report file, please set the "Show Parameter Settings in Synthesis Report" option in "Analysis and Synthesis Settings -> More Settings" to "Off".


+------------------------------------------------------------------------------------------------------------------+
; Parameter Settings for User Entity Instance: OSMAN:CIRCUIT_0|Sabirac:PBSab|FullAdder:FullAdder_8|OR_GATE:GATES_5 ;
+----------------+-------+-----------------------------------------------------------------------------------------+
; Parameter Name ; Value ; Type                                                                                    ;
+----------------+-------+-----------------------------------------------------------------------------------------+
; bubblesmask    ; 00    ; Unsigned Binary                                                                         ;
+----------------+-------+-----------------------------------------------------------------------------------------+
Note: In order to hide this table in the UI and the text report file, please set the "Show Parameter Settings in Synthesis Report" option in "Analysis and Synthesis Settings -> More Settings" to "Off".


+--------------------------------------------------------------------------------------------------------------------------+
; Parameter Settings for User Entity Instance: OSMAN:CIRCUIT_0|Sabirac:PBSab|FullAdder:FullAdder_1|XOR_GATE_ONEHOT:GATES_1 ;
+----------------+-------+-------------------------------------------------------------------------------------------------+
; Parameter Name ; Value ; Type                                                                                            ;
+----------------+-------+-------------------------------------------------------------------------------------------------+
; bubblesmask    ; 00    ; Unsigned Binary                                                                                 ;
+----------------+-------+-------------------------------------------------------------------------------------------------+
Note: In order to hide this table in the UI and the text report file, please set the "Show Parameter Settings in Synthesis Report" option in "Analysis and Synthesis Settings -> More Settings" to "Off".


+--------------------------------------------------------------------------------------------------------------------------+
; Parameter Settings for User Entity Instance: OSMAN:CIRCUIT_0|Sabirac:PBSab|FullAdder:FullAdder_1|XOR_GATE_ONEHOT:GATES_2 ;
+----------------+-------+-------------------------------------------------------------------------------------------------+
; Parameter Name ; Value ; Type                                                                                            ;
+----------------+-------+-------------------------------------------------------------------------------------------------+
; bubblesmask    ; 00    ; Unsigned Binary                                                                                 ;
+----------------+-------+-------------------------------------------------------------------------------------------------+
Note: In order to hide this table in the UI and the text report file, please set the "Show Parameter Settings in Synthesis Report" option in "Analysis and Synthesis Settings -> More Settings" to "Off".


+-------------------------------------------------------------------------------------------------------------------+
; Parameter Settings for User Entity Instance: OSMAN:CIRCUIT_0|Sabirac:PBSab|FullAdder:FullAdder_1|AND_GATE:GATES_3 ;
+----------------+-------+------------------------------------------------------------------------------------------+
; Parameter Name ; Value ; Type                                                                                     ;
+----------------+-------+------------------------------------------------------------------------------------------+
; bubblesmask    ; 00    ; Unsigned Binary                                                                          ;
+----------------+-------+------------------------------------------------------------------------------------------+
Note: In order to hide this table in the UI and the text report file, please set the "Show Parameter Settings in Synthesis Report" option in "Analysis and Synthesis Settings -> More Settings" to "Off".


+-------------------------------------------------------------------------------------------------------------------+
; Parameter Settings for User Entity Instance: OSMAN:CIRCUIT_0|Sabirac:PBSab|FullAdder:FullAdder_1|AND_GATE:GATES_4 ;
+----------------+-------+------------------------------------------------------------------------------------------+
; Parameter Name ; Value ; Type                                                                                     ;
+----------------+-------+------------------------------------------------------------------------------------------+
; bubblesmask    ; 00    ; Unsigned Binary                                                                          ;
+----------------+-------+------------------------------------------------------------------------------------------+
Note: In order to hide this table in the UI and the text report file, please set the "Show Parameter Settings in Synthesis Report" option in "Analysis and Synthesis Settings -> More Settings" to "Off".


+------------------------------------------------------------------------------------------------------------------+
; Parameter Settings for User Entity Instance: OSMAN:CIRCUIT_0|Sabirac:PBSab|FullAdder:FullAdder_1|OR_GATE:GATES_5 ;
+----------------+-------+-----------------------------------------------------------------------------------------+
; Parameter Name ; Value ; Type                                                                                    ;
+----------------+-------+-----------------------------------------------------------------------------------------+
; bubblesmask    ; 00    ; Unsigned Binary                                                                         ;
+----------------+-------+-----------------------------------------------------------------------------------------+
Note: In order to hide this table in the UI and the text report file, please set the "Show Parameter Settings in Synthesis Report" option in "Analysis and Synthesis Settings -> More Settings" to "Off".


+--------------------------------------------------------------------------------------------------------------------------+
; Parameter Settings for User Entity Instance: OSMAN:CIRCUIT_0|Sabirac:PBSab|FullAdder:FullAdder_2|XOR_GATE_ONEHOT:GATES_1 ;
+----------------+-------+-------------------------------------------------------------------------------------------------+
; Parameter Name ; Value ; Type                                                                                            ;
+----------------+-------+-------------------------------------------------------------------------------------------------+
; bubblesmask    ; 00    ; Unsigned Binary                                                                                 ;
+----------------+-------+-------------------------------------------------------------------------------------------------+
Note: In order to hide this table in the UI and the text report file, please set the "Show Parameter Settings in Synthesis Report" option in "Analysis and Synthesis Settings -> More Settings" to "Off".


+--------------------------------------------------------------------------------------------------------------------------+
; Parameter Settings for User Entity Instance: OSMAN:CIRCUIT_0|Sabirac:PBSab|FullAdder:FullAdder_2|XOR_GATE_ONEHOT:GATES_2 ;
+----------------+-------+-------------------------------------------------------------------------------------------------+
; Parameter Name ; Value ; Type                                                                                            ;
+----------------+-------+-------------------------------------------------------------------------------------------------+
; bubblesmask    ; 00    ; Unsigned Binary                                                                                 ;
+----------------+-------+-------------------------------------------------------------------------------------------------+
Note: In order to hide this table in the UI and the text report file, please set the "Show Parameter Settings in Synthesis Report" option in "Analysis and Synthesis Settings -> More Settings" to "Off".


+-------------------------------------------------------------------------------------------------------------------+
; Parameter Settings for User Entity Instance: OSMAN:CIRCUIT_0|Sabirac:PBSab|FullAdder:FullAdder_2|AND_GATE:GATES_3 ;
+----------------+-------+------------------------------------------------------------------------------------------+
; Parameter Name ; Value ; Type                                                                                     ;
+----------------+-------+------------------------------------------------------------------------------------------+
; bubblesmask    ; 00    ; Unsigned Binary                                                                          ;
+----------------+-------+------------------------------------------------------------------------------------------+
Note: In order to hide this table in the UI and the text report file, please set the "Show Parameter Settings in Synthesis Report" option in "Analysis and Synthesis Settings -> More Settings" to "Off".


+-------------------------------------------------------------------------------------------------------------------+
; Parameter Settings for User Entity Instance: OSMAN:CIRCUIT_0|Sabirac:PBSab|FullAdder:FullAdder_2|AND_GATE:GATES_4 ;
+----------------+-------+------------------------------------------------------------------------------------------+
; Parameter Name ; Value ; Type                                                                                     ;
+----------------+-------+------------------------------------------------------------------------------------------+
; bubblesmask    ; 00    ; Unsigned Binary                                                                          ;
+----------------+-------+------------------------------------------------------------------------------------------+
Note: In order to hide this table in the UI and the text report file, please set the "Show Parameter Settings in Synthesis Report" option in "Analysis and Synthesis Settings -> More Settings" to "Off".


+------------------------------------------------------------------------------------------------------------------+
; Parameter Settings for User Entity Instance: OSMAN:CIRCUIT_0|Sabirac:PBSab|FullAdder:FullAdder_2|OR_GATE:GATES_5 ;
+----------------+-------+-----------------------------------------------------------------------------------------+
; Parameter Name ; Value ; Type                                                                                    ;
+----------------+-------+-----------------------------------------------------------------------------------------+
; bubblesmask    ; 00    ; Unsigned Binary                                                                         ;
+----------------+-------+-----------------------------------------------------------------------------------------+
Note: In order to hide this table in the UI and the text report file, please set the "Show Parameter Settings in Synthesis Report" option in "Analysis and Synthesis Settings -> More Settings" to "Off".


+--------------------------------------------------------------------------------------------------------------------------+
; Parameter Settings for User Entity Instance: OSMAN:CIRCUIT_0|Sabirac:PBSab|FullAdder:FullAdder_3|XOR_GATE_ONEHOT:GATES_1 ;
+----------------+-------+-------------------------------------------------------------------------------------------------+
; Parameter Name ; Value ; Type                                                                                            ;
+----------------+-------+-------------------------------------------------------------------------------------------------+
; bubblesmask    ; 00    ; Unsigned Binary                                                                                 ;
+----------------+-------+-------------------------------------------------------------------------------------------------+
Note: In order to hide this table in the UI and the text report file, please set the "Show Parameter Settings in Synthesis Report" option in "Analysis and Synthesis Settings -> More Settings" to "Off".


+--------------------------------------------------------------------------------------------------------------------------+
; Parameter Settings for User Entity Instance: OSMAN:CIRCUIT_0|Sabirac:PBSab|FullAdder:FullAdder_3|XOR_GATE_ONEHOT:GATES_2 ;
+----------------+-------+-------------------------------------------------------------------------------------------------+
; Parameter Name ; Value ; Type                                                                                            ;
+----------------+-------+-------------------------------------------------------------------------------------------------+
; bubblesmask    ; 00    ; Unsigned Binary                                                                                 ;
+----------------+-------+-------------------------------------------------------------------------------------------------+
Note: In order to hide this table in the UI and the text report file, please set the "Show Parameter Settings in Synthesis Report" option in "Analysis and Synthesis Settings -> More Settings" to "Off".


+-------------------------------------------------------------------------------------------------------------------+
; Parameter Settings for User Entity Instance: OSMAN:CIRCUIT_0|Sabirac:PBSab|FullAdder:FullAdder_3|AND_GATE:GATES_3 ;
+----------------+-------+------------------------------------------------------------------------------------------+
; Parameter Name ; Value ; Type                                                                                     ;
+----------------+-------+------------------------------------------------------------------------------------------+
; bubblesmask    ; 00    ; Unsigned Binary                                                                          ;
+----------------+-------+------------------------------------------------------------------------------------------+
Note: In order to hide this table in the UI and the text report file, please set the "Show Parameter Settings in Synthesis Report" option in "Analysis and Synthesis Settings -> More Settings" to "Off".


+-------------------------------------------------------------------------------------------------------------------+
; Parameter Settings for User Entity Instance: OSMAN:CIRCUIT_0|Sabirac:PBSab|FullAdder:FullAdder_3|AND_GATE:GATES_4 ;
+----------------+-------+------------------------------------------------------------------------------------------+
; Parameter Name ; Value ; Type                                                                                     ;
+----------------+-------+------------------------------------------------------------------------------------------+
; bubblesmask    ; 00    ; Unsigned Binary                                                                          ;
+----------------+-------+------------------------------------------------------------------------------------------+
Note: In order to hide this table in the UI and the text report file, please set the "Show Parameter Settings in Synthesis Report" option in "Analysis and Synthesis Settings -> More Settings" to "Off".


+------------------------------------------------------------------------------------------------------------------+
; Parameter Settings for User Entity Instance: OSMAN:CIRCUIT_0|Sabirac:PBSab|FullAdder:FullAdder_3|OR_GATE:GATES_5 ;
+----------------+-------+-----------------------------------------------------------------------------------------+
; Parameter Name ; Value ; Type                                                                                    ;
+----------------+-------+-----------------------------------------------------------------------------------------+
; bubblesmask    ; 00    ; Unsigned Binary                                                                         ;
+----------------+-------+-----------------------------------------------------------------------------------------+
Note: In order to hide this table in the UI and the text report file, please set the "Show Parameter Settings in Synthesis Report" option in "Analysis and Synthesis Settings -> More Settings" to "Off".


+--------------------------------------------------------------------------------------------------------------------------+
; Parameter Settings for User Entity Instance: OSMAN:CIRCUIT_0|Sabirac:PBSab|FullAdder:FullAdder_4|XOR_GATE_ONEHOT:GATES_1 ;
+----------------+-------+-------------------------------------------------------------------------------------------------+
; Parameter Name ; Value ; Type                                                                                            ;
+----------------+-------+-------------------------------------------------------------------------------------------------+
; bubblesmask    ; 00    ; Unsigned Binary                                                                                 ;
+----------------+-------+-------------------------------------------------------------------------------------------------+
Note: In order to hide this table in the UI and the text report file, please set the "Show Parameter Settings in Synthesis Report" option in "Analysis and Synthesis Settings -> More Settings" to "Off".


+--------------------------------------------------------------------------------------------------------------------------+
; Parameter Settings for User Entity Instance: OSMAN:CIRCUIT_0|Sabirac:PBSab|FullAdder:FullAdder_4|XOR_GATE_ONEHOT:GATES_2 ;
+----------------+-------+-------------------------------------------------------------------------------------------------+
; Parameter Name ; Value ; Type                                                                                            ;
+----------------+-------+-------------------------------------------------------------------------------------------------+
; bubblesmask    ; 00    ; Unsigned Binary                                                                                 ;
+----------------+-------+-------------------------------------------------------------------------------------------------+
Note: In order to hide this table in the UI and the text report file, please set the "Show Parameter Settings in Synthesis Report" option in "Analysis and Synthesis Settings -> More Settings" to "Off".


+-------------------------------------------------------------------------------------------------------------------+
; Parameter Settings for User Entity Instance: OSMAN:CIRCUIT_0|Sabirac:PBSab|FullAdder:FullAdder_4|AND_GATE:GATES_3 ;
+----------------+-------+------------------------------------------------------------------------------------------+
; Parameter Name ; Value ; Type                                                                                     ;
+----------------+-------+------------------------------------------------------------------------------------------+
; bubblesmask    ; 00    ; Unsigned Binary                                                                          ;
+----------------+-------+------------------------------------------------------------------------------------------+
Note: In order to hide this table in the UI and the text report file, please set the "Show Parameter Settings in Synthesis Report" option in "Analysis and Synthesis Settings -> More Settings" to "Off".


+-------------------------------------------------------------------------------------------------------------------+
; Parameter Settings for User Entity Instance: OSMAN:CIRCUIT_0|Sabirac:PBSab|FullAdder:FullAdder_4|AND_GATE:GATES_4 ;
+----------------+-------+------------------------------------------------------------------------------------------+
; Parameter Name ; Value ; Type                                                                                     ;
+----------------+-------+------------------------------------------------------------------------------------------+
; bubblesmask    ; 00    ; Unsigned Binary                                                                          ;
+----------------+-------+------------------------------------------------------------------------------------------+
Note: In order to hide this table in the UI and the text report file, please set the "Show Parameter Settings in Synthesis Report" option in "Analysis and Synthesis Settings -> More Settings" to "Off".


+------------------------------------------------------------------------------------------------------------------+
; Parameter Settings for User Entity Instance: OSMAN:CIRCUIT_0|Sabirac:PBSab|FullAdder:FullAdder_4|OR_GATE:GATES_5 ;
+----------------+-------+-----------------------------------------------------------------------------------------+
; Parameter Name ; Value ; Type                                                                                    ;
+----------------+-------+-----------------------------------------------------------------------------------------+
; bubblesmask    ; 00    ; Unsigned Binary                                                                         ;
+----------------+-------+-----------------------------------------------------------------------------------------+
Note: In order to hide this table in the UI and the text report file, please set the "Show Parameter Settings in Synthesis Report" option in "Analysis and Synthesis Settings -> More Settings" to "Off".


+--------------------------------------------------------------------------------------------------------------------------+
; Parameter Settings for User Entity Instance: OSMAN:CIRCUIT_0|Sabirac:PBSab|FullAdder:FullAdder_5|XOR_GATE_ONEHOT:GATES_1 ;
+----------------+-------+-------------------------------------------------------------------------------------------------+
; Parameter Name ; Value ; Type                                                                                            ;
+----------------+-------+-------------------------------------------------------------------------------------------------+
; bubblesmask    ; 00    ; Unsigned Binary                                                                                 ;
+----------------+-------+-------------------------------------------------------------------------------------------------+
Note: In order to hide this table in the UI and the text report file, please set the "Show Parameter Settings in Synthesis Report" option in "Analysis and Synthesis Settings -> More Settings" to "Off".


+--------------------------------------------------------------------------------------------------------------------------+
; Parameter Settings for User Entity Instance: OSMAN:CIRCUIT_0|Sabirac:PBSab|FullAdder:FullAdder_5|XOR_GATE_ONEHOT:GATES_2 ;
+----------------+-------+-------------------------------------------------------------------------------------------------+
; Parameter Name ; Value ; Type                                                                                            ;
+----------------+-------+-------------------------------------------------------------------------------------------------+
; bubblesmask    ; 00    ; Unsigned Binary                                                                                 ;
+----------------+-------+-------------------------------------------------------------------------------------------------+
Note: In order to hide this table in the UI and the text report file, please set the "Show Parameter Settings in Synthesis Report" option in "Analysis and Synthesis Settings -> More Settings" to "Off".


+-------------------------------------------------------------------------------------------------------------------+
; Parameter Settings for User Entity Instance: OSMAN:CIRCUIT_0|Sabirac:PBSab|FullAdder:FullAdder_5|AND_GATE:GATES_3 ;
+----------------+-------+------------------------------------------------------------------------------------------+
; Parameter Name ; Value ; Type                                                                                     ;
+----------------+-------+------------------------------------------------------------------------------------------+
; bubblesmask    ; 00    ; Unsigned Binary                                                                          ;
+----------------+-------+------------------------------------------------------------------------------------------+
Note: In order to hide this table in the UI and the text report file, please set the "Show Parameter Settings in Synthesis Report" option in "Analysis and Synthesis Settings -> More Settings" to "Off".


+-------------------------------------------------------------------------------------------------------------------+
; Parameter Settings for User Entity Instance: OSMAN:CIRCUIT_0|Sabirac:PBSab|FullAdder:FullAdder_5|AND_GATE:GATES_4 ;
+----------------+-------+------------------------------------------------------------------------------------------+
; Parameter Name ; Value ; Type                                                                                     ;
+----------------+-------+------------------------------------------------------------------------------------------+
; bubblesmask    ; 00    ; Unsigned Binary                                                                          ;
+----------------+-------+------------------------------------------------------------------------------------------+
Note: In order to hide this table in the UI and the text report file, please set the "Show Parameter Settings in Synthesis Report" option in "Analysis and Synthesis Settings -> More Settings" to "Off".


+------------------------------------------------------------------------------------------------------------------+
; Parameter Settings for User Entity Instance: OSMAN:CIRCUIT_0|Sabirac:PBSab|FullAdder:FullAdder_5|OR_GATE:GATES_5 ;
+----------------+-------+-----------------------------------------------------------------------------------------+
; Parameter Name ; Value ; Type                                                                                    ;
+----------------+-------+-----------------------------------------------------------------------------------------+
; bubblesmask    ; 00    ; Unsigned Binary                                                                         ;
+----------------+-------+-----------------------------------------------------------------------------------------+
Note: In order to hide this table in the UI and the text report file, please set the "Show Parameter Settings in Synthesis Report" option in "Analysis and Synthesis Settings -> More Settings" to "Off".


+--------------------------------------------------------------------------------------------------------------------------+
; Parameter Settings for User Entity Instance: OSMAN:CIRCUIT_0|Sabirac:PBSab|FullAdder:FullAdder_6|XOR_GATE_ONEHOT:GATES_1 ;
+----------------+-------+-------------------------------------------------------------------------------------------------+
; Parameter Name ; Value ; Type                                                                                            ;
+----------------+-------+-------------------------------------------------------------------------------------------------+
; bubblesmask    ; 00    ; Unsigned Binary                                                                                 ;
+----------------+-------+-------------------------------------------------------------------------------------------------+
Note: In order to hide this table in the UI and the text report file, please set the "Show Parameter Settings in Synthesis Report" option in "Analysis and Synthesis Settings -> More Settings" to "Off".


+--------------------------------------------------------------------------------------------------------------------------+
; Parameter Settings for User Entity Instance: OSMAN:CIRCUIT_0|Sabirac:PBSab|FullAdder:FullAdder_6|XOR_GATE_ONEHOT:GATES_2 ;
+----------------+-------+-------------------------------------------------------------------------------------------------+
; Parameter Name ; Value ; Type                                                                                            ;
+----------------+-------+-------------------------------------------------------------------------------------------------+
; bubblesmask    ; 00    ; Unsigned Binary                                                                                 ;
+----------------+-------+-------------------------------------------------------------------------------------------------+
Note: In order to hide this table in the UI and the text report file, please set the "Show Parameter Settings in Synthesis Report" option in "Analysis and Synthesis Settings -> More Settings" to "Off".


+-------------------------------------------------------------------------------------------------------------------+
; Parameter Settings for User Entity Instance: OSMAN:CIRCUIT_0|Sabirac:PBSab|FullAdder:FullAdder_6|AND_GATE:GATES_3 ;
+----------------+-------+------------------------------------------------------------------------------------------+
; Parameter Name ; Value ; Type                                                                                     ;
+----------------+-------+------------------------------------------------------------------------------------------+
; bubblesmask    ; 00    ; Unsigned Binary                                                                          ;
+----------------+-------+------------------------------------------------------------------------------------------+
Note: In order to hide this table in the UI and the text report file, please set the "Show Parameter Settings in Synthesis Report" option in "Analysis and Synthesis Settings -> More Settings" to "Off".


+-------------------------------------------------------------------------------------------------------------------+
; Parameter Settings for User Entity Instance: OSMAN:CIRCUIT_0|Sabirac:PBSab|FullAdder:FullAdder_6|AND_GATE:GATES_4 ;
+----------------+-------+------------------------------------------------------------------------------------------+
; Parameter Name ; Value ; Type                                                                                     ;
+----------------+-------+------------------------------------------------------------------------------------------+
; bubblesmask    ; 00    ; Unsigned Binary                                                                          ;
+----------------+-------+------------------------------------------------------------------------------------------+
Note: In order to hide this table in the UI and the text report file, please set the "Show Parameter Settings in Synthesis Report" option in "Analysis and Synthesis Settings -> More Settings" to "Off".


+------------------------------------------------------------------------------------------------------------------+
; Parameter Settings for User Entity Instance: OSMAN:CIRCUIT_0|Sabirac:PBSab|FullAdder:FullAdder_6|OR_GATE:GATES_5 ;
+----------------+-------+-----------------------------------------------------------------------------------------+
; Parameter Name ; Value ; Type                                                                                    ;
+----------------+-------+-----------------------------------------------------------------------------------------+
; bubblesmask    ; 00    ; Unsigned Binary                                                                         ;
+----------------+-------+-----------------------------------------------------------------------------------------+
Note: In order to hide this table in the UI and the text report file, please set the "Show Parameter Settings in Synthesis Report" option in "Analysis and Synthesis Settings -> More Settings" to "Off".


+--------------------------------------------------------------------------------------------------------------------------+
; Parameter Settings for User Entity Instance: OSMAN:CIRCUIT_0|Sabirac:PBSab|FullAdder:FullAdder_7|XOR_GATE_ONEHOT:GATES_1 ;
+----------------+-------+-------------------------------------------------------------------------------------------------+
; Parameter Name ; Value ; Type                                                                                            ;
+----------------+-------+-------------------------------------------------------------------------------------------------+
; bubblesmask    ; 00    ; Unsigned Binary                                                                                 ;
+----------------+-------+-------------------------------------------------------------------------------------------------+
Note: In order to hide this table in the UI and the text report file, please set the "Show Parameter Settings in Synthesis Report" option in "Analysis and Synthesis Settings -> More Settings" to "Off".


+--------------------------------------------------------------------------------------------------------------------------+
; Parameter Settings for User Entity Instance: OSMAN:CIRCUIT_0|Sabirac:PBSab|FullAdder:FullAdder_7|XOR_GATE_ONEHOT:GATES_2 ;
+----------------+-------+-------------------------------------------------------------------------------------------------+
; Parameter Name ; Value ; Type                                                                                            ;
+----------------+-------+-------------------------------------------------------------------------------------------------+
; bubblesmask    ; 00    ; Unsigned Binary                                                                                 ;
+----------------+-------+-------------------------------------------------------------------------------------------------+
Note: In order to hide this table in the UI and the text report file, please set the "Show Parameter Settings in Synthesis Report" option in "Analysis and Synthesis Settings -> More Settings" to "Off".


+-------------------------------------------------------------------------------------------------------------------+
; Parameter Settings for User Entity Instance: OSMAN:CIRCUIT_0|Sabirac:PBSab|FullAdder:FullAdder_7|AND_GATE:GATES_3 ;
+----------------+-------+------------------------------------------------------------------------------------------+
; Parameter Name ; Value ; Type                                                                                     ;
+----------------+-------+------------------------------------------------------------------------------------------+
; bubblesmask    ; 00    ; Unsigned Binary                                                                          ;
+----------------+-------+------------------------------------------------------------------------------------------+
Note: In order to hide this table in the UI and the text report file, please set the "Show Parameter Settings in Synthesis Report" option in "Analysis and Synthesis Settings -> More Settings" to "Off".


+-------------------------------------------------------------------------------------------------------------------+
; Parameter Settings for User Entity Instance: OSMAN:CIRCUIT_0|Sabirac:PBSab|FullAdder:FullAdder_7|AND_GATE:GATES_4 ;
+----------------+-------+------------------------------------------------------------------------------------------+
; Parameter Name ; Value ; Type                                                                                     ;
+----------------+-------+------------------------------------------------------------------------------------------+
; bubblesmask    ; 00    ; Unsigned Binary                                                                          ;
+----------------+-------+------------------------------------------------------------------------------------------+
Note: In order to hide this table in the UI and the text report file, please set the "Show Parameter Settings in Synthesis Report" option in "Analysis and Synthesis Settings -> More Settings" to "Off".


+------------------------------------------------------------------------------------------------------------------+
; Parameter Settings for User Entity Instance: OSMAN:CIRCUIT_0|Sabirac:PBSab|FullAdder:FullAdder_7|OR_GATE:GATES_5 ;
+----------------+-------+-----------------------------------------------------------------------------------------+
; Parameter Name ; Value ; Type                                                                                    ;
+----------------+-------+-----------------------------------------------------------------------------------------+
; bubblesmask    ; 00    ; Unsigned Binary                                                                         ;
+----------------+-------+-----------------------------------------------------------------------------------------+
Note: In order to hide this table in the UI and the text report file, please set the "Show Parameter Settings in Synthesis Report" option in "Analysis and Synthesis Settings -> More Settings" to "Off".


+-----------------------------------------------------------------------------------------------------------------+
; Parameter Settings for User Entity Instance: OSMAN:CIRCUIT_0|RegistarskaDatoteka:RD|Multiplexer_bus_8:PLEXERS_2 ;
+----------------+-------+----------------------------------------------------------------------------------------+
; Parameter Name ; Value ; Type                                                                                   ;
+----------------+-------+----------------------------------------------------------------------------------------+
; nrofbits       ; 8     ; Signed Integer                                                                         ;
+----------------+-------+----------------------------------------------------------------------------------------+
Note: In order to hide this table in the UI and the text report file, please set the "Show Parameter Settings in Synthesis Report" option in "Analysis and Synthesis Settings -> More Settings" to "Off".


+-----------------------------------------------------------------------------------------------------------------+
; Parameter Settings for User Entity Instance: OSMAN:CIRCUIT_0|RegistarskaDatoteka:RD|Multiplexer_bus_8:PLEXERS_3 ;
+----------------+-------+----------------------------------------------------------------------------------------+
; Parameter Name ; Value ; Type                                                                                   ;
+----------------+-------+----------------------------------------------------------------------------------------+
; nrofbits       ; 8     ; Signed Integer                                                                         ;
+----------------+-------+----------------------------------------------------------------------------------------+
Note: In order to hide this table in the UI and the text report file, please set the "Show Parameter Settings in Synthesis Report" option in "Analysis and Synthesis Settings -> More Settings" to "Off".


+-------------------------------------------------------------------------------------------------------------------------------------+
; Parameter Settings for User Entity Instance: OSMAN:CIRCUIT_0|RegistarskaDatoteka:RD|Registar8Bit:Registar8Bit_1|D_FLIPFLOP:MEMORY_9 ;
+-------------------+-------+---------------------------------------------------------------------------------------------------------+
; Parameter Name    ; Value ; Type                                                                                                    ;
+-------------------+-------+---------------------------------------------------------------------------------------------------------+
; invertclockenable ; 1     ; Signed Integer                                                                                          ;
+-------------------+-------+---------------------------------------------------------------------------------------------------------+
Note: In order to hide this table in the UI and the text report file, please set the "Show Parameter Settings in Synthesis Report" option in "Analysis and Synthesis Settings -> More Settings" to "Off".


+--------------------------------------------------------------------------------------------------------------------------------------+
; Parameter Settings for User Entity Instance: OSMAN:CIRCUIT_0|RegistarskaDatoteka:RD|Registar8Bit:Registar8Bit_1|D_FLIPFLOP:MEMORY_10 ;
+-------------------+-------+----------------------------------------------------------------------------------------------------------+
; Parameter Name    ; Value ; Type                                                                                                     ;
+-------------------+-------+----------------------------------------------------------------------------------------------------------+
; invertclockenable ; 1     ; Signed Integer                                                                                           ;
+-------------------+-------+----------------------------------------------------------------------------------------------------------+
Note: In order to hide this table in the UI and the text report file, please set the "Show Parameter Settings in Synthesis Report" option in "Analysis and Synthesis Settings -> More Settings" to "Off".


+--------------------------------------------------------------------------------------------------------------------------------------+
; Parameter Settings for User Entity Instance: OSMAN:CIRCUIT_0|RegistarskaDatoteka:RD|Registar8Bit:Registar8Bit_1|D_FLIPFLOP:MEMORY_11 ;
+-------------------+-------+----------------------------------------------------------------------------------------------------------+
; Parameter Name    ; Value ; Type                                                                                                     ;
+-------------------+-------+----------------------------------------------------------------------------------------------------------+
; invertclockenable ; 1     ; Signed Integer                                                                                           ;
+-------------------+-------+----------------------------------------------------------------------------------------------------------+
Note: In order to hide this table in the UI and the text report file, please set the "Show Parameter Settings in Synthesis Report" option in "Analysis and Synthesis Settings -> More Settings" to "Off".


+--------------------------------------------------------------------------------------------------------------------------------------+
; Parameter Settings for User Entity Instance: OSMAN:CIRCUIT_0|RegistarskaDatoteka:RD|Registar8Bit:Registar8Bit_1|D_FLIPFLOP:MEMORY_12 ;
+-------------------+-------+----------------------------------------------------------------------------------------------------------+
; Parameter Name    ; Value ; Type                                                                                                     ;
+-------------------+-------+----------------------------------------------------------------------------------------------------------+
; invertclockenable ; 1     ; Signed Integer                                                                                           ;
+-------------------+-------+----------------------------------------------------------------------------------------------------------+
Note: In order to hide this table in the UI and the text report file, please set the "Show Parameter Settings in Synthesis Report" option in "Analysis and Synthesis Settings -> More Settings" to "Off".


+--------------------------------------------------------------------------------------------------------------------------------------+
; Parameter Settings for User Entity Instance: OSMAN:CIRCUIT_0|RegistarskaDatoteka:RD|Registar8Bit:Registar8Bit_1|D_FLIPFLOP:MEMORY_13 ;
+-------------------+-------+----------------------------------------------------------------------------------------------------------+
; Parameter Name    ; Value ; Type                                                                                                     ;
+-------------------+-------+----------------------------------------------------------------------------------------------------------+
; invertclockenable ; 1     ; Signed Integer                                                                                           ;
+-------------------+-------+----------------------------------------------------------------------------------------------------------+
Note: In order to hide this table in the UI and the text report file, please set the "Show Parameter Settings in Synthesis Report" option in "Analysis and Synthesis Settings -> More Settings" to "Off".


+--------------------------------------------------------------------------------------------------------------------------------------+
; Parameter Settings for User Entity Instance: OSMAN:CIRCUIT_0|RegistarskaDatoteka:RD|Registar8Bit:Registar8Bit_1|D_FLIPFLOP:MEMORY_14 ;
+-------------------+-------+----------------------------------------------------------------------------------------------------------+
; Parameter Name    ; Value ; Type                                                                                                     ;
+-------------------+-------+----------------------------------------------------------------------------------------------------------+
; invertclockenable ; 1     ; Signed Integer                                                                                           ;
+-------------------+-------+----------------------------------------------------------------------------------------------------------+
Note: In order to hide this table in the UI and the text report file, please set the "Show Parameter Settings in Synthesis Report" option in "Analysis and Synthesis Settings -> More Settings" to "Off".


+--------------------------------------------------------------------------------------------------------------------------------------+
; Parameter Settings for User Entity Instance: OSMAN:CIRCUIT_0|RegistarskaDatoteka:RD|Registar8Bit:Registar8Bit_1|D_FLIPFLOP:MEMORY_15 ;
+-------------------+-------+----------------------------------------------------------------------------------------------------------+
; Parameter Name    ; Value ; Type                                                                                                     ;
+-------------------+-------+----------------------------------------------------------------------------------------------------------+
; invertclockenable ; 1     ; Signed Integer                                                                                           ;
+-------------------+-------+----------------------------------------------------------------------------------------------------------+
Note: In order to hide this table in the UI and the text report file, please set the "Show Parameter Settings in Synthesis Report" option in "Analysis and Synthesis Settings -> More Settings" to "Off".


+--------------------------------------------------------------------------------------------------------------------------------------+
; Parameter Settings for User Entity Instance: OSMAN:CIRCUIT_0|RegistarskaDatoteka:RD|Registar8Bit:Registar8Bit_1|D_FLIPFLOP:MEMORY_16 ;
+-------------------+-------+----------------------------------------------------------------------------------------------------------+
; Parameter Name    ; Value ; Type                                                                                                     ;
+-------------------+-------+----------------------------------------------------------------------------------------------------------+
; invertclockenable ; 1     ; Signed Integer                                                                                           ;
+-------------------+-------+----------------------------------------------------------------------------------------------------------+
Note: In order to hide this table in the UI and the text report file, please set the "Show Parameter Settings in Synthesis Report" option in "Analysis and Synthesis Settings -> More Settings" to "Off".


+-------------------------------------------------------------------------------------------------------------------------------------+
; Parameter Settings for User Entity Instance: OSMAN:CIRCUIT_0|RegistarskaDatoteka:RD|Registar8Bit:Registar8Bit_2|D_FLIPFLOP:MEMORY_9 ;
+-------------------+-------+---------------------------------------------------------------------------------------------------------+
; Parameter Name    ; Value ; Type                                                                                                    ;
+-------------------+-------+---------------------------------------------------------------------------------------------------------+
; invertclockenable ; 1     ; Signed Integer                                                                                          ;
+-------------------+-------+---------------------------------------------------------------------------------------------------------+
Note: In order to hide this table in the UI and the text report file, please set the "Show Parameter Settings in Synthesis Report" option in "Analysis and Synthesis Settings -> More Settings" to "Off".


+--------------------------------------------------------------------------------------------------------------------------------------+
; Parameter Settings for User Entity Instance: OSMAN:CIRCUIT_0|RegistarskaDatoteka:RD|Registar8Bit:Registar8Bit_2|D_FLIPFLOP:MEMORY_10 ;
+-------------------+-------+----------------------------------------------------------------------------------------------------------+
; Parameter Name    ; Value ; Type                                                                                                     ;
+-------------------+-------+----------------------------------------------------------------------------------------------------------+
; invertclockenable ; 1     ; Signed Integer                                                                                           ;
+-------------------+-------+----------------------------------------------------------------------------------------------------------+
Note: In order to hide this table in the UI and the text report file, please set the "Show Parameter Settings in Synthesis Report" option in "Analysis and Synthesis Settings -> More Settings" to "Off".


+--------------------------------------------------------------------------------------------------------------------------------------+
; Parameter Settings for User Entity Instance: OSMAN:CIRCUIT_0|RegistarskaDatoteka:RD|Registar8Bit:Registar8Bit_2|D_FLIPFLOP:MEMORY_11 ;
+-------------------+-------+----------------------------------------------------------------------------------------------------------+
; Parameter Name    ; Value ; Type                                                                                                     ;
+-------------------+-------+----------------------------------------------------------------------------------------------------------+
; invertclockenable ; 1     ; Signed Integer                                                                                           ;
+-------------------+-------+----------------------------------------------------------------------------------------------------------+
Note: In order to hide this table in the UI and the text report file, please set the "Show Parameter Settings in Synthesis Report" option in "Analysis and Synthesis Settings -> More Settings" to "Off".


+--------------------------------------------------------------------------------------------------------------------------------------+
; Parameter Settings for User Entity Instance: OSMAN:CIRCUIT_0|RegistarskaDatoteka:RD|Registar8Bit:Registar8Bit_2|D_FLIPFLOP:MEMORY_12 ;
+-------------------+-------+----------------------------------------------------------------------------------------------------------+
; Parameter Name    ; Value ; Type                                                                                                     ;
+-------------------+-------+----------------------------------------------------------------------------------------------------------+
; invertclockenable ; 1     ; Signed Integer                                                                                           ;
+-------------------+-------+----------------------------------------------------------------------------------------------------------+
Note: In order to hide this table in the UI and the text report file, please set the "Show Parameter Settings in Synthesis Report" option in "Analysis and Synthesis Settings -> More Settings" to "Off".


+--------------------------------------------------------------------------------------------------------------------------------------+
; Parameter Settings for User Entity Instance: OSMAN:CIRCUIT_0|RegistarskaDatoteka:RD|Registar8Bit:Registar8Bit_2|D_FLIPFLOP:MEMORY_13 ;
+-------------------+-------+----------------------------------------------------------------------------------------------------------+
; Parameter Name    ; Value ; Type                                                                                                     ;
+-------------------+-------+----------------------------------------------------------------------------------------------------------+
; invertclockenable ; 1     ; Signed Integer                                                                                           ;
+-------------------+-------+----------------------------------------------------------------------------------------------------------+
Note: In order to hide this table in the UI and the text report file, please set the "Show Parameter Settings in Synthesis Report" option in "Analysis and Synthesis Settings -> More Settings" to "Off".


+--------------------------------------------------------------------------------------------------------------------------------------+
; Parameter Settings for User Entity Instance: OSMAN:CIRCUIT_0|RegistarskaDatoteka:RD|Registar8Bit:Registar8Bit_2|D_FLIPFLOP:MEMORY_14 ;
+-------------------+-------+----------------------------------------------------------------------------------------------------------+
; Parameter Name    ; Value ; Type                                                                                                     ;
+-------------------+-------+----------------------------------------------------------------------------------------------------------+
; invertclockenable ; 1     ; Signed Integer                                                                                           ;
+-------------------+-------+----------------------------------------------------------------------------------------------------------+
Note: In order to hide this table in the UI and the text report file, please set the "Show Parameter Settings in Synthesis Report" option in "Analysis and Synthesis Settings -> More Settings" to "Off".


+--------------------------------------------------------------------------------------------------------------------------------------+
; Parameter Settings for User Entity Instance: OSMAN:CIRCUIT_0|RegistarskaDatoteka:RD|Registar8Bit:Registar8Bit_2|D_FLIPFLOP:MEMORY_15 ;
+-------------------+-------+----------------------------------------------------------------------------------------------------------+
; Parameter Name    ; Value ; Type                                                                                                     ;
+-------------------+-------+----------------------------------------------------------------------------------------------------------+
; invertclockenable ; 1     ; Signed Integer                                                                                           ;
+-------------------+-------+----------------------------------------------------------------------------------------------------------+
Note: In order to hide this table in the UI and the text report file, please set the "Show Parameter Settings in Synthesis Report" option in "Analysis and Synthesis Settings -> More Settings" to "Off".


+--------------------------------------------------------------------------------------------------------------------------------------+
; Parameter Settings for User Entity Instance: OSMAN:CIRCUIT_0|RegistarskaDatoteka:RD|Registar8Bit:Registar8Bit_2|D_FLIPFLOP:MEMORY_16 ;
+-------------------+-------+----------------------------------------------------------------------------------------------------------+
; Parameter Name    ; Value ; Type                                                                                                     ;
+-------------------+-------+----------------------------------------------------------------------------------------------------------+
; invertclockenable ; 1     ; Signed Integer                                                                                           ;
+-------------------+-------+----------------------------------------------------------------------------------------------------------+
Note: In order to hide this table in the UI and the text report file, please set the "Show Parameter Settings in Synthesis Report" option in "Analysis and Synthesis Settings -> More Settings" to "Off".


+-------------------------------------------------------------------------------------------------------------------------------------+
; Parameter Settings for User Entity Instance: OSMAN:CIRCUIT_0|RegistarskaDatoteka:RD|Registar8Bit:Registar8Bit_3|D_FLIPFLOP:MEMORY_9 ;
+-------------------+-------+---------------------------------------------------------------------------------------------------------+
; Parameter Name    ; Value ; Type                                                                                                    ;
+-------------------+-------+---------------------------------------------------------------------------------------------------------+
; invertclockenable ; 1     ; Signed Integer                                                                                          ;
+-------------------+-------+---------------------------------------------------------------------------------------------------------+
Note: In order to hide this table in the UI and the text report file, please set the "Show Parameter Settings in Synthesis Report" option in "Analysis and Synthesis Settings -> More Settings" to "Off".


+--------------------------------------------------------------------------------------------------------------------------------------+
; Parameter Settings for User Entity Instance: OSMAN:CIRCUIT_0|RegistarskaDatoteka:RD|Registar8Bit:Registar8Bit_3|D_FLIPFLOP:MEMORY_10 ;
+-------------------+-------+----------------------------------------------------------------------------------------------------------+
; Parameter Name    ; Value ; Type                                                                                                     ;
+-------------------+-------+----------------------------------------------------------------------------------------------------------+
; invertclockenable ; 1     ; Signed Integer                                                                                           ;
+-------------------+-------+----------------------------------------------------------------------------------------------------------+
Note: In order to hide this table in the UI and the text report file, please set the "Show Parameter Settings in Synthesis Report" option in "Analysis and Synthesis Settings -> More Settings" to "Off".


+--------------------------------------------------------------------------------------------------------------------------------------+
; Parameter Settings for User Entity Instance: OSMAN:CIRCUIT_0|RegistarskaDatoteka:RD|Registar8Bit:Registar8Bit_3|D_FLIPFLOP:MEMORY_11 ;
+-------------------+-------+----------------------------------------------------------------------------------------------------------+
; Parameter Name    ; Value ; Type                                                                                                     ;
+-------------------+-------+----------------------------------------------------------------------------------------------------------+
; invertclockenable ; 1     ; Signed Integer                                                                                           ;
+-------------------+-------+----------------------------------------------------------------------------------------------------------+
Note: In order to hide this table in the UI and the text report file, please set the "Show Parameter Settings in Synthesis Report" option in "Analysis and Synthesis Settings -> More Settings" to "Off".


+--------------------------------------------------------------------------------------------------------------------------------------+
; Parameter Settings for User Entity Instance: OSMAN:CIRCUIT_0|RegistarskaDatoteka:RD|Registar8Bit:Registar8Bit_3|D_FLIPFLOP:MEMORY_12 ;
+-------------------+-------+----------------------------------------------------------------------------------------------------------+
; Parameter Name    ; Value ; Type                                                                                                     ;
+-------------------+-------+----------------------------------------------------------------------------------------------------------+
; invertclockenable ; 1     ; Signed Integer                                                                                           ;
+-------------------+-------+----------------------------------------------------------------------------------------------------------+
Note: In order to hide this table in the UI and the text report file, please set the "Show Parameter Settings in Synthesis Report" option in "Analysis and Synthesis Settings -> More Settings" to "Off".


+--------------------------------------------------------------------------------------------------------------------------------------+
; Parameter Settings for User Entity Instance: OSMAN:CIRCUIT_0|RegistarskaDatoteka:RD|Registar8Bit:Registar8Bit_3|D_FLIPFLOP:MEMORY_13 ;
+-------------------+-------+----------------------------------------------------------------------------------------------------------+
; Parameter Name    ; Value ; Type                                                                                                     ;
+-------------------+-------+----------------------------------------------------------------------------------------------------------+
; invertclockenable ; 1     ; Signed Integer                                                                                           ;
+-------------------+-------+----------------------------------------------------------------------------------------------------------+
Note: In order to hide this table in the UI and the text report file, please set the "Show Parameter Settings in Synthesis Report" option in "Analysis and Synthesis Settings -> More Settings" to "Off".


+--------------------------------------------------------------------------------------------------------------------------------------+
; Parameter Settings for User Entity Instance: OSMAN:CIRCUIT_0|RegistarskaDatoteka:RD|Registar8Bit:Registar8Bit_3|D_FLIPFLOP:MEMORY_14 ;
+-------------------+-------+----------------------------------------------------------------------------------------------------------+
; Parameter Name    ; Value ; Type                                                                                                     ;
+-------------------+-------+----------------------------------------------------------------------------------------------------------+
; invertclockenable ; 1     ; Signed Integer                                                                                           ;
+-------------------+-------+----------------------------------------------------------------------------------------------------------+
Note: In order to hide this table in the UI and the text report file, please set the "Show Parameter Settings in Synthesis Report" option in "Analysis and Synthesis Settings -> More Settings" to "Off".


+--------------------------------------------------------------------------------------------------------------------------------------+
; Parameter Settings for User Entity Instance: OSMAN:CIRCUIT_0|RegistarskaDatoteka:RD|Registar8Bit:Registar8Bit_3|D_FLIPFLOP:MEMORY_15 ;
+-------------------+-------+----------------------------------------------------------------------------------------------------------+
; Parameter Name    ; Value ; Type                                                                                                     ;
+-------------------+-------+----------------------------------------------------------------------------------------------------------+
; invertclockenable ; 1     ; Signed Integer                                                                                           ;
+-------------------+-------+----------------------------------------------------------------------------------------------------------+
Note: In order to hide this table in the UI and the text report file, please set the "Show Parameter Settings in Synthesis Report" option in "Analysis and Synthesis Settings -> More Settings" to "Off".


+--------------------------------------------------------------------------------------------------------------------------------------+
; Parameter Settings for User Entity Instance: OSMAN:CIRCUIT_0|RegistarskaDatoteka:RD|Registar8Bit:Registar8Bit_3|D_FLIPFLOP:MEMORY_16 ;
+-------------------+-------+----------------------------------------------------------------------------------------------------------+
; Parameter Name    ; Value ; Type                                                                                                     ;
+-------------------+-------+----------------------------------------------------------------------------------------------------------+
; invertclockenable ; 1     ; Signed Integer                                                                                           ;
+-------------------+-------+----------------------------------------------------------------------------------------------------------+
Note: In order to hide this table in the UI and the text report file, please set the "Show Parameter Settings in Synthesis Report" option in "Analysis and Synthesis Settings -> More Settings" to "Off".


+-------------------------------------------------------------------------------------------------------------------------------------+
; Parameter Settings for User Entity Instance: OSMAN:CIRCUIT_0|RegistarskaDatoteka:RD|Registar8Bit:Registar8Bit_4|D_FLIPFLOP:MEMORY_9 ;
+-------------------+-------+---------------------------------------------------------------------------------------------------------+
; Parameter Name    ; Value ; Type                                                                                                    ;
+-------------------+-------+---------------------------------------------------------------------------------------------------------+
; invertclockenable ; 1     ; Signed Integer                                                                                          ;
+-------------------+-------+---------------------------------------------------------------------------------------------------------+
Note: In order to hide this table in the UI and the text report file, please set the "Show Parameter Settings in Synthesis Report" option in "Analysis and Synthesis Settings -> More Settings" to "Off".


+--------------------------------------------------------------------------------------------------------------------------------------+
; Parameter Settings for User Entity Instance: OSMAN:CIRCUIT_0|RegistarskaDatoteka:RD|Registar8Bit:Registar8Bit_4|D_FLIPFLOP:MEMORY_10 ;
+-------------------+-------+----------------------------------------------------------------------------------------------------------+
; Parameter Name    ; Value ; Type                                                                                                     ;
+-------------------+-------+----------------------------------------------------------------------------------------------------------+
; invertclockenable ; 1     ; Signed Integer                                                                                           ;
+-------------------+-------+----------------------------------------------------------------------------------------------------------+
Note: In order to hide this table in the UI and the text report file, please set the "Show Parameter Settings in Synthesis Report" option in "Analysis and Synthesis Settings -> More Settings" to "Off".


+--------------------------------------------------------------------------------------------------------------------------------------+
; Parameter Settings for User Entity Instance: OSMAN:CIRCUIT_0|RegistarskaDatoteka:RD|Registar8Bit:Registar8Bit_4|D_FLIPFLOP:MEMORY_11 ;
+-------------------+-------+----------------------------------------------------------------------------------------------------------+
; Parameter Name    ; Value ; Type                                                                                                     ;
+-------------------+-------+----------------------------------------------------------------------------------------------------------+
; invertclockenable ; 1     ; Signed Integer                                                                                           ;
+-------------------+-------+----------------------------------------------------------------------------------------------------------+
Note: In order to hide this table in the UI and the text report file, please set the "Show Parameter Settings in Synthesis Report" option in "Analysis and Synthesis Settings -> More Settings" to "Off".


+--------------------------------------------------------------------------------------------------------------------------------------+
; Parameter Settings for User Entity Instance: OSMAN:CIRCUIT_0|RegistarskaDatoteka:RD|Registar8Bit:Registar8Bit_4|D_FLIPFLOP:MEMORY_12 ;
+-------------------+-------+----------------------------------------------------------------------------------------------------------+
; Parameter Name    ; Value ; Type                                                                                                     ;
+-------------------+-------+----------------------------------------------------------------------------------------------------------+
; invertclockenable ; 1     ; Signed Integer                                                                                           ;
+-------------------+-------+----------------------------------------------------------------------------------------------------------+
Note: In order to hide this table in the UI and the text report file, please set the "Show Parameter Settings in Synthesis Report" option in "Analysis and Synthesis Settings -> More Settings" to "Off".


+--------------------------------------------------------------------------------------------------------------------------------------+
; Parameter Settings for User Entity Instance: OSMAN:CIRCUIT_0|RegistarskaDatoteka:RD|Registar8Bit:Registar8Bit_4|D_FLIPFLOP:MEMORY_13 ;
+-------------------+-------+----------------------------------------------------------------------------------------------------------+
; Parameter Name    ; Value ; Type                                                                                                     ;
+-------------------+-------+----------------------------------------------------------------------------------------------------------+
; invertclockenable ; 1     ; Signed Integer                                                                                           ;
+-------------------+-------+----------------------------------------------------------------------------------------------------------+
Note: In order to hide this table in the UI and the text report file, please set the "Show Parameter Settings in Synthesis Report" option in "Analysis and Synthesis Settings -> More Settings" to "Off".


+--------------------------------------------------------------------------------------------------------------------------------------+
; Parameter Settings for User Entity Instance: OSMAN:CIRCUIT_0|RegistarskaDatoteka:RD|Registar8Bit:Registar8Bit_4|D_FLIPFLOP:MEMORY_14 ;
+-------------------+-------+----------------------------------------------------------------------------------------------------------+
; Parameter Name    ; Value ; Type                                                                                                     ;
+-------------------+-------+----------------------------------------------------------------------------------------------------------+
; invertclockenable ; 1     ; Signed Integer                                                                                           ;
+-------------------+-------+----------------------------------------------------------------------------------------------------------+
Note: In order to hide this table in the UI and the text report file, please set the "Show Parameter Settings in Synthesis Report" option in "Analysis and Synthesis Settings -> More Settings" to "Off".


+--------------------------------------------------------------------------------------------------------------------------------------+
; Parameter Settings for User Entity Instance: OSMAN:CIRCUIT_0|RegistarskaDatoteka:RD|Registar8Bit:Registar8Bit_4|D_FLIPFLOP:MEMORY_15 ;
+-------------------+-------+----------------------------------------------------------------------------------------------------------+
; Parameter Name    ; Value ; Type                                                                                                     ;
+-------------------+-------+----------------------------------------------------------------------------------------------------------+
; invertclockenable ; 1     ; Signed Integer                                                                                           ;
+-------------------+-------+----------------------------------------------------------------------------------------------------------+
Note: In order to hide this table in the UI and the text report file, please set the "Show Parameter Settings in Synthesis Report" option in "Analysis and Synthesis Settings -> More Settings" to "Off".


+--------------------------------------------------------------------------------------------------------------------------------------+
; Parameter Settings for User Entity Instance: OSMAN:CIRCUIT_0|RegistarskaDatoteka:RD|Registar8Bit:Registar8Bit_4|D_FLIPFLOP:MEMORY_16 ;
+-------------------+-------+----------------------------------------------------------------------------------------------------------+
; Parameter Name    ; Value ; Type                                                                                                     ;
+-------------------+-------+----------------------------------------------------------------------------------------------------------+
; invertclockenable ; 1     ; Signed Integer                                                                                           ;
+-------------------+-------+----------------------------------------------------------------------------------------------------------+
Note: In order to hide this table in the UI and the text report file, please set the "Show Parameter Settings in Synthesis Report" option in "Analysis and Synthesis Settings -> More Settings" to "Off".


+-------------------------------------------------------------------------------------------------------------------------------------+
; Parameter Settings for User Entity Instance: OSMAN:CIRCUIT_0|RegistarskaDatoteka:RD|Registar8Bit:Registar8Bit_5|D_FLIPFLOP:MEMORY_9 ;
+-------------------+-------+---------------------------------------------------------------------------------------------------------+
; Parameter Name    ; Value ; Type                                                                                                    ;
+-------------------+-------+---------------------------------------------------------------------------------------------------------+
; invertclockenable ; 1     ; Signed Integer                                                                                          ;
+-------------------+-------+---------------------------------------------------------------------------------------------------------+
Note: In order to hide this table in the UI and the text report file, please set the "Show Parameter Settings in Synthesis Report" option in "Analysis and Synthesis Settings -> More Settings" to "Off".


+--------------------------------------------------------------------------------------------------------------------------------------+
; Parameter Settings for User Entity Instance: OSMAN:CIRCUIT_0|RegistarskaDatoteka:RD|Registar8Bit:Registar8Bit_5|D_FLIPFLOP:MEMORY_10 ;
+-------------------+-------+----------------------------------------------------------------------------------------------------------+
; Parameter Name    ; Value ; Type                                                                                                     ;
+-------------------+-------+----------------------------------------------------------------------------------------------------------+
; invertclockenable ; 1     ; Signed Integer                                                                                           ;
+-------------------+-------+----------------------------------------------------------------------------------------------------------+
Note: In order to hide this table in the UI and the text report file, please set the "Show Parameter Settings in Synthesis Report" option in "Analysis and Synthesis Settings -> More Settings" to "Off".


+--------------------------------------------------------------------------------------------------------------------------------------+
; Parameter Settings for User Entity Instance: OSMAN:CIRCUIT_0|RegistarskaDatoteka:RD|Registar8Bit:Registar8Bit_5|D_FLIPFLOP:MEMORY_11 ;
+-------------------+-------+----------------------------------------------------------------------------------------------------------+
; Parameter Name    ; Value ; Type                                                                                                     ;
+-------------------+-------+----------------------------------------------------------------------------------------------------------+
; invertclockenable ; 1     ; Signed Integer                                                                                           ;
+-------------------+-------+----------------------------------------------------------------------------------------------------------+
Note: In order to hide this table in the UI and the text report file, please set the "Show Parameter Settings in Synthesis Report" option in "Analysis and Synthesis Settings -> More Settings" to "Off".


+--------------------------------------------------------------------------------------------------------------------------------------+
; Parameter Settings for User Entity Instance: OSMAN:CIRCUIT_0|RegistarskaDatoteka:RD|Registar8Bit:Registar8Bit_5|D_FLIPFLOP:MEMORY_12 ;
+-------------------+-------+----------------------------------------------------------------------------------------------------------+
; Parameter Name    ; Value ; Type                                                                                                     ;
+-------------------+-------+----------------------------------------------------------------------------------------------------------+
; invertclockenable ; 1     ; Signed Integer                                                                                           ;
+-------------------+-------+----------------------------------------------------------------------------------------------------------+
Note: In order to hide this table in the UI and the text report file, please set the "Show Parameter Settings in Synthesis Report" option in "Analysis and Synthesis Settings -> More Settings" to "Off".


+--------------------------------------------------------------------------------------------------------------------------------------+
; Parameter Settings for User Entity Instance: OSMAN:CIRCUIT_0|RegistarskaDatoteka:RD|Registar8Bit:Registar8Bit_5|D_FLIPFLOP:MEMORY_13 ;
+-------------------+-------+----------------------------------------------------------------------------------------------------------+
; Parameter Name    ; Value ; Type                                                                                                     ;
+-------------------+-------+----------------------------------------------------------------------------------------------------------+
; invertclockenable ; 1     ; Signed Integer                                                                                           ;
+-------------------+-------+----------------------------------------------------------------------------------------------------------+
Note: In order to hide this table in the UI and the text report file, please set the "Show Parameter Settings in Synthesis Report" option in "Analysis and Synthesis Settings -> More Settings" to "Off".


+--------------------------------------------------------------------------------------------------------------------------------------+
; Parameter Settings for User Entity Instance: OSMAN:CIRCUIT_0|RegistarskaDatoteka:RD|Registar8Bit:Registar8Bit_5|D_FLIPFLOP:MEMORY_14 ;
+-------------------+-------+----------------------------------------------------------------------------------------------------------+
; Parameter Name    ; Value ; Type                                                                                                     ;
+-------------------+-------+----------------------------------------------------------------------------------------------------------+
; invertclockenable ; 1     ; Signed Integer                                                                                           ;
+-------------------+-------+----------------------------------------------------------------------------------------------------------+
Note: In order to hide this table in the UI and the text report file, please set the "Show Parameter Settings in Synthesis Report" option in "Analysis and Synthesis Settings -> More Settings" to "Off".


+--------------------------------------------------------------------------------------------------------------------------------------+
; Parameter Settings for User Entity Instance: OSMAN:CIRCUIT_0|RegistarskaDatoteka:RD|Registar8Bit:Registar8Bit_5|D_FLIPFLOP:MEMORY_15 ;
+-------------------+-------+----------------------------------------------------------------------------------------------------------+
; Parameter Name    ; Value ; Type                                                                                                     ;
+-------------------+-------+----------------------------------------------------------------------------------------------------------+
; invertclockenable ; 1     ; Signed Integer                                                                                           ;
+-------------------+-------+----------------------------------------------------------------------------------------------------------+
Note: In order to hide this table in the UI and the text report file, please set the "Show Parameter Settings in Synthesis Report" option in "Analysis and Synthesis Settings -> More Settings" to "Off".


+--------------------------------------------------------------------------------------------------------------------------------------+
; Parameter Settings for User Entity Instance: OSMAN:CIRCUIT_0|RegistarskaDatoteka:RD|Registar8Bit:Registar8Bit_5|D_FLIPFLOP:MEMORY_16 ;
+-------------------+-------+----------------------------------------------------------------------------------------------------------+
; Parameter Name    ; Value ; Type                                                                                                     ;
+-------------------+-------+----------------------------------------------------------------------------------------------------------+
; invertclockenable ; 1     ; Signed Integer                                                                                           ;
+-------------------+-------+----------------------------------------------------------------------------------------------------------+
Note: In order to hide this table in the UI and the text report file, please set the "Show Parameter Settings in Synthesis Report" option in "Analysis and Synthesis Settings -> More Settings" to "Off".


+-------------------------------------------------------------------------------------------------------------------------------------+
; Parameter Settings for User Entity Instance: OSMAN:CIRCUIT_0|RegistarskaDatoteka:RD|Registar8Bit:Registar8Bit_6|D_FLIPFLOP:MEMORY_9 ;
+-------------------+-------+---------------------------------------------------------------------------------------------------------+
; Parameter Name    ; Value ; Type                                                                                                    ;
+-------------------+-------+---------------------------------------------------------------------------------------------------------+
; invertclockenable ; 1     ; Signed Integer                                                                                          ;
+-------------------+-------+---------------------------------------------------------------------------------------------------------+
Note: In order to hide this table in the UI and the text report file, please set the "Show Parameter Settings in Synthesis Report" option in "Analysis and Synthesis Settings -> More Settings" to "Off".


+--------------------------------------------------------------------------------------------------------------------------------------+
; Parameter Settings for User Entity Instance: OSMAN:CIRCUIT_0|RegistarskaDatoteka:RD|Registar8Bit:Registar8Bit_6|D_FLIPFLOP:MEMORY_10 ;
+-------------------+-------+----------------------------------------------------------------------------------------------------------+
; Parameter Name    ; Value ; Type                                                                                                     ;
+-------------------+-------+----------------------------------------------------------------------------------------------------------+
; invertclockenable ; 1     ; Signed Integer                                                                                           ;
+-------------------+-------+----------------------------------------------------------------------------------------------------------+
Note: In order to hide this table in the UI and the text report file, please set the "Show Parameter Settings in Synthesis Report" option in "Analysis and Synthesis Settings -> More Settings" to "Off".


+--------------------------------------------------------------------------------------------------------------------------------------+
; Parameter Settings for User Entity Instance: OSMAN:CIRCUIT_0|RegistarskaDatoteka:RD|Registar8Bit:Registar8Bit_6|D_FLIPFLOP:MEMORY_11 ;
+-------------------+-------+----------------------------------------------------------------------------------------------------------+
; Parameter Name    ; Value ; Type                                                                                                     ;
+-------------------+-------+----------------------------------------------------------------------------------------------------------+
; invertclockenable ; 1     ; Signed Integer                                                                                           ;
+-------------------+-------+----------------------------------------------------------------------------------------------------------+
Note: In order to hide this table in the UI and the text report file, please set the "Show Parameter Settings in Synthesis Report" option in "Analysis and Synthesis Settings -> More Settings" to "Off".


+--------------------------------------------------------------------------------------------------------------------------------------+
; Parameter Settings for User Entity Instance: OSMAN:CIRCUIT_0|RegistarskaDatoteka:RD|Registar8Bit:Registar8Bit_6|D_FLIPFLOP:MEMORY_12 ;
+-------------------+-------+----------------------------------------------------------------------------------------------------------+
; Parameter Name    ; Value ; Type                                                                                                     ;
+-------------------+-------+----------------------------------------------------------------------------------------------------------+
; invertclockenable ; 1     ; Signed Integer                                                                                           ;
+-------------------+-------+----------------------------------------------------------------------------------------------------------+
Note: In order to hide this table in the UI and the text report file, please set the "Show Parameter Settings in Synthesis Report" option in "Analysis and Synthesis Settings -> More Settings" to "Off".


+--------------------------------------------------------------------------------------------------------------------------------------+
; Parameter Settings for User Entity Instance: OSMAN:CIRCUIT_0|RegistarskaDatoteka:RD|Registar8Bit:Registar8Bit_6|D_FLIPFLOP:MEMORY_13 ;
+-------------------+-------+----------------------------------------------------------------------------------------------------------+
; Parameter Name    ; Value ; Type                                                                                                     ;
+-------------------+-------+----------------------------------------------------------------------------------------------------------+
; invertclockenable ; 1     ; Signed Integer                                                                                           ;
+-------------------+-------+----------------------------------------------------------------------------------------------------------+
Note: In order to hide this table in the UI and the text report file, please set the "Show Parameter Settings in Synthesis Report" option in "Analysis and Synthesis Settings -> More Settings" to "Off".


+--------------------------------------------------------------------------------------------------------------------------------------+
; Parameter Settings for User Entity Instance: OSMAN:CIRCUIT_0|RegistarskaDatoteka:RD|Registar8Bit:Registar8Bit_6|D_FLIPFLOP:MEMORY_14 ;
+-------------------+-------+----------------------------------------------------------------------------------------------------------+
; Parameter Name    ; Value ; Type                                                                                                     ;
+-------------------+-------+----------------------------------------------------------------------------------------------------------+
; invertclockenable ; 1     ; Signed Integer                                                                                           ;
+-------------------+-------+----------------------------------------------------------------------------------------------------------+
Note: In order to hide this table in the UI and the text report file, please set the "Show Parameter Settings in Synthesis Report" option in "Analysis and Synthesis Settings -> More Settings" to "Off".


+--------------------------------------------------------------------------------------------------------------------------------------+
; Parameter Settings for User Entity Instance: OSMAN:CIRCUIT_0|RegistarskaDatoteka:RD|Registar8Bit:Registar8Bit_6|D_FLIPFLOP:MEMORY_15 ;
+-------------------+-------+----------------------------------------------------------------------------------------------------------+
; Parameter Name    ; Value ; Type                                                                                                     ;
+-------------------+-------+----------------------------------------------------------------------------------------------------------+
; invertclockenable ; 1     ; Signed Integer                                                                                           ;
+-------------------+-------+----------------------------------------------------------------------------------------------------------+
Note: In order to hide this table in the UI and the text report file, please set the "Show Parameter Settings in Synthesis Report" option in "Analysis and Synthesis Settings -> More Settings" to "Off".


+--------------------------------------------------------------------------------------------------------------------------------------+
; Parameter Settings for User Entity Instance: OSMAN:CIRCUIT_0|RegistarskaDatoteka:RD|Registar8Bit:Registar8Bit_6|D_FLIPFLOP:MEMORY_16 ;
+-------------------+-------+----------------------------------------------------------------------------------------------------------+
; Parameter Name    ; Value ; Type                                                                                                     ;
+-------------------+-------+----------------------------------------------------------------------------------------------------------+
; invertclockenable ; 1     ; Signed Integer                                                                                           ;
+-------------------+-------+----------------------------------------------------------------------------------------------------------+
Note: In order to hide this table in the UI and the text report file, please set the "Show Parameter Settings in Synthesis Report" option in "Analysis and Synthesis Settings -> More Settings" to "Off".


+-------------------------------------------------------------------------------------------------------------------------------------+
; Parameter Settings for User Entity Instance: OSMAN:CIRCUIT_0|RegistarskaDatoteka:RD|Registar8Bit:Registar8Bit_7|D_FLIPFLOP:MEMORY_9 ;
+-------------------+-------+---------------------------------------------------------------------------------------------------------+
; Parameter Name    ; Value ; Type                                                                                                    ;
+-------------------+-------+---------------------------------------------------------------------------------------------------------+
; invertclockenable ; 1     ; Signed Integer                                                                                          ;
+-------------------+-------+---------------------------------------------------------------------------------------------------------+
Note: In order to hide this table in the UI and the text report file, please set the "Show Parameter Settings in Synthesis Report" option in "Analysis and Synthesis Settings -> More Settings" to "Off".


+--------------------------------------------------------------------------------------------------------------------------------------+
; Parameter Settings for User Entity Instance: OSMAN:CIRCUIT_0|RegistarskaDatoteka:RD|Registar8Bit:Registar8Bit_7|D_FLIPFLOP:MEMORY_10 ;
+-------------------+-------+----------------------------------------------------------------------------------------------------------+
; Parameter Name    ; Value ; Type                                                                                                     ;
+-------------------+-------+----------------------------------------------------------------------------------------------------------+
; invertclockenable ; 1     ; Signed Integer                                                                                           ;
+-------------------+-------+----------------------------------------------------------------------------------------------------------+
Note: In order to hide this table in the UI and the text report file, please set the "Show Parameter Settings in Synthesis Report" option in "Analysis and Synthesis Settings -> More Settings" to "Off".


+--------------------------------------------------------------------------------------------------------------------------------------+
; Parameter Settings for User Entity Instance: OSMAN:CIRCUIT_0|RegistarskaDatoteka:RD|Registar8Bit:Registar8Bit_7|D_FLIPFLOP:MEMORY_11 ;
+-------------------+-------+----------------------------------------------------------------------------------------------------------+
; Parameter Name    ; Value ; Type                                                                                                     ;
+-------------------+-------+----------------------------------------------------------------------------------------------------------+
; invertclockenable ; 1     ; Signed Integer                                                                                           ;
+-------------------+-------+----------------------------------------------------------------------------------------------------------+
Note: In order to hide this table in the UI and the text report file, please set the "Show Parameter Settings in Synthesis Report" option in "Analysis and Synthesis Settings -> More Settings" to "Off".


+--------------------------------------------------------------------------------------------------------------------------------------+
; Parameter Settings for User Entity Instance: OSMAN:CIRCUIT_0|RegistarskaDatoteka:RD|Registar8Bit:Registar8Bit_7|D_FLIPFLOP:MEMORY_12 ;
+-------------------+-------+----------------------------------------------------------------------------------------------------------+
; Parameter Name    ; Value ; Type                                                                                                     ;
+-------------------+-------+----------------------------------------------------------------------------------------------------------+
; invertclockenable ; 1     ; Signed Integer                                                                                           ;
+-------------------+-------+----------------------------------------------------------------------------------------------------------+
Note: In order to hide this table in the UI and the text report file, please set the "Show Parameter Settings in Synthesis Report" option in "Analysis and Synthesis Settings -> More Settings" to "Off".


+--------------------------------------------------------------------------------------------------------------------------------------+
; Parameter Settings for User Entity Instance: OSMAN:CIRCUIT_0|RegistarskaDatoteka:RD|Registar8Bit:Registar8Bit_7|D_FLIPFLOP:MEMORY_13 ;
+-------------------+-------+----------------------------------------------------------------------------------------------------------+
; Parameter Name    ; Value ; Type                                                                                                     ;
+-------------------+-------+----------------------------------------------------------------------------------------------------------+
; invertclockenable ; 1     ; Signed Integer                                                                                           ;
+-------------------+-------+----------------------------------------------------------------------------------------------------------+
Note: In order to hide this table in the UI and the text report file, please set the "Show Parameter Settings in Synthesis Report" option in "Analysis and Synthesis Settings -> More Settings" to "Off".


+--------------------------------------------------------------------------------------------------------------------------------------+
; Parameter Settings for User Entity Instance: OSMAN:CIRCUIT_0|RegistarskaDatoteka:RD|Registar8Bit:Registar8Bit_7|D_FLIPFLOP:MEMORY_14 ;
+-------------------+-------+----------------------------------------------------------------------------------------------------------+
; Parameter Name    ; Value ; Type                                                                                                     ;
+-------------------+-------+----------------------------------------------------------------------------------------------------------+
; invertclockenable ; 1     ; Signed Integer                                                                                           ;
+-------------------+-------+----------------------------------------------------------------------------------------------------------+
Note: In order to hide this table in the UI and the text report file, please set the "Show Parameter Settings in Synthesis Report" option in "Analysis and Synthesis Settings -> More Settings" to "Off".


+--------------------------------------------------------------------------------------------------------------------------------------+
; Parameter Settings for User Entity Instance: OSMAN:CIRCUIT_0|RegistarskaDatoteka:RD|Registar8Bit:Registar8Bit_7|D_FLIPFLOP:MEMORY_15 ;
+-------------------+-------+----------------------------------------------------------------------------------------------------------+
; Parameter Name    ; Value ; Type                                                                                                     ;
+-------------------+-------+----------------------------------------------------------------------------------------------------------+
; invertclockenable ; 1     ; Signed Integer                                                                                           ;
+-------------------+-------+----------------------------------------------------------------------------------------------------------+
Note: In order to hide this table in the UI and the text report file, please set the "Show Parameter Settings in Synthesis Report" option in "Analysis and Synthesis Settings -> More Settings" to "Off".


+--------------------------------------------------------------------------------------------------------------------------------------+
; Parameter Settings for User Entity Instance: OSMAN:CIRCUIT_0|RegistarskaDatoteka:RD|Registar8Bit:Registar8Bit_7|D_FLIPFLOP:MEMORY_16 ;
+-------------------+-------+----------------------------------------------------------------------------------------------------------+
; Parameter Name    ; Value ; Type                                                                                                     ;
+-------------------+-------+----------------------------------------------------------------------------------------------------------+
; invertclockenable ; 1     ; Signed Integer                                                                                           ;
+-------------------+-------+----------------------------------------------------------------------------------------------------------+
Note: In order to hide this table in the UI and the text report file, please set the "Show Parameter Settings in Synthesis Report" option in "Analysis and Synthesis Settings -> More Settings" to "Off".


+-------------------------------------------------------------------------------------------------------------------------------------+
; Parameter Settings for User Entity Instance: OSMAN:CIRCUIT_0|RegistarskaDatoteka:RD|Registar8Bit:Registar8Bit_8|D_FLIPFLOP:MEMORY_9 ;
+-------------------+-------+---------------------------------------------------------------------------------------------------------+
; Parameter Name    ; Value ; Type                                                                                                    ;
+-------------------+-------+---------------------------------------------------------------------------------------------------------+
; invertclockenable ; 1     ; Signed Integer                                                                                          ;
+-------------------+-------+---------------------------------------------------------------------------------------------------------+
Note: In order to hide this table in the UI and the text report file, please set the "Show Parameter Settings in Synthesis Report" option in "Analysis and Synthesis Settings -> More Settings" to "Off".


+--------------------------------------------------------------------------------------------------------------------------------------+
; Parameter Settings for User Entity Instance: OSMAN:CIRCUIT_0|RegistarskaDatoteka:RD|Registar8Bit:Registar8Bit_8|D_FLIPFLOP:MEMORY_10 ;
+-------------------+-------+----------------------------------------------------------------------------------------------------------+
; Parameter Name    ; Value ; Type                                                                                                     ;
+-------------------+-------+----------------------------------------------------------------------------------------------------------+
; invertclockenable ; 1     ; Signed Integer                                                                                           ;
+-------------------+-------+----------------------------------------------------------------------------------------------------------+
Note: In order to hide this table in the UI and the text report file, please set the "Show Parameter Settings in Synthesis Report" option in "Analysis and Synthesis Settings -> More Settings" to "Off".


+--------------------------------------------------------------------------------------------------------------------------------------+
; Parameter Settings for User Entity Instance: OSMAN:CIRCUIT_0|RegistarskaDatoteka:RD|Registar8Bit:Registar8Bit_8|D_FLIPFLOP:MEMORY_11 ;
+-------------------+-------+----------------------------------------------------------------------------------------------------------+
; Parameter Name    ; Value ; Type                                                                                                     ;
+-------------------+-------+----------------------------------------------------------------------------------------------------------+
; invertclockenable ; 1     ; Signed Integer                                                                                           ;
+-------------------+-------+----------------------------------------------------------------------------------------------------------+
Note: In order to hide this table in the UI and the text report file, please set the "Show Parameter Settings in Synthesis Report" option in "Analysis and Synthesis Settings -> More Settings" to "Off".


+--------------------------------------------------------------------------------------------------------------------------------------+
; Parameter Settings for User Entity Instance: OSMAN:CIRCUIT_0|RegistarskaDatoteka:RD|Registar8Bit:Registar8Bit_8|D_FLIPFLOP:MEMORY_12 ;
+-------------------+-------+----------------------------------------------------------------------------------------------------------+
; Parameter Name    ; Value ; Type                                                                                                     ;
+-------------------+-------+----------------------------------------------------------------------------------------------------------+
; invertclockenable ; 1     ; Signed Integer                                                                                           ;
+-------------------+-------+----------------------------------------------------------------------------------------------------------+
Note: In order to hide this table in the UI and the text report file, please set the "Show Parameter Settings in Synthesis Report" option in "Analysis and Synthesis Settings -> More Settings" to "Off".


+--------------------------------------------------------------------------------------------------------------------------------------+
; Parameter Settings for User Entity Instance: OSMAN:CIRCUIT_0|RegistarskaDatoteka:RD|Registar8Bit:Registar8Bit_8|D_FLIPFLOP:MEMORY_13 ;
+-------------------+-------+----------------------------------------------------------------------------------------------------------+
; Parameter Name    ; Value ; Type                                                                                                     ;
+-------------------+-------+----------------------------------------------------------------------------------------------------------+
; invertclockenable ; 1     ; Signed Integer                                                                                           ;
+-------------------+-------+----------------------------------------------------------------------------------------------------------+
Note: In order to hide this table in the UI and the text report file, please set the "Show Parameter Settings in Synthesis Report" option in "Analysis and Synthesis Settings -> More Settings" to "Off".


+--------------------------------------------------------------------------------------------------------------------------------------+
; Parameter Settings for User Entity Instance: OSMAN:CIRCUIT_0|RegistarskaDatoteka:RD|Registar8Bit:Registar8Bit_8|D_FLIPFLOP:MEMORY_14 ;
+-------------------+-------+----------------------------------------------------------------------------------------------------------+
; Parameter Name    ; Value ; Type                                                                                                     ;
+-------------------+-------+----------------------------------------------------------------------------------------------------------+
; invertclockenable ; 1     ; Signed Integer                                                                                           ;
+-------------------+-------+----------------------------------------------------------------------------------------------------------+
Note: In order to hide this table in the UI and the text report file, please set the "Show Parameter Settings in Synthesis Report" option in "Analysis and Synthesis Settings -> More Settings" to "Off".


+--------------------------------------------------------------------------------------------------------------------------------------+
; Parameter Settings for User Entity Instance: OSMAN:CIRCUIT_0|RegistarskaDatoteka:RD|Registar8Bit:Registar8Bit_8|D_FLIPFLOP:MEMORY_15 ;
+-------------------+-------+----------------------------------------------------------------------------------------------------------+
; Parameter Name    ; Value ; Type                                                                                                     ;
+-------------------+-------+----------------------------------------------------------------------------------------------------------+
; invertclockenable ; 1     ; Signed Integer                                                                                           ;
+-------------------+-------+----------------------------------------------------------------------------------------------------------+
Note: In order to hide this table in the UI and the text report file, please set the "Show Parameter Settings in Synthesis Report" option in "Analysis and Synthesis Settings -> More Settings" to "Off".


+--------------------------------------------------------------------------------------------------------------------------------------+
; Parameter Settings for User Entity Instance: OSMAN:CIRCUIT_0|RegistarskaDatoteka:RD|Registar8Bit:Registar8Bit_8|D_FLIPFLOP:MEMORY_16 ;
+-------------------+-------+----------------------------------------------------------------------------------------------------------+
; Parameter Name    ; Value ; Type                                                                                                     ;
+-------------------+-------+----------------------------------------------------------------------------------------------------------+
; invertclockenable ; 1     ; Signed Integer                                                                                           ;
+-------------------+-------+----------------------------------------------------------------------------------------------------------+
Note: In order to hide this table in the UI and the text report file, please set the "Show Parameter Settings in Synthesis Report" option in "Analysis and Synthesis Settings -> More Settings" to "Off".


+-----------------------------------------------------------------------------------------------------------------------------------------------+
; Parameter Settings for Inferred Entity Instance: OSMAN:CIRCUIT_0|RAMCONTENTS_MemorijaPodataka:MemorijaPodataka|altsyncram:s_memContents_rtl_0 ;
+------------------------------------+----------------------+-----------------------------------------------------------------------------------+
; Parameter Name                     ; Value                ; Type                                                                              ;
+------------------------------------+----------------------+-----------------------------------------------------------------------------------+
; BYTE_SIZE_BLOCK                    ; 8                    ; Untyped                                                                           ;
; AUTO_CARRY_CHAINS                  ; ON                   ; AUTO_CARRY                                                                        ;
; IGNORE_CARRY_BUFFERS               ; OFF                  ; IGNORE_CARRY                                                                      ;
; AUTO_CASCADE_CHAINS                ; ON                   ; AUTO_CASCADE                                                                      ;
; IGNORE_CASCADE_BUFFERS             ; OFF                  ; IGNORE_CASCADE                                                                    ;
; WIDTH_BYTEENA                      ; 1                    ; Untyped                                                                           ;
; OPERATION_MODE                     ; DUAL_PORT            ; Untyped                                                                           ;
; WIDTH_A                            ; 8                    ; Untyped                                                                           ;
; WIDTHAD_A                          ; 9                    ; Untyped                                                                           ;
; NUMWORDS_A                         ; 257                  ; Untyped                                                                           ;
; OUTDATA_REG_A                      ; UNREGISTERED         ; Untyped                                                                           ;
; ADDRESS_ACLR_A                     ; NONE                 ; Untyped                                                                           ;
; OUTDATA_ACLR_A                     ; NONE                 ; Untyped                                                                           ;
; WRCONTROL_ACLR_A                   ; NONE                 ; Untyped                                                                           ;
; INDATA_ACLR_A                      ; NONE                 ; Untyped                                                                           ;
; BYTEENA_ACLR_A                     ; NONE                 ; Untyped                                                                           ;
; WIDTH_B                            ; 8                    ; Untyped                                                                           ;
; WIDTHAD_B                          ; 9                    ; Untyped                                                                           ;
; NUMWORDS_B                         ; 257                  ; Untyped                                                                           ;
; INDATA_REG_B                       ; CLOCK1               ; Untyped                                                                           ;
; WRCONTROL_WRADDRESS_REG_B          ; CLOCK1               ; Untyped                                                                           ;
; RDCONTROL_REG_B                    ; CLOCK1               ; Untyped                                                                           ;
; ADDRESS_REG_B                      ; CLOCK0               ; Untyped                                                                           ;
; OUTDATA_REG_B                      ; UNREGISTERED         ; Untyped                                                                           ;
; BYTEENA_REG_B                      ; CLOCK1               ; Untyped                                                                           ;
; INDATA_ACLR_B                      ; NONE                 ; Untyped                                                                           ;
; WRCONTROL_ACLR_B                   ; NONE                 ; Untyped                                                                           ;
; ADDRESS_ACLR_B                     ; NONE                 ; Untyped                                                                           ;
; OUTDATA_ACLR_B                     ; NONE                 ; Untyped                                                                           ;
; RDCONTROL_ACLR_B                   ; NONE                 ; Untyped                                                                           ;
; BYTEENA_ACLR_B                     ; NONE                 ; Untyped                                                                           ;
; WIDTH_BYTEENA_A                    ; 1                    ; Untyped                                                                           ;
; WIDTH_BYTEENA_B                    ; 1                    ; Untyped                                                                           ;
; RAM_BLOCK_TYPE                     ; AUTO                 ; Untyped                                                                           ;
; BYTE_SIZE                          ; 8                    ; Untyped                                                                           ;
; READ_DURING_WRITE_MODE_MIXED_PORTS ; OLD_DATA             ; Untyped                                                                           ;
; READ_DURING_WRITE_MODE_PORT_A      ; NEW_DATA_NO_NBE_READ ; Untyped                                                                           ;
; READ_DURING_WRITE_MODE_PORT_B      ; NEW_DATA_NO_NBE_READ ; Untyped                                                                           ;
; INIT_FILE                          ; ram.mif              ; Untyped                                                                           ;
; INIT_FILE_LAYOUT                   ; PORT_A               ; Untyped                                                                           ;
; MAXIMUM_DEPTH                      ; 0                    ; Untyped                                                                           ;
; CLOCK_ENABLE_INPUT_A               ; NORMAL               ; Untyped                                                                           ;
; CLOCK_ENABLE_INPUT_B               ; NORMAL               ; Untyped                                                                           ;
; CLOCK_ENABLE_OUTPUT_A              ; NORMAL               ; Untyped                                                                           ;
; CLOCK_ENABLE_OUTPUT_B              ; NORMAL               ; Untyped                                                                           ;
; CLOCK_ENABLE_CORE_A                ; USE_INPUT_CLKEN      ; Untyped                                                                           ;
; CLOCK_ENABLE_CORE_B                ; USE_INPUT_CLKEN      ; Untyped                                                                           ;
; ENABLE_ECC                         ; FALSE                ; Untyped                                                                           ;
; ECC_PIPELINE_STAGE_ENABLED         ; FALSE                ; Untyped                                                                           ;
; WIDTH_ECCSTATUS                    ; 3                    ; Untyped                                                                           ;
; DEVICE_FAMILY                      ; Cyclone V            ; Untyped                                                                           ;
; CBXI_PARAMETER                     ; altsyncram_sro1      ; Untyped                                                                           ;
+------------------------------------+----------------------+-----------------------------------------------------------------------------------+
Note: In order to hide this table in the UI and the text report file, please set the "Show Parameter Settings in Synthesis Report" option in "Analysis and Synthesis Settings -> More Settings" to "Off".


+---------------------------------------------------------------------------------------------------------------------------------------------+
; altsyncram Parameter Settings by Entity Instance                                                                                            ;
+-------------------------------------------+-------------------------------------------------------------------------------------------------+
; Name                                      ; Value                                                                                           ;
+-------------------------------------------+-------------------------------------------------------------------------------------------------+
; Number of entity instances                ; 2                                                                                               ;
; Entity Instance                           ; OSMAN:CIRCUIT_0|InstrukcijskaMemorija:InstrukcijskaMemorijaKomp|altsyncram:altsyncram_component ;
;     -- OPERATION_MODE                     ; ROM                                                                                             ;
;     -- WIDTH_A                            ; 16                                                                                              ;
;     -- NUMWORDS_A                         ; 256                                                                                             ;
;     -- OUTDATA_REG_A                      ; UNREGISTERED                                                                                    ;
;     -- WIDTH_B                            ; 1                                                                                               ;
;     -- NUMWORDS_B                         ; 0                                                                                               ;
;     -- ADDRESS_REG_B                      ; CLOCK1                                                                                          ;
;     -- OUTDATA_REG_B                      ; UNREGISTERED                                                                                    ;
;     -- RAM_BLOCK_TYPE                     ; AUTO                                                                                            ;
;     -- READ_DURING_WRITE_MODE_MIXED_PORTS ; DONT_CARE                                                                                       ;
; Entity Instance                           ; OSMAN:CIRCUIT_0|RAMCONTENTS_MemorijaPodataka:MemorijaPodataka|altsyncram:s_memContents_rtl_0    ;
;     -- OPERATION_MODE                     ; DUAL_PORT                                                                                       ;
;     -- WIDTH_A                            ; 8                                                                                               ;
;     -- NUMWORDS_A                         ; 257                                                                                             ;
;     -- OUTDATA_REG_A                      ; UNREGISTERED                                                                                    ;
;     -- WIDTH_B                            ; 8                                                                                               ;
;     -- NUMWORDS_B                         ; 257                                                                                             ;
;     -- ADDRESS_REG_B                      ; CLOCK0                                                                                          ;
;     -- OUTDATA_REG_B                      ; UNREGISTERED                                                                                    ;
;     -- RAM_BLOCK_TYPE                     ; AUTO                                                                                            ;
;     -- READ_DURING_WRITE_MODE_MIXED_PORTS ; OLD_DATA                                                                                        ;
+-------------------------------------------+-------------------------------------------------------------------------------------------------+


+------------------------------------------------------------------------------------------------+
; Port Connectivity Checks: "OSMAN:CIRCUIT_0|RegistarskaDatoteka:RD|Multiplexer_bus_8:PLEXERS_3" ;
+--------+-------+----------+--------------------------------------------------------------------+
; Port   ; Type  ; Severity ; Details                                                            ;
+--------+-------+----------+--------------------------------------------------------------------+
; enable ; Input ; Info     ; Stuck at VCC                                                       ;
+--------+-------+----------+--------------------------------------------------------------------+


+------------------------------------------------------------------------------------------------+
; Port Connectivity Checks: "OSMAN:CIRCUIT_0|RegistarskaDatoteka:RD|Multiplexer_bus_8:PLEXERS_2" ;
+--------+-------+----------+--------------------------------------------------------------------+
; Port   ; Type  ; Severity ; Details                                                            ;
+--------+-------+----------+--------------------------------------------------------------------+
; enable ; Input ; Info     ; Stuck at VCC                                                       ;
+--------+-------+----------+--------------------------------------------------------------------+


+----------------------------------------------------------------------------------------------------------------+
; Port Connectivity Checks: "OSMAN:CIRCUIT_0|Sabirac:PBSab|FullAdder:FullAdder_1"                                ;
+------+--------+----------+-------------------------------------------------------------------------------------+
; Port ; Type   ; Severity ; Details                                                                             ;
+------+--------+----------+-------------------------------------------------------------------------------------+
; cout ; Output ; Info     ; Connected to dangling logic. Logic that only feeds a dangling port will be removed. ;
+------+--------+----------+-------------------------------------------------------------------------------------+


+---------------------------------------------------------------------------------+
; Port Connectivity Checks: "OSMAN:CIRCUIT_0|Sabirac:PBSab|FullAdder:FullAdder_8" ;
+------+-------+----------+-------------------------------------------------------+
; Port ; Type  ; Severity ; Details                                               ;
+------+-------+----------+-------------------------------------------------------+
; cin  ; Input ; Info     ; Stuck at GND                                          ;
+------+-------+----------+-------------------------------------------------------+


+-----------------------------------------------------------+
; Port Connectivity Checks: "OSMAN:CIRCUIT_0|Sabirac:PBSab" ;
+---------+-------+----------+------------------------------+
; Port    ; Type  ; Severity ; Details                      ;
+---------+-------+----------+------------------------------+
; a[7..1] ; Input ; Info     ; Stuck at GND                 ;
; a[0]    ; Input ; Info     ; Stuck at VCC                 ;
+---------+-------+----------+------------------------------+


+------------------------------------------------------------------------------------------------------------------+
; Port Connectivity Checks: "OSMAN:CIRCUIT_0|ProgramskiBrojac:PB|D_FLIPFLOP:MEMORY_16"                             ;
+--------+--------+----------+-------------------------------------------------------------------------------------+
; Port   ; Type   ; Severity ; Details                                                                             ;
+--------+--------+----------+-------------------------------------------------------------------------------------+
; preset ; Input  ; Info     ; Stuck at GND                                                                        ;
; qbar   ; Output ; Info     ; Connected to dangling logic. Logic that only feeds a dangling port will be removed. ;
+--------+--------+----------+-------------------------------------------------------------------------------------+


+------------------------------------------------------------------------------------------------------------------+
; Port Connectivity Checks: "OSMAN:CIRCUIT_0|ProgramskiBrojac:PB|D_FLIPFLOP:MEMORY_15"                             ;
+--------+--------+----------+-------------------------------------------------------------------------------------+
; Port   ; Type   ; Severity ; Details                                                                             ;
+--------+--------+----------+-------------------------------------------------------------------------------------+
; preset ; Input  ; Info     ; Stuck at GND                                                                        ;
; qbar   ; Output ; Info     ; Connected to dangling logic. Logic that only feeds a dangling port will be removed. ;
+--------+--------+----------+-------------------------------------------------------------------------------------+


+------------------------------------------------------------------------------------------------------------------+
; Port Connectivity Checks: "OSMAN:CIRCUIT_0|ProgramskiBrojac:PB|D_FLIPFLOP:MEMORY_14"                             ;
+--------+--------+----------+-------------------------------------------------------------------------------------+
; Port   ; Type   ; Severity ; Details                                                                             ;
+--------+--------+----------+-------------------------------------------------------------------------------------+
; preset ; Input  ; Info     ; Stuck at GND                                                                        ;
; qbar   ; Output ; Info     ; Connected to dangling logic. Logic that only feeds a dangling port will be removed. ;
+--------+--------+----------+-------------------------------------------------------------------------------------+


+------------------------------------------------------------------------------------------------------------------+
; Port Connectivity Checks: "OSMAN:CIRCUIT_0|ProgramskiBrojac:PB|D_FLIPFLOP:MEMORY_13"                             ;
+--------+--------+----------+-------------------------------------------------------------------------------------+
; Port   ; Type   ; Severity ; Details                                                                             ;
+--------+--------+----------+-------------------------------------------------------------------------------------+
; preset ; Input  ; Info     ; Stuck at GND                                                                        ;
; qbar   ; Output ; Info     ; Connected to dangling logic. Logic that only feeds a dangling port will be removed. ;
+--------+--------+----------+-------------------------------------------------------------------------------------+


+------------------------------------------------------------------------------------------------------------------+
; Port Connectivity Checks: "OSMAN:CIRCUIT_0|ProgramskiBrojac:PB|D_FLIPFLOP:MEMORY_12"                             ;
+--------+--------+----------+-------------------------------------------------------------------------------------+
; Port   ; Type   ; Severity ; Details                                                                             ;
+--------+--------+----------+-------------------------------------------------------------------------------------+
; preset ; Input  ; Info     ; Stuck at GND                                                                        ;
; qbar   ; Output ; Info     ; Connected to dangling logic. Logic that only feeds a dangling port will be removed. ;
+--------+--------+----------+-------------------------------------------------------------------------------------+


+------------------------------------------------------------------------------------------------------------------+
; Port Connectivity Checks: "OSMAN:CIRCUIT_0|ProgramskiBrojac:PB|D_FLIPFLOP:MEMORY_11"                             ;
+--------+--------+----------+-------------------------------------------------------------------------------------+
; Port   ; Type   ; Severity ; Details                                                                             ;
+--------+--------+----------+-------------------------------------------------------------------------------------+
; preset ; Input  ; Info     ; Stuck at GND                                                                        ;
; qbar   ; Output ; Info     ; Connected to dangling logic. Logic that only feeds a dangling port will be removed. ;
+--------+--------+----------+-------------------------------------------------------------------------------------+


+------------------------------------------------------------------------------------------------------------------+
; Port Connectivity Checks: "OSMAN:CIRCUIT_0|ProgramskiBrojac:PB|D_FLIPFLOP:MEMORY_10"                             ;
+--------+--------+----------+-------------------------------------------------------------------------------------+
; Port   ; Type   ; Severity ; Details                                                                             ;
+--------+--------+----------+-------------------------------------------------------------------------------------+
; preset ; Input  ; Info     ; Stuck at GND                                                                        ;
; qbar   ; Output ; Info     ; Connected to dangling logic. Logic that only feeds a dangling port will be removed. ;
+--------+--------+----------+-------------------------------------------------------------------------------------+


+------------------------------------------------------------------------------------------------------------------+
; Port Connectivity Checks: "OSMAN:CIRCUIT_0|ProgramskiBrojac:PB|D_FLIPFLOP:MEMORY_9"                              ;
+--------+--------+----------+-------------------------------------------------------------------------------------+
; Port   ; Type   ; Severity ; Details                                                                             ;
+--------+--------+----------+-------------------------------------------------------------------------------------+
; preset ; Input  ; Info     ; Stuck at GND                                                                        ;
; qbar   ; Output ; Info     ; Connected to dangling logic. Logic that only feeds a dangling port will be removed. ;
+--------+--------+----------+-------------------------------------------------------------------------------------+


+-----------------------------------------------------------------------------------------+
; Port Connectivity Checks: "OSMAN:CIRCUIT_0|ProgramskiBrojac:PB|Multiplexer_2:PLEXERS_8" ;
+--------+-------+----------+-------------------------------------------------------------+
; Port   ; Type  ; Severity ; Details                                                     ;
+--------+-------+----------+-------------------------------------------------------------+
; enable ; Input ; Info     ; Stuck at VCC                                                ;
+--------+-------+----------+-------------------------------------------------------------+


+-----------------------------------------------------------------------------------------+
; Port Connectivity Checks: "OSMAN:CIRCUIT_0|ProgramskiBrojac:PB|Multiplexer_2:PLEXERS_7" ;
+--------+-------+----------+-------------------------------------------------------------+
; Port   ; Type  ; Severity ; Details                                                     ;
+--------+-------+----------+-------------------------------------------------------------+
; enable ; Input ; Info     ; Stuck at VCC                                                ;
+--------+-------+----------+-------------------------------------------------------------+


+-----------------------------------------------------------------------------------------+
; Port Connectivity Checks: "OSMAN:CIRCUIT_0|ProgramskiBrojac:PB|Multiplexer_2:PLEXERS_6" ;
+--------+-------+----------+-------------------------------------------------------------+
; Port   ; Type  ; Severity ; Details                                                     ;
+--------+-------+----------+-------------------------------------------------------------+
; enable ; Input ; Info     ; Stuck at VCC                                                ;
+--------+-------+----------+-------------------------------------------------------------+


+-----------------------------------------------------------------------------------------+
; Port Connectivity Checks: "OSMAN:CIRCUIT_0|ProgramskiBrojac:PB|Multiplexer_2:PLEXERS_5" ;
+--------+-------+----------+-------------------------------------------------------------+
; Port   ; Type  ; Severity ; Details                                                     ;
+--------+-------+----------+-------------------------------------------------------------+
; enable ; Input ; Info     ; Stuck at VCC                                                ;
+--------+-------+----------+-------------------------------------------------------------+


+-----------------------------------------------------------------------------------------+
; Port Connectivity Checks: "OSMAN:CIRCUIT_0|ProgramskiBrojac:PB|Multiplexer_2:PLEXERS_4" ;
+--------+-------+----------+-------------------------------------------------------------+
; Port   ; Type  ; Severity ; Details                                                     ;
+--------+-------+----------+-------------------------------------------------------------+
; enable ; Input ; Info     ; Stuck at VCC                                                ;
+--------+-------+----------+-------------------------------------------------------------+


+-----------------------------------------------------------------------------------------+
; Port Connectivity Checks: "OSMAN:CIRCUIT_0|ProgramskiBrojac:PB|Multiplexer_2:PLEXERS_3" ;
+--------+-------+----------+-------------------------------------------------------------+
; Port   ; Type  ; Severity ; Details                                                     ;
+--------+-------+----------+-------------------------------------------------------------+
; enable ; Input ; Info     ; Stuck at VCC                                                ;
+--------+-------+----------+-------------------------------------------------------------+


+-----------------------------------------------------------------------------------------+
; Port Connectivity Checks: "OSMAN:CIRCUIT_0|ProgramskiBrojac:PB|Multiplexer_2:PLEXERS_2" ;
+--------+-------+----------+-------------------------------------------------------------+
; Port   ; Type  ; Severity ; Details                                                     ;
+--------+-------+----------+-------------------------------------------------------------+
; enable ; Input ; Info     ; Stuck at VCC                                                ;
+--------+-------+----------+-------------------------------------------------------------+


+-----------------------------------------------------------------------------------------+
; Port Connectivity Checks: "OSMAN:CIRCUIT_0|ProgramskiBrojac:PB|Multiplexer_2:PLEXERS_1" ;
+--------+-------+----------+-------------------------------------------------------------+
; Port   ; Type  ; Severity ; Details                                                     ;
+--------+-------+----------+-------------------------------------------------------------+
; enable ; Input ; Info     ; Stuck at VCC                                                ;
+--------+-------+----------+-------------------------------------------------------------+


+-----------------------------------------------------------------+
; Port Connectivity Checks: "OSMAN:CIRCUIT_0|ProgramskiBrojac:PB" ;
+------+-------+----------+---------------------------------------+
; Port ; Type  ; Severity ; Details                               ;
+------+-------+----------+---------------------------------------+
; we   ; Input ; Info     ; Stuck at VCC                          ;
+------+-------+----------+---------------------------------------+


+--------------------------------------------------------------------------------------------------------------------------------------+
; Port Connectivity Checks: "OSMAN:CIRCUIT_0|UIKontroler:UI_Kontroler|StabilizatorUlaza8Bit:UIUlazniStabilizator1|D_FLIPFLOP:MEMORY_8" ;
+--------+--------+----------+---------------------------------------------------------------------------------------------------------+
; Port   ; Type   ; Severity ; Details                                                                                                 ;
+--------+--------+----------+---------------------------------------------------------------------------------------------------------+
; preset ; Input  ; Info     ; Stuck at GND                                                                                            ;
; qbar   ; Output ; Info     ; Connected to dangling logic. Logic that only feeds a dangling port will be removed.                     ;
+--------+--------+----------+---------------------------------------------------------------------------------------------------------+


+--------------------------------------------------------------------------------------------------------------------------------------+
; Port Connectivity Checks: "OSMAN:CIRCUIT_0|UIKontroler:UI_Kontroler|StabilizatorUlaza8Bit:UIUlazniStabilizator1|D_FLIPFLOP:MEMORY_7" ;
+--------+--------+----------+---------------------------------------------------------------------------------------------------------+
; Port   ; Type   ; Severity ; Details                                                                                                 ;
+--------+--------+----------+---------------------------------------------------------------------------------------------------------+
; preset ; Input  ; Info     ; Stuck at GND                                                                                            ;
; qbar   ; Output ; Info     ; Connected to dangling logic. Logic that only feeds a dangling port will be removed.                     ;
+--------+--------+----------+---------------------------------------------------------------------------------------------------------+


+--------------------------------------------------------------------------------------------------------------------------------------+
; Port Connectivity Checks: "OSMAN:CIRCUIT_0|UIKontroler:UI_Kontroler|StabilizatorUlaza8Bit:UIUlazniStabilizator1|D_FLIPFLOP:MEMORY_6" ;
+--------+--------+----------+---------------------------------------------------------------------------------------------------------+
; Port   ; Type   ; Severity ; Details                                                                                                 ;
+--------+--------+----------+---------------------------------------------------------------------------------------------------------+
; preset ; Input  ; Info     ; Stuck at GND                                                                                            ;
; qbar   ; Output ; Info     ; Connected to dangling logic. Logic that only feeds a dangling port will be removed.                     ;
+--------+--------+----------+---------------------------------------------------------------------------------------------------------+


+--------------------------------------------------------------------------------------------------------------------------------------+
; Port Connectivity Checks: "OSMAN:CIRCUIT_0|UIKontroler:UI_Kontroler|StabilizatorUlaza8Bit:UIUlazniStabilizator1|D_FLIPFLOP:MEMORY_5" ;
+--------+--------+----------+---------------------------------------------------------------------------------------------------------+
; Port   ; Type   ; Severity ; Details                                                                                                 ;
+--------+--------+----------+---------------------------------------------------------------------------------------------------------+
; preset ; Input  ; Info     ; Stuck at GND                                                                                            ;
; qbar   ; Output ; Info     ; Connected to dangling logic. Logic that only feeds a dangling port will be removed.                     ;
+--------+--------+----------+---------------------------------------------------------------------------------------------------------+


+--------------------------------------------------------------------------------------------------------------------------------------+
; Port Connectivity Checks: "OSMAN:CIRCUIT_0|UIKontroler:UI_Kontroler|StabilizatorUlaza8Bit:UIUlazniStabilizator1|D_FLIPFLOP:MEMORY_4" ;
+--------+--------+----------+---------------------------------------------------------------------------------------------------------+
; Port   ; Type   ; Severity ; Details                                                                                                 ;
+--------+--------+----------+---------------------------------------------------------------------------------------------------------+
; preset ; Input  ; Info     ; Stuck at GND                                                                                            ;
; qbar   ; Output ; Info     ; Connected to dangling logic. Logic that only feeds a dangling port will be removed.                     ;
+--------+--------+----------+---------------------------------------------------------------------------------------------------------+


+--------------------------------------------------------------------------------------------------------------------------------------+
; Port Connectivity Checks: "OSMAN:CIRCUIT_0|UIKontroler:UI_Kontroler|StabilizatorUlaza8Bit:UIUlazniStabilizator1|D_FLIPFLOP:MEMORY_3" ;
+--------+--------+----------+---------------------------------------------------------------------------------------------------------+
; Port   ; Type   ; Severity ; Details                                                                                                 ;
+--------+--------+----------+---------------------------------------------------------------------------------------------------------+
; preset ; Input  ; Info     ; Stuck at GND                                                                                            ;
; qbar   ; Output ; Info     ; Connected to dangling logic. Logic that only feeds a dangling port will be removed.                     ;
+--------+--------+----------+---------------------------------------------------------------------------------------------------------+


+--------------------------------------------------------------------------------------------------------------------------------------+
; Port Connectivity Checks: "OSMAN:CIRCUIT_0|UIKontroler:UI_Kontroler|StabilizatorUlaza8Bit:UIUlazniStabilizator1|D_FLIPFLOP:MEMORY_2" ;
+--------+--------+----------+---------------------------------------------------------------------------------------------------------+
; Port   ; Type   ; Severity ; Details                                                                                                 ;
+--------+--------+----------+---------------------------------------------------------------------------------------------------------+
; preset ; Input  ; Info     ; Stuck at GND                                                                                            ;
; qbar   ; Output ; Info     ; Connected to dangling logic. Logic that only feeds a dangling port will be removed.                     ;
+--------+--------+----------+---------------------------------------------------------------------------------------------------------+


+--------------------------------------------------------------------------------------------------------------------------------------+
; Port Connectivity Checks: "OSMAN:CIRCUIT_0|UIKontroler:UI_Kontroler|StabilizatorUlaza8Bit:UIUlazniStabilizator1|D_FLIPFLOP:MEMORY_1" ;
+--------+--------+----------+---------------------------------------------------------------------------------------------------------+
; Port   ; Type   ; Severity ; Details                                                                                                 ;
+--------+--------+----------+---------------------------------------------------------------------------------------------------------+
; preset ; Input  ; Info     ; Stuck at GND                                                                                            ;
; qbar   ; Output ; Info     ; Connected to dangling logic. Logic that only feeds a dangling port will be removed.                     ;
+--------+--------+----------+---------------------------------------------------------------------------------------------------------+


+----------------------------------------------------------------------------------------------------------------------+
; Port Connectivity Checks: "OSMAN:CIRCUIT_0|UIKontroler:UI_Kontroler|Registar8Bit:UIIzlazniReg1|D_FLIPFLOP:MEMORY_16" ;
+--------+--------+----------+-----------------------------------------------------------------------------------------+
; Port   ; Type   ; Severity ; Details                                                                                 ;
+--------+--------+----------+-----------------------------------------------------------------------------------------+
; preset ; Input  ; Info     ; Stuck at GND                                                                            ;
; qbar   ; Output ; Info     ; Connected to dangling logic. Logic that only feeds a dangling port will be removed.     ;
+--------+--------+----------+-----------------------------------------------------------------------------------------+


+----------------------------------------------------------------------------------------------------------------------+
; Port Connectivity Checks: "OSMAN:CIRCUIT_0|UIKontroler:UI_Kontroler|Registar8Bit:UIIzlazniReg1|D_FLIPFLOP:MEMORY_15" ;
+--------+--------+----------+-----------------------------------------------------------------------------------------+
; Port   ; Type   ; Severity ; Details                                                                                 ;
+--------+--------+----------+-----------------------------------------------------------------------------------------+
; preset ; Input  ; Info     ; Stuck at GND                                                                            ;
; qbar   ; Output ; Info     ; Connected to dangling logic. Logic that only feeds a dangling port will be removed.     ;
+--------+--------+----------+-----------------------------------------------------------------------------------------+


+----------------------------------------------------------------------------------------------------------------------+
; Port Connectivity Checks: "OSMAN:CIRCUIT_0|UIKontroler:UI_Kontroler|Registar8Bit:UIIzlazniReg1|D_FLIPFLOP:MEMORY_14" ;
+--------+--------+----------+-----------------------------------------------------------------------------------------+
; Port   ; Type   ; Severity ; Details                                                                                 ;
+--------+--------+----------+-----------------------------------------------------------------------------------------+
; preset ; Input  ; Info     ; Stuck at GND                                                                            ;
; qbar   ; Output ; Info     ; Connected to dangling logic. Logic that only feeds a dangling port will be removed.     ;
+--------+--------+----------+-----------------------------------------------------------------------------------------+


+----------------------------------------------------------------------------------------------------------------------+
; Port Connectivity Checks: "OSMAN:CIRCUIT_0|UIKontroler:UI_Kontroler|Registar8Bit:UIIzlazniReg1|D_FLIPFLOP:MEMORY_13" ;
+--------+--------+----------+-----------------------------------------------------------------------------------------+
; Port   ; Type   ; Severity ; Details                                                                                 ;
+--------+--------+----------+-----------------------------------------------------------------------------------------+
; preset ; Input  ; Info     ; Stuck at GND                                                                            ;
; qbar   ; Output ; Info     ; Connected to dangling logic. Logic that only feeds a dangling port will be removed.     ;
+--------+--------+----------+-----------------------------------------------------------------------------------------+


+----------------------------------------------------------------------------------------------------------------------+
; Port Connectivity Checks: "OSMAN:CIRCUIT_0|UIKontroler:UI_Kontroler|Registar8Bit:UIIzlazniReg1|D_FLIPFLOP:MEMORY_12" ;
+--------+--------+----------+-----------------------------------------------------------------------------------------+
; Port   ; Type   ; Severity ; Details                                                                                 ;
+--------+--------+----------+-----------------------------------------------------------------------------------------+
; preset ; Input  ; Info     ; Stuck at GND                                                                            ;
; qbar   ; Output ; Info     ; Connected to dangling logic. Logic that only feeds a dangling port will be removed.     ;
+--------+--------+----------+-----------------------------------------------------------------------------------------+


+----------------------------------------------------------------------------------------------------------------------+
; Port Connectivity Checks: "OSMAN:CIRCUIT_0|UIKontroler:UI_Kontroler|Registar8Bit:UIIzlazniReg1|D_FLIPFLOP:MEMORY_11" ;
+--------+--------+----------+-----------------------------------------------------------------------------------------+
; Port   ; Type   ; Severity ; Details                                                                                 ;
+--------+--------+----------+-----------------------------------------------------------------------------------------+
; preset ; Input  ; Info     ; Stuck at GND                                                                            ;
; qbar   ; Output ; Info     ; Connected to dangling logic. Logic that only feeds a dangling port will be removed.     ;
+--------+--------+----------+-----------------------------------------------------------------------------------------+


+----------------------------------------------------------------------------------------------------------------------+
; Port Connectivity Checks: "OSMAN:CIRCUIT_0|UIKontroler:UI_Kontroler|Registar8Bit:UIIzlazniReg1|D_FLIPFLOP:MEMORY_10" ;
+--------+--------+----------+-----------------------------------------------------------------------------------------+
; Port   ; Type   ; Severity ; Details                                                                                 ;
+--------+--------+----------+-----------------------------------------------------------------------------------------+
; preset ; Input  ; Info     ; Stuck at GND                                                                            ;
; qbar   ; Output ; Info     ; Connected to dangling logic. Logic that only feeds a dangling port will be removed.     ;
+--------+--------+----------+-----------------------------------------------------------------------------------------+


+---------------------------------------------------------------------------------------------------------------------+
; Port Connectivity Checks: "OSMAN:CIRCUIT_0|UIKontroler:UI_Kontroler|Registar8Bit:UIIzlazniReg1|D_FLIPFLOP:MEMORY_9" ;
+--------+--------+----------+----------------------------------------------------------------------------------------+
; Port   ; Type   ; Severity ; Details                                                                                ;
+--------+--------+----------+----------------------------------------------------------------------------------------+
; preset ; Input  ; Info     ; Stuck at GND                                                                           ;
; qbar   ; Output ; Info     ; Connected to dangling logic. Logic that only feeds a dangling port will be removed.    ;
+--------+--------+----------+----------------------------------------------------------------------------------------+


+-------------------------------------------------------------------------------------------------------------------------+
; Port Connectivity Checks: "OSMAN:CIRCUIT_0|UIKontroler:UI_Kontroler|Registar8Bit:UIIzlazniReg1|Multiplexer_2:PLEXERS_8" ;
+--------+-------+----------+---------------------------------------------------------------------------------------------+
; Port   ; Type  ; Severity ; Details                                                                                     ;
+--------+-------+----------+---------------------------------------------------------------------------------------------+
; enable ; Input ; Info     ; Stuck at VCC                                                                                ;
+--------+-------+----------+---------------------------------------------------------------------------------------------+


+-------------------------------------------------------------------------------------------------------------------------+
; Port Connectivity Checks: "OSMAN:CIRCUIT_0|UIKontroler:UI_Kontroler|Registar8Bit:UIIzlazniReg1|Multiplexer_2:PLEXERS_7" ;
+--------+-------+----------+---------------------------------------------------------------------------------------------+
; Port   ; Type  ; Severity ; Details                                                                                     ;
+--------+-------+----------+---------------------------------------------------------------------------------------------+
; enable ; Input ; Info     ; Stuck at VCC                                                                                ;
+--------+-------+----------+---------------------------------------------------------------------------------------------+


+-------------------------------------------------------------------------------------------------------------------------+
; Port Connectivity Checks: "OSMAN:CIRCUIT_0|UIKontroler:UI_Kontroler|Registar8Bit:UIIzlazniReg1|Multiplexer_2:PLEXERS_6" ;
+--------+-------+----------+---------------------------------------------------------------------------------------------+
; Port   ; Type  ; Severity ; Details                                                                                     ;
+--------+-------+----------+---------------------------------------------------------------------------------------------+
; enable ; Input ; Info     ; Stuck at VCC                                                                                ;
+--------+-------+----------+---------------------------------------------------------------------------------------------+


+-------------------------------------------------------------------------------------------------------------------------+
; Port Connectivity Checks: "OSMAN:CIRCUIT_0|UIKontroler:UI_Kontroler|Registar8Bit:UIIzlazniReg1|Multiplexer_2:PLEXERS_5" ;
+--------+-------+----------+---------------------------------------------------------------------------------------------+
; Port   ; Type  ; Severity ; Details                                                                                     ;
+--------+-------+----------+---------------------------------------------------------------------------------------------+
; enable ; Input ; Info     ; Stuck at VCC                                                                                ;
+--------+-------+----------+---------------------------------------------------------------------------------------------+


+-------------------------------------------------------------------------------------------------------------------------+
; Port Connectivity Checks: "OSMAN:CIRCUIT_0|UIKontroler:UI_Kontroler|Registar8Bit:UIIzlazniReg1|Multiplexer_2:PLEXERS_4" ;
+--------+-------+----------+---------------------------------------------------------------------------------------------+
; Port   ; Type  ; Severity ; Details                                                                                     ;
+--------+-------+----------+---------------------------------------------------------------------------------------------+
; enable ; Input ; Info     ; Stuck at VCC                                                                                ;
+--------+-------+----------+---------------------------------------------------------------------------------------------+


+-------------------------------------------------------------------------------------------------------------------------+
; Port Connectivity Checks: "OSMAN:CIRCUIT_0|UIKontroler:UI_Kontroler|Registar8Bit:UIIzlazniReg1|Multiplexer_2:PLEXERS_3" ;
+--------+-------+----------+---------------------------------------------------------------------------------------------+
; Port   ; Type  ; Severity ; Details                                                                                     ;
+--------+-------+----------+---------------------------------------------------------------------------------------------+
; enable ; Input ; Info     ; Stuck at VCC                                                                                ;
+--------+-------+----------+---------------------------------------------------------------------------------------------+


+-------------------------------------------------------------------------------------------------------------------------+
; Port Connectivity Checks: "OSMAN:CIRCUIT_0|UIKontroler:UI_Kontroler|Registar8Bit:UIIzlazniReg1|Multiplexer_2:PLEXERS_2" ;
+--------+-------+----------+---------------------------------------------------------------------------------------------+
; Port   ; Type  ; Severity ; Details                                                                                     ;
+--------+-------+----------+---------------------------------------------------------------------------------------------+
; enable ; Input ; Info     ; Stuck at VCC                                                                                ;
+--------+-------+----------+---------------------------------------------------------------------------------------------+


+-------------------------------------------------------------------------------------------------------------------------+
; Port Connectivity Checks: "OSMAN:CIRCUIT_0|UIKontroler:UI_Kontroler|Registar8Bit:UIIzlazniReg1|Multiplexer_2:PLEXERS_1" ;
+--------+-------+----------+---------------------------------------------------------------------------------------------+
; Port   ; Type  ; Severity ; Details                                                                                     ;
+--------+-------+----------+---------------------------------------------------------------------------------------------+
; enable ; Input ; Info     ; Stuck at VCC                                                                                ;
+--------+-------+----------+---------------------------------------------------------------------------------------------+


+--------------------------------------------------------------------------------------------------+
; Port Connectivity Checks: "OSMAN:CIRCUIT_0|UIKontroler:UI_Kontroler|Multiplexer_bus_4:PLEXERS_2" ;
+--------+-------+----------+----------------------------------------------------------------------+
; Port   ; Type  ; Severity ; Details                                                              ;
+--------+-------+----------+----------------------------------------------------------------------+
; enable ; Input ; Info     ; Stuck at VCC                                                         ;
+--------+-------+----------+----------------------------------------------------------------------+


+----------------------------------------------------------------------+
; Port Connectivity Checks: "OSMAN:CIRCUIT_0|UIKontroler:UI_Kontroler" ;
+-------------+-------+----------+-------------------------------------+
; Port        ; Type  ; Severity ; Details                             ;
+-------------+-------+----------+-------------------------------------+
; ulaz2[7..4] ; Input ; Info     ; Stuck at GND                        ;
; ulaz3       ; Input ; Info     ; Stuck at GND                        ;
; ulaz4       ; Input ; Info     ; Stuck at GND                        ;
+-------------+-------+----------+-------------------------------------+


+-----------------------------------------------------------------------------------------------------------------------+
; Port Connectivity Checks: "OSMAN:CIRCUIT_0|DekoderAdresa:Dekoder_Adresa|Comparator:ARITH_5"                           ;
+-------------+--------+----------+-------------------------------------------------------------------------------------+
; Port        ; Type   ; Severity ; Details                                                                             ;
+-------------+--------+----------+-------------------------------------------------------------------------------------+
; dataa[7..3] ; Input  ; Info     ; Stuck at VCC                                                                        ;
; dataa[2..0] ; Input  ; Info     ; Stuck at GND                                                                        ;
; aequalsb    ; Output ; Info     ; Connected to dangling logic. Logic that only feeds a dangling port will be removed. ;
; alessthanb  ; Output ; Info     ; Connected to dangling logic. Logic that only feeds a dangling port will be removed. ;
+-------------+--------+----------+-------------------------------------------------------------------------------------+


+-----------------------------------------------------------------------------------------------------------------+
; Port Connectivity Checks: "OSMAN:CIRCUIT_0|DekoderAdresa:Dekoder_Adresa"                                        ;
+-------+--------+----------+-------------------------------------------------------------------------------------+
; Port  ; Type   ; Severity ; Details                                                                             ;
+-------+--------+----------+-------------------------------------------------------------------------------------+
; ramoe ; Output ; Info     ; Connected to dangling logic. Logic that only feeds a dangling port will be removed. ;
+-------+--------+----------+-------------------------------------------------------------------------------------+


+---------------------------------------------------------------------------------------------------+
; Port Connectivity Checks: "OSMAN:CIRCUIT_0|KontrolnaJedinicaGrananja:KJG|Multiplexer_8:PLEXERS_2" ;
+---------+-------+----------+----------------------------------------------------------------------+
; Port    ; Type  ; Severity ; Details                                                              ;
+---------+-------+----------+----------------------------------------------------------------------+
; enable  ; Input ; Info     ; Stuck at VCC                                                         ;
; muxin_0 ; Input ; Info     ; Stuck at GND                                                         ;
; muxin_7 ; Input ; Info     ; Stuck at VCC                                                         ;
+---------+-------+----------+----------------------------------------------------------------------+


+---------------------------------------------------------------------------------------------------+
; Port Connectivity Checks: "OSMAN:CIRCUIT_0|ALU8Bit:ALU|ALU1Bit:ALU1Bit_1|Multiplexer_8:PLEXERS_5" ;
+--------+-------+----------+-----------------------------------------------------------------------+
; Port   ; Type  ; Severity ; Details                                                               ;
+--------+-------+----------+-----------------------------------------------------------------------+
; enable ; Input ; Info     ; Stuck at VCC                                                          ;
+--------+-------+----------+-----------------------------------------------------------------------+


+-------------------------------------------------------------------------------------+
; Port Connectivity Checks: "OSMAN:CIRCUIT_0|ALU8Bit:ALU|Multiplexer_bus_4:PLEXERS_4" ;
+------------+-------+----------+-----------------------------------------------------+
; Port       ; Type  ; Severity ; Details                                             ;
+------------+-------+----------+-----------------------------------------------------+
; enable     ; Input ; Info     ; Stuck at VCC                                        ;
; muxin_2[7] ; Input ; Info     ; Stuck at GND                                        ;
; muxin_3[0] ; Input ; Info     ; Stuck at GND                                        ;
+------------+-------+----------+-----------------------------------------------------+


+------------------------------------------------------------------------------------------------------------------+
; Port Connectivity Checks: "OSMAN:CIRCUIT_0|StatusniRegistar:SR|D_FLIPFLOP:MEMORY_8"                              ;
+--------+--------+----------+-------------------------------------------------------------------------------------+
; Port   ; Type   ; Severity ; Details                                                                             ;
+--------+--------+----------+-------------------------------------------------------------------------------------+
; preset ; Input  ; Info     ; Stuck at GND                                                                        ;
; qbar   ; Output ; Info     ; Connected to dangling logic. Logic that only feeds a dangling port will be removed. ;
+--------+--------+----------+-------------------------------------------------------------------------------------+


+------------------------------------------------------------------------------------------------------------------+
; Port Connectivity Checks: "OSMAN:CIRCUIT_0|StatusniRegistar:SR|D_FLIPFLOP:MEMORY_7"                              ;
+--------+--------+----------+-------------------------------------------------------------------------------------+
; Port   ; Type   ; Severity ; Details                                                                             ;
+--------+--------+----------+-------------------------------------------------------------------------------------+
; preset ; Input  ; Info     ; Stuck at GND                                                                        ;
; qbar   ; Output ; Info     ; Connected to dangling logic. Logic that only feeds a dangling port will be removed. ;
+--------+--------+----------+-------------------------------------------------------------------------------------+


+------------------------------------------------------------------------------------------------------------------+
; Port Connectivity Checks: "OSMAN:CIRCUIT_0|StatusniRegistar:SR|D_FLIPFLOP:MEMORY_6"                              ;
+--------+--------+----------+-------------------------------------------------------------------------------------+
; Port   ; Type   ; Severity ; Details                                                                             ;
+--------+--------+----------+-------------------------------------------------------------------------------------+
; preset ; Input  ; Info     ; Stuck at GND                                                                        ;
; qbar   ; Output ; Info     ; Connected to dangling logic. Logic that only feeds a dangling port will be removed. ;
+--------+--------+----------+-------------------------------------------------------------------------------------+


+------------------------------------------------------------------------------------------------------------------+
; Port Connectivity Checks: "OSMAN:CIRCUIT_0|StatusniRegistar:SR|D_FLIPFLOP:MEMORY_5"                              ;
+--------+--------+----------+-------------------------------------------------------------------------------------+
; Port   ; Type   ; Severity ; Details                                                                             ;
+--------+--------+----------+-------------------------------------------------------------------------------------+
; preset ; Input  ; Info     ; Stuck at GND                                                                        ;
; qbar   ; Output ; Info     ; Connected to dangling logic. Logic that only feeds a dangling port will be removed. ;
+--------+--------+----------+-------------------------------------------------------------------------------------+


+-----------------------------------------------------------------------------------------+
; Port Connectivity Checks: "OSMAN:CIRCUIT_0|StatusniRegistar:SR|Multiplexer_2:PLEXERS_4" ;
+--------+-------+----------+-------------------------------------------------------------+
; Port   ; Type  ; Severity ; Details                                                     ;
+--------+-------+----------+-------------------------------------------------------------+
; enable ; Input ; Info     ; Stuck at VCC                                                ;
+--------+-------+----------+-------------------------------------------------------------+


+-----------------------------------------------------------------------------------------+
; Port Connectivity Checks: "OSMAN:CIRCUIT_0|StatusniRegistar:SR|Multiplexer_2:PLEXERS_3" ;
+--------+-------+----------+-------------------------------------------------------------+
; Port   ; Type  ; Severity ; Details                                                     ;
+--------+-------+----------+-------------------------------------------------------------+
; enable ; Input ; Info     ; Stuck at VCC                                                ;
+--------+-------+----------+-------------------------------------------------------------+


+-----------------------------------------------------------------------------------------+
; Port Connectivity Checks: "OSMAN:CIRCUIT_0|StatusniRegistar:SR|Multiplexer_2:PLEXERS_2" ;
+--------+-------+----------+-------------------------------------------------------------+
; Port   ; Type  ; Severity ; Details                                                     ;
+--------+-------+----------+-------------------------------------------------------------+
; enable ; Input ; Info     ; Stuck at VCC                                                ;
+--------+-------+----------+-------------------------------------------------------------+


+-----------------------------------------------------------------------------------------+
; Port Connectivity Checks: "OSMAN:CIRCUIT_0|StatusniRegistar:SR|Multiplexer_2:PLEXERS_1" ;
+--------+-------+----------+-------------------------------------------------------------+
; Port   ; Type  ; Severity ; Details                                                     ;
+--------+-------+----------+-------------------------------------------------------------+
; enable ; Input ; Info     ; Stuck at VCC                                                ;
+--------+-------+----------+-------------------------------------------------------------+


+------------------------------------------------------------------------------------------------------------------+
; Port Connectivity Checks: "OSMAN:CIRCUIT_0|D_FLIPFLOP:MEMORY_8"                                                  ;
+--------+--------+----------+-------------------------------------------------------------------------------------+
; Port   ; Type   ; Severity ; Details                                                                             ;
+--------+--------+----------+-------------------------------------------------------------------------------------+
; preset ; Input  ; Info     ; Stuck at GND                                                                        ;
; reset  ; Input  ; Info     ; Stuck at GND                                                                        ;
; qbar   ; Output ; Info     ; Connected to dangling logic. Logic that only feeds a dangling port will be removed. ;
+--------+--------+----------+-------------------------------------------------------------------------------------+


+-------------------------------------------------------------------------------------------+
; Port Connectivity Checks: "OSMAN:CIRCUIT_0|RAMCONTENTS_MemorijaPodataka:MemorijaPodataka" ;
+------+-------+----------+-----------------------------------------------------------------+
; Port ; Type  ; Severity ; Details                                                         ;
+------+-------+----------+-----------------------------------------------------------------+
; oe   ; Input ; Info     ; Stuck at VCC                                                    ;
+------+-------+----------+-----------------------------------------------------------------+


+-------------------------------------------------------------------------+
; Port Connectivity Checks: "OSMAN:CIRCUIT_0|Multiplexer_bus_4:PLEXERS_6" ;
+--------+-------+----------+---------------------------------------------+
; Port   ; Type  ; Severity ; Details                                     ;
+--------+-------+----------+---------------------------------------------+
; enable ; Input ; Info     ; Stuck at VCC                                ;
+--------+-------+----------+---------------------------------------------+


+-------------------------------------------------------------------------+
; Port Connectivity Checks: "OSMAN:CIRCUIT_0|Multiplexer_bus_4:PLEXERS_5" ;
+---------+-------+----------+--------------------------------------------+
; Port    ; Type  ; Severity ; Details                                    ;
+---------+-------+----------+--------------------------------------------+
; enable  ; Input ; Info     ; Stuck at VCC                               ;
; muxin_3 ; Input ; Info     ; Stuck at GND                               ;
+---------+-------+----------+--------------------------------------------+


+-------------------------------------------------------------------------+
; Port Connectivity Checks: "OSMAN:CIRCUIT_0|Multiplexer_bus_2:PLEXERS_4" ;
+--------+-------+----------+---------------------------------------------+
; Port   ; Type  ; Severity ; Details                                     ;
+--------+-------+----------+---------------------------------------------+
; enable ; Input ; Info     ; Stuck at VCC                                ;
+--------+-------+----------+---------------------------------------------+


+-------------------------------------------------------------------------+
; Port Connectivity Checks: "OSMAN:CIRCUIT_0|Multiplexer_bus_2:PLEXERS_3" ;
+--------+-------+----------+---------------------------------------------+
; Port   ; Type  ; Severity ; Details                                     ;
+--------+-------+----------+---------------------------------------------+
; enable ; Input ; Info     ; Stuck at VCC                                ;
+--------+-------+----------+---------------------------------------------+


+-------------------------------------------------------------------------+
; Port Connectivity Checks: "OSMAN:CIRCUIT_0|Multiplexer_bus_2:PLEXERS_2" ;
+--------+-------+----------+---------------------------------------------+
; Port   ; Type  ; Severity ; Details                                     ;
+--------+-------+----------+---------------------------------------------+
; enable ; Input ; Info     ; Stuck at VCC                                ;
+--------+-------+----------+---------------------------------------------+


+-------------------------------------------------------------------------+
; Port Connectivity Checks: "OSMAN:CIRCUIT_0|Multiplexer_bus_2:PLEXERS_1" ;
+--------+-------+----------+---------------------------------------------+
; Port   ; Type  ; Severity ; Details                                     ;
+--------+-------+----------+---------------------------------------------+
; enable ; Input ; Info     ; Stuck at VCC                                ;
+--------+-------+----------+---------------------------------------------+


+------------------------------------------------------------------------------------------------------------------------------------+
; Port Connectivity Checks: "OSMAN:CIRCUIT_0"                                                                                        ;
+--------------------------+--------+----------+-------------------------------------------------------------------------------------+
; Port                     ; Type   ; Severity ; Details                                                                             ;
+--------------------------+--------+----------+-------------------------------------------------------------------------------------+
; logisiminputbubbles[12]  ; Input  ; Info     ; Stuck at GND                                                                        ;
; logisimoutputbubbles[23] ; Output ; Info     ; Connected to dangling logic. Logic that only feeds a dangling port will be removed. ;
; logisimoutputbubbles[15] ; Output ; Info     ; Connected to dangling logic. Logic that only feeds a dangling port will be removed. ;
; logisimoutputbubbles[7]  ; Output ; Info     ; Connected to dangling logic. Logic that only feeds a dangling port will be removed. ;
+--------------------------+--------+----------+-------------------------------------------------------------------------------------+


+--------------------------------------------------------------------------------------------------------------------------------------------------------------------------------------------+
; In-System Memory Content Editor Settings                                                                                                                                                   ;
+----------------+-------------+-------+-------+------------+--------------------------------------------------------------------------------------------------------------------------------+
; Instance Index ; Instance ID ; Width ; Depth ; Mode       ; Hierarchy Location                                                                                                             ;
+----------------+-------------+-------+-------+------------+--------------------------------------------------------------------------------------------------------------------------------+
; 0              ; 1           ; 16    ; 256   ; Read/Write ; OSMAN:CIRCUIT_0|InstrukcijskaMemorija:InstrukcijskaMemorijaKomp|altsyncram:altsyncram_component|altsyncram_rc54:auto_generated ;
+----------------+-------------+-------+-------+------------+--------------------------------------------------------------------------------------------------------------------------------+


+-----------------------------------------------------+
; Post-Synthesis Netlist Statistics for Top Partition ;
+-----------------------+-----------------------------+
; Type                  ; Count                       ;
+-----------------------+-----------------------------+
; arriav_ff             ; 220                         ;
;     CLR               ; 6                           ;
;     ENA               ; 38                          ;
;     ENA CLR           ; 123                         ;
;     ENA CLR SLD       ; 8                           ;
;     ENA SLD           ; 16                          ;
;     plain             ; 29                          ;
; arriav_lcell_comb     ; 300                         ;
;     arith             ; 26                          ;
;         1 data inputs ; 26                          ;
;     extend            ; 6                           ;
;         7 data inputs ; 6                           ;
;     normal            ; 268                         ;
;         1 data inputs ; 25                          ;
;         2 data inputs ; 14                          ;
;         3 data inputs ; 33                          ;
;         4 data inputs ; 23                          ;
;         5 data inputs ; 80                          ;
;         6 data inputs ; 93                          ;
; boundary_port         ; 69                          ;
; stratixv_ram_block    ; 24                          ;
;                       ;                             ;
; Max LUT depth         ; 9.00                        ;
; Average LUT depth     ; 4.19                        ;
+-----------------------+-----------------------------+


+-------------------------------+
; Elapsed Time Per Partition    ;
+----------------+--------------+
; Partition Name ; Elapsed Time ;
+----------------+--------------+
; Top            ; 00:00:02     ;
+----------------+--------------+


+-------------------------------+
; Analysis & Synthesis Messages ;
+-------------------------------+
Info: *******************************************************************
Info: Running Quartus Prime Analysis & Synthesis
    Info: Version 18.1.0 Build 625 09/12/2018 SJ Lite Edition
    Info: Processing started: Mon Jun 08 00:38:44 2026
Info: Command: quartus_map --read_settings_files=on --write_settings_files=off OSMAN -c logisimTopLevelShell
Warning (18236): Number of processors has not been specified which may cause overloading on shared machines.  Set the global assignment NUM_PARALLEL_PROCESSORS in your QSF to an appropriate value for best performance.
Info (20030): Parallel compilation is enabled and will use 12 of the 12 processors detected
Info (12021): Found 1 design units, including 1 entities, in source file sevensegadapter_entity.vhd
    Info (12023): Found entity 1: SevenSegAdapter File: C:/.Cloud Documents/Osman/OsmanFPGA/SevenSegAdapter_entity.vhd Line: 17
Info (12021): Found 1 design units, including 0 entities, in source file sevensegadapter_behavior.vhd
    Info (12022): Found design unit 1: SevenSegAdapter-platformIndependent File: C:/.Cloud Documents/Osman/OsmanFPGA/SevenSegAdapter_behavior.vhd Line: 11
Info (12021): Found 1 design units, including 1 entities, in source file uikontroler_entity.vhd
    Info (12023): Found entity 1: UIKontroler File: C:/.Cloud Documents/Osman/OsmanFPGA/UIKontroler_entity.vhd Line: 17
Info (12021): Found 1 design units, including 0 entities, in source file uikontroler_behavior.vhd
    Info (12022): Found design unit 1: UIKontroler-platformIndependent File: C:/.Cloud Documents/Osman/OsmanFPGA/UIKontroler_behavior.vhd Line: 11
Info (12021): Found 1 design units, including 1 entities, in source file stabilizatorulaza8bit_entity.vhd
    Info (12023): Found entity 1: StabilizatorUlaza8Bit File: C:/.Cloud Documents/Osman/OsmanFPGA/StabilizatorUlaza8Bit_entity.vhd Line: 17
Info (12021): Found 1 design units, including 0 entities, in source file stabilizatorulaza8bit_behavior.vhd
    Info (12022): Found design unit 1: StabilizatorUlaza8Bit-platformIndependent File: C:/.Cloud Documents/Osman/OsmanFPGA/StabilizatorUlaza8Bit_behavior.vhd Line: 11
Info (12021): Found 1 design units, including 1 entities, in source file dekoderadresa_entity.vhd
    Info (12023): Found entity 1: DekoderAdresa File: C:/.Cloud Documents/Osman/OsmanFPGA/DekoderAdresa_entity.vhd Line: 17
Info (12021): Found 1 design units, including 0 entities, in source file dekoderadresa_behavior.vhd
    Info (12022): Found design unit 1: DekoderAdresa-platformIndependent File: C:/.Cloud Documents/Osman/OsmanFPGA/DekoderAdresa_behavior.vhd Line: 11
Info (12021): Found 1 design units, including 1 entities, in source file decoder_4_entity.vhd
    Info (12023): Found entity 1: Decoder_4 File: C:/.Cloud Documents/Osman/OsmanFPGA/Decoder_4_entity.vhd Line: 17
Info (12021): Found 1 design units, including 0 entities, in source file decoder_4_behavior.vhd
    Info (12022): Found design unit 1: Decoder_4-platformIndependent File: C:/.Cloud Documents/Osman/OsmanFPGA/Decoder_4_behavior.vhd Line: 11
Info (12021): Found 1 design units, including 1 entities, in source file xor_gate_onehot_entity.vhd
    Info (12023): Found entity 1: XOR_GATE_ONEHOT File: C:/.Cloud Documents/Osman/OsmanFPGA/XOR_GATE_ONEHOT_entity.vhd Line: 17
Info (12021): Found 1 design units, including 0 entities, in source file xor_gate_onehot_behavior.vhd
    Info (12022): Found design unit 1: XOR_GATE_ONEHOT-platformIndependent File: C:/.Cloud Documents/Osman/OsmanFPGA/XOR_GATE_ONEHOT_behavior.vhd Line: 11
Info (12021): Found 1 design units, including 1 entities, in source file synthesizedclockgenerator_entity.vhd
    Info (12023): Found entity 1: synthesizedClockGenerator File: C:/.Cloud Documents/Osman/OsmanFPGA/synthesizedClockGenerator_entity.vhd Line: 17
Info (12021): Found 1 design units, including 0 entities, in source file synthesizedclockgenerator_behavior.vhd
    Info (12022): Found design unit 1: synthesizedClockGenerator-platformIndependent File: C:/.Cloud Documents/Osman/OsmanFPGA/synthesizedClockGenerator_behavior.vhd Line: 11
Info (12021): Found 1 design units, including 1 entities, in source file statusniregistar_entity.vhd
    Info (12023): Found entity 1: StatusniRegistar File: C:/.Cloud Documents/Osman/OsmanFPGA/StatusniRegistar_entity.vhd Line: 17
Info (12021): Found 1 design units, including 0 entities, in source file statusniregistar_behavior.vhd
    Info (12022): Found design unit 1: StatusniRegistar-platformIndependent File: C:/.Cloud Documents/Osman/OsmanFPGA/StatusniRegistar_behavior.vhd Line: 11
Info (12021): Found 1 design units, including 1 entities, in source file sabirac_entity.vhd
    Info (12023): Found entity 1: Sabirac File: C:/.Cloud Documents/Osman/OsmanFPGA/Sabirac_entity.vhd Line: 17
Info (12021): Found 1 design units, including 0 entities, in source file sabirac_behavior.vhd
    Info (12022): Found design unit 1: Sabirac-platformIndependent File: C:/.Cloud Documents/Osman/OsmanFPGA/Sabirac_behavior.vhd Line: 11
Info (12021): Found 1 design units, including 1 entities, in source file registarskadatoteka_entity.vhd
    Info (12023): Found entity 1: RegistarskaDatoteka File: C:/.Cloud Documents/Osman/OsmanFPGA/RegistarskaDatoteka_entity.vhd Line: 17
Info (12021): Found 1 design units, including 0 entities, in source file registarskadatoteka_behavior.vhd
    Info (12022): Found design unit 1: RegistarskaDatoteka-platformIndependent File: C:/.Cloud Documents/Osman/OsmanFPGA/RegistarskaDatoteka_behavior.vhd Line: 11
Info (12021): Found 1 design units, including 1 entities, in source file registar8bit_entity.vhd
    Info (12023): Found entity 1: Registar8Bit File: C:/.Cloud Documents/Osman/OsmanFPGA/Registar8Bit_entity.vhd Line: 17
Info (12021): Found 1 design units, including 0 entities, in source file registar8bit_behavior.vhd
    Info (12022): Found design unit 1: Registar8Bit-platformIndependent File: C:/.Cloud Documents/Osman/OsmanFPGA/Registar8Bit_behavior.vhd Line: 11
Info (12021): Found 1 design units, including 1 entities, in source file ramcontents_memorijapodataka_entity.vhd
    Info (12023): Found entity 1: RAMCONTENTS_MemorijaPodataka File: C:/.Cloud Documents/Osman/OsmanFPGA/RAMCONTENTS_MemorijaPodataka_entity.vhd Line: 17
Info (12021): Found 1 design units, including 0 entities, in source file ramcontents_memorijapodataka_behavior.vhd
    Info (12022): Found design unit 1: RAMCONTENTS_MemorijaPodataka-platformIndependent File: C:/.Cloud Documents/Osman/OsmanFPGA/RAMCONTENTS_MemorijaPodataka_behavior.vhd Line: 11
Info (12021): Found 1 design units, including 1 entities, in source file programskibrojac_entity.vhd
    Info (12023): Found entity 1: ProgramskiBrojac File: C:/.Cloud Documents/Osman/OsmanFPGA/ProgramskiBrojac_entity.vhd Line: 17
Info (12021): Found 1 design units, including 0 entities, in source file programskibrojac_behavior.vhd
    Info (12022): Found design unit 1: ProgramskiBrojac-platformIndependent File: C:/.Cloud Documents/Osman/OsmanFPGA/ProgramskiBrojac_behavior.vhd Line: 11
Info (12021): Found 1 design units, including 1 entities, in source file predznacenoprosirenje_entity.vhd
    Info (12023): Found entity 1: PredznacenoProsirenje File: C:/.Cloud Documents/Osman/OsmanFPGA/PredznacenoProsirenje_entity.vhd Line: 17
Info (12021): Found 1 design units, including 0 entities, in source file predznacenoprosirenje_behavior.vhd
    Info (12022): Found design unit 1: PredznacenoProsirenje-platformIndependent File: C:/.Cloud Documents/Osman/OsmanFPGA/PredznacenoProsirenje_behavior.vhd Line: 11
Info (12021): Found 1 design units, including 1 entities, in source file osman_entity.vhd
    Info (12023): Found entity 1: OSMAN File: C:/.Cloud Documents/Osman/OsmanFPGA/OSMAN_entity.vhd Line: 17
Info (12021): Found 1 design units, including 0 entities, in source file osman_behavior.vhd
    Info (12022): Found design unit 1: OSMAN-platformIndependent File: C:/.Cloud Documents/Osman/OsmanFPGA/OSMAN_behavior.vhd Line: 11
Info (12021): Found 1 design units, including 1 entities, in source file or_gate_entity.vhd
    Info (12023): Found entity 1: OR_GATE File: C:/.Cloud Documents/Osman/OsmanFPGA/OR_GATE_entity.vhd Line: 17
Info (12021): Found 1 design units, including 0 entities, in source file or_gate_behavior.vhd
    Info (12022): Found design unit 1: OR_GATE-platformIndependent File: C:/.Cloud Documents/Osman/OsmanFPGA/OR_GATE_behavior.vhd Line: 11
Info (12021): Found 1 design units, including 1 entities, in source file nor_gate_8_inputs_entity.vhd
    Info (12023): Found entity 1: NOR_GATE_8_INPUTS File: C:/.Cloud Documents/Osman/OsmanFPGA/NOR_GATE_8_INPUTS_entity.vhd Line: 17
Info (12021): Found 1 design units, including 0 entities, in source file nor_gate_8_inputs_behavior.vhd
    Info (12022): Found design unit 1: NOR_GATE_8_INPUTS-platformIndependent File: C:/.Cloud Documents/Osman/OsmanFPGA/NOR_GATE_8_INPUTS_behavior.vhd Line: 11
Info (12021): Found 1 design units, including 1 entities, in source file multiplexer_bus_8_entity.vhd
    Info (12023): Found entity 1: Multiplexer_bus_8 File: C:/.Cloud Documents/Osman/OsmanFPGA/Multiplexer_bus_8_entity.vhd Line: 17
Info (12021): Found 1 design units, including 0 entities, in source file multiplexer_bus_8_behavior.vhd
    Info (12022): Found design unit 1: Multiplexer_bus_8-platformIndependent File: C:/.Cloud Documents/Osman/OsmanFPGA/Multiplexer_bus_8_behavior.vhd Line: 11
Info (12021): Found 1 design units, including 1 entities, in source file multiplexer_bus_4_entity.vhd
    Info (12023): Found entity 1: Multiplexer_bus_4 File: C:/.Cloud Documents/Osman/OsmanFPGA/Multiplexer_bus_4_entity.vhd Line: 17
Info (12021): Found 1 design units, including 0 entities, in source file multiplexer_bus_4_behavior.vhd
    Info (12022): Found design unit 1: Multiplexer_bus_4-platformIndependent File: C:/.Cloud Documents/Osman/OsmanFPGA/Multiplexer_bus_4_behavior.vhd Line: 11
Info (12021): Found 1 design units, including 1 entities, in source file multiplexer_bus_2_entity.vhd
    Info (12023): Found entity 1: Multiplexer_bus_2 File: C:/.Cloud Documents/Osman/OsmanFPGA/Multiplexer_bus_2_entity.vhd Line: 17
Info (12021): Found 1 design units, including 0 entities, in source file multiplexer_bus_2_behavior.vhd
    Info (12022): Found design unit 1: Multiplexer_bus_2-platformIndependent File: C:/.Cloud Documents/Osman/OsmanFPGA/Multiplexer_bus_2_behavior.vhd Line: 11
Info (12021): Found 1 design units, including 1 entities, in source file multiplexer_8_entity.vhd
    Info (12023): Found entity 1: Multiplexer_8 File: C:/.Cloud Documents/Osman/OsmanFPGA/Multiplexer_8_entity.vhd Line: 17
Info (12021): Found 1 design units, including 0 entities, in source file multiplexer_8_behavior.vhd
    Info (12022): Found design unit 1: Multiplexer_8-platformIndependent File: C:/.Cloud Documents/Osman/OsmanFPGA/Multiplexer_8_behavior.vhd Line: 11
Info (12021): Found 1 design units, including 1 entities, in source file multiplexer_2_entity.vhd
    Info (12023): Found entity 1: Multiplexer_2 File: C:/.Cloud Documents/Osman/OsmanFPGA/Multiplexer_2_entity.vhd Line: 17
Info (12021): Found 1 design units, including 0 entities, in source file multiplexer_2_behavior.vhd
    Info (12022): Found design unit 1: Multiplexer_2-platformIndependent File: C:/.Cloud Documents/Osman/OsmanFPGA/Multiplexer_2_behavior.vhd Line: 11
Info (12021): Found 1 design units, including 1 entities, in source file logisimtoplevelshell_entity.vhd
    Info (12023): Found entity 1: logisimTopLevelShell File: C:/.Cloud Documents/Osman/OsmanFPGA/logisimTopLevelShell_entity.vhd Line: 17
Info (12021): Found 1 design units, including 0 entities, in source file logisimtoplevelshell_behavior.vhd
    Info (12022): Found design unit 1: logisimTopLevelShell-platformIndependent File: C:/.Cloud Documents/Osman/OsmanFPGA/logisimTopLevelShell_behavior.vhd Line: 11
Info (12021): Found 1 design units, including 1 entities, in source file logisimtickgenerator_entity.vhd
    Info (12023): Found entity 1: logisimTickGenerator File: C:/.Cloud Documents/Osman/OsmanFPGA/logisimTickGenerator_entity.vhd Line: 17
Info (12021): Found 1 design units, including 0 entities, in source file logisimtickgenerator_behavior.vhd
    Info (12022): Found design unit 1: logisimTickGenerator-platformIndependent File: C:/.Cloud Documents/Osman/OsmanFPGA/logisimTickGenerator_behavior.vhd Line: 11
Info (12021): Found 1 design units, including 1 entities, in source file logisimclockcomponent_entity.vhd
    Info (12023): Found entity 1: LogisimClockComponent File: C:/.Cloud Documents/Osman/OsmanFPGA/LogisimClockComponent_entity.vhd Line: 17
Info (12021): Found 1 design units, including 0 entities, in source file logisimclockcomponent_behavior.vhd
    Info (12022): Found design unit 1: LogisimClockComponent-platformIndependent File: C:/.Cloud Documents/Osman/OsmanFPGA/LogisimClockComponent_behavior.vhd Line: 11
Info (12021): Found 1 design units, including 1 entities, in source file kontrolnajedinica_entity.vhd
    Info (12023): Found entity 1: KontrolnaJedinica File: C:/.Cloud Documents/Osman/OsmanFPGA/KontrolnaJedinica_entity.vhd Line: 17
Info (12021): Found 1 design units, including 0 entities, in source file kontrolnajedinica_behavior.vhd
    Info (12022): Found design unit 1: KontrolnaJedinica-platformIndependent File: C:/.Cloud Documents/Osman/OsmanFPGA/KontrolnaJedinica_behavior.vhd Line: 11
Info (12021): Found 1 design units, including 1 entities, in source file kontrolnajedinicagrananja_entity.vhd
    Info (12023): Found entity 1: KontrolnaJedinicaGrananja File: C:/.Cloud Documents/Osman/OsmanFPGA/KontrolnaJedinicaGrananja_entity.vhd Line: 17
Info (12021): Found 1 design units, including 0 entities, in source file kontrolnajedinicagrananja_behavior.vhd
    Info (12022): Found design unit 1: KontrolnaJedinicaGrananja-platformIndependent File: C:/.Cloud Documents/Osman/OsmanFPGA/KontrolnaJedinicaGrananja_behavior.vhd Line: 11
Info (12021): Found 1 design units, including 1 entities, in source file fulladder_entity.vhd
    Info (12023): Found entity 1: FullAdder File: C:/.Cloud Documents/Osman/OsmanFPGA/FullAdder_entity.vhd Line: 17
Info (12021): Found 1 design units, including 0 entities, in source file fulladder_behavior.vhd
    Info (12022): Found design unit 1: FullAdder-platformIndependent File: C:/.Cloud Documents/Osman/OsmanFPGA/FullAdder_behavior.vhd Line: 11
Info (12021): Found 1 design units, including 1 entities, in source file d_flipflop_entity.vhd
    Info (12023): Found entity 1: D_FLIPFLOP File: C:/.Cloud Documents/Osman/OsmanFPGA/D_FLIPFLOP_entity.vhd Line: 17
Info (12021): Found 1 design units, including 0 entities, in source file d_flipflop_behavior.vhd
    Info (12022): Found design unit 1: D_FLIPFLOP-platformIndependent File: C:/.Cloud Documents/Osman/OsmanFPGA/D_FLIPFLOP_behavior.vhd Line: 11
Info (12021): Found 1 design units, including 1 entities, in source file decoder_8_entity.vhd
    Info (12023): Found entity 1: Decoder_8 File: C:/.Cloud Documents/Osman/OsmanFPGA/Decoder_8_entity.vhd Line: 17
Info (12021): Found 1 design units, including 0 entities, in source file decoder_8_behavior.vhd
    Info (12022): Found design unit 1: Decoder_8-platformIndependent File: C:/.Cloud Documents/Osman/OsmanFPGA/Decoder_8_behavior.vhd Line: 11
Info (12021): Found 1 design units, including 1 entities, in source file comparator_entity.vhd
    Info (12023): Found entity 1: Comparator File: C:/.Cloud Documents/Osman/OsmanFPGA/Comparator_entity.vhd Line: 17
Info (12021): Found 1 design units, including 0 entities, in source file comparator_behavior.vhd
    Info (12022): Found design unit 1: Comparator-platformIndependent File: C:/.Cloud Documents/Osman/OsmanFPGA/Comparator_behavior.vhd Line: 11
Info (12021): Found 1 design units, including 1 entities, in source file and_gate_entity.vhd
    Info (12023): Found entity 1: AND_GATE File: C:/.Cloud Documents/Osman/OsmanFPGA/AND_GATE_entity.vhd Line: 17
Info (12021): Found 1 design units, including 0 entities, in source file and_gate_behavior.vhd
    Info (12022): Found design unit 1: AND_GATE-platformIndependent File: C:/.Cloud Documents/Osman/OsmanFPGA/AND_GATE_behavior.vhd Line: 11
Info (12021): Found 1 design units, including 1 entities, in source file and_gate_3_inputs_entity.vhd
    Info (12023): Found entity 1: AND_GATE_3_INPUTS File: C:/.Cloud Documents/Osman/OsmanFPGA/AND_GATE_3_INPUTS_entity.vhd Line: 17
Info (12021): Found 1 design units, including 0 entities, in source file and_gate_3_inputs_behavior.vhd
    Info (12022): Found design unit 1: AND_GATE_3_INPUTS-platformIndependent File: C:/.Cloud Documents/Osman/OsmanFPGA/AND_GATE_3_INPUTS_behavior.vhd Line: 11
Info (12021): Found 1 design units, including 1 entities, in source file alu8bit_entity.vhd
    Info (12023): Found entity 1: ALU8Bit File: C:/.Cloud Documents/Osman/OsmanFPGA/ALU8Bit_entity.vhd Line: 17
Info (12021): Found 1 design units, including 0 entities, in source file alu8bit_behavior.vhd
    Info (12022): Found design unit 1: ALU8Bit-platformIndependent File: C:/.Cloud Documents/Osman/OsmanFPGA/ALU8Bit_behavior.vhd Line: 11
Info (12021): Found 1 design units, including 1 entities, in source file alu1bit_entity.vhd
    Info (12023): Found entity 1: ALU1Bit File: C:/.Cloud Documents/Osman/OsmanFPGA/ALU1Bit_entity.vhd Line: 17
Info (12021): Found 1 design units, including 0 entities, in source file alu1bit_behavior.vhd
    Info (12022): Found design unit 1: ALU1Bit-platformIndependent File: C:/.Cloud Documents/Osman/OsmanFPGA/ALU1Bit_behavior.vhd Line: 11
Info (12021): Found 2 design units, including 1 entities, in source file instrukcijskamemorija.vhd
    Info (12022): Found design unit 1: instrukcijskamemorija-SYN File: C:/.Cloud Documents/Osman/OsmanFPGA/InstrukcijskaMemorija.vhd Line: 52
    Info (12023): Found entity 1: InstrukcijskaMemorija File: C:/.Cloud Documents/Osman/OsmanFPGA/InstrukcijskaMemorija.vhd Line: 42
Info (12127): Elaborating entity "logisimTopLevelShell" for the top level hierarchy
Info (12128): Elaborating entity "synthesizedClockGenerator" for hierarchy "synthesizedClockGenerator:BASE_0" File: C:/.Cloud Documents/Osman/OsmanFPGA/logisimTopLevelShell_behavior.vhd Line: 106
Info (12128): Elaborating entity "logisimTickGenerator" for hierarchy "logisimTickGenerator:BASE_1" File: C:/.Cloud Documents/Osman/OsmanFPGA/logisimTopLevelShell_behavior.vhd Line: 110
Info (12128): Elaborating entity "LogisimClockComponent" for hierarchy "LogisimClockComponent:CLK" File: C:/.Cloud Documents/Osman/OsmanFPGA/logisimTopLevelShell_behavior.vhd Line: 116
Warning (10445): VHDL Subtype or Type Declaration warning at LogisimClockComponent_behavior.vhd(62): subtype or type has null range File: C:/.Cloud Documents/Osman/OsmanFPGA/LogisimClockComponent_behavior.vhd Line: 62
Info (12128): Elaborating entity "LogisimClockComponent" for hierarchy "LogisimClockComponent:MemCLK" File: C:/.Cloud Documents/Osman/OsmanFPGA/logisimTopLevelShell_behavior.vhd Line: 124
Info (12128): Elaborating entity "OSMAN" for hierarchy "OSMAN:CIRCUIT_0" File: C:/.Cloud Documents/Osman/OsmanFPGA/logisimTopLevelShell_behavior.vhd Line: 136
Warning (10036): Verilog HDL or VHDL warning at OSMAN_behavior.vhd(232): object "s_logisimNet11" assigned a value but never read File: C:/.Cloud Documents/Osman/OsmanFPGA/OSMAN_behavior.vhd Line: 232
Warning (10036): Verilog HDL or VHDL warning at OSMAN_behavior.vhd(248): object "s_logisimNet44" assigned a value but never read File: C:/.Cloud Documents/Osman/OsmanFPGA/OSMAN_behavior.vhd Line: 248
Info (12128): Elaborating entity "InstrukcijskaMemorija" for hierarchy "OSMAN:CIRCUIT_0|InstrukcijskaMemorija:InstrukcijskaMemorijaKomp" File: C:/.Cloud Documents/Osman/OsmanFPGA/OSMAN_behavior.vhd Line: 371
Info (12128): Elaborating entity "altsyncram" for hierarchy "OSMAN:CIRCUIT_0|InstrukcijskaMemorija:InstrukcijskaMemorijaKomp|altsyncram:altsyncram_component" File: C:/.Cloud Documents/Osman/OsmanFPGA/InstrukcijskaMemorija.vhd Line: 59
Info (12130): Elaborated megafunction instantiation "OSMAN:CIRCUIT_0|InstrukcijskaMemorija:InstrukcijskaMemorijaKomp|altsyncram:altsyncram_component" File: C:/.Cloud Documents/Osman/OsmanFPGA/InstrukcijskaMemorija.vhd Line: 59
Info (12133): Instantiated megafunction "OSMAN:CIRCUIT_0|InstrukcijskaMemorija:InstrukcijskaMemorijaKomp|altsyncram:altsyncram_component" with the following parameter: File: C:/.Cloud Documents/Osman/OsmanFPGA/InstrukcijskaMemorija.vhd Line: 59
    Info (12134): Parameter "address_aclr_a" = "NONE"
    Info (12134): Parameter "address_aclr_b" = "NONE"
    Info (12134): Parameter "address_reg_b" = "CLOCK1"
    Info (12134): Parameter "byte_size" = "8"
    Info (12134): Parameter "byteena_aclr_a" = "UNUSED"
    Info (12134): Parameter "byteena_aclr_b" = "NONE"
    Info (12134): Parameter "byteena_reg_b" = "CLOCK1"
    Info (12134): Parameter "clock_enable_core_a" = "USE_INPUT_CLKEN"
    Info (12134): Parameter "clock_enable_core_b" = "USE_INPUT_CLKEN"
    Info (12134): Parameter "clock_enable_input_a" = "BYPASS"
    Info (12134): Parameter "clock_enable_input_b" = "NORMAL"
    Info (12134): Parameter "clock_enable_output_a" = "BYPASS"
    Info (12134): Parameter "clock_enable_output_b" = "NORMAL"
    Info (12134): Parameter "intended_device_family" = "Cyclone V"
    Info (12134): Parameter "ecc_pipeline_stage_enabled" = "FALSE"
    Info (12134): Parameter "enable_ecc" = "FALSE"
    Info (12134): Parameter "implement_in_les" = "OFF"
    Info (12134): Parameter "indata_aclr_a" = "UNUSED"
    Info (12134): Parameter "indata_aclr_b" = "NONE"
    Info (12134): Parameter "indata_reg_b" = "CLOCK1"
    Info (12134): Parameter "init_file" = "instrukcijskaMemorija.mif"
    Info (12134): Parameter "init_file_layout" = "PORT_A"
    Info (12134): Parameter "maximum_depth" = "0"
    Info (12134): Parameter "numwords_a" = "256"
    Info (12134): Parameter "numwords_b" = "0"
    Info (12134): Parameter "operation_mode" = "ROM"
    Info (12134): Parameter "outdata_aclr_a" = "NONE"
    Info (12134): Parameter "outdata_aclr_b" = "NONE"
    Info (12134): Parameter "outdata_reg_a" = "UNREGISTERED"
    Info (12134): Parameter "outdata_reg_b" = "UNREGISTERED"
    Info (12134): Parameter "power_up_uninitialized" = "FALSE"
    Info (12134): Parameter "ram_block_type" = "AUTO"
    Info (12134): Parameter "rdcontrol_aclr_b" = "NONE"
    Info (12134): Parameter "rdcontrol_reg_b" = "CLOCK1"
    Info (12134): Parameter "read_during_write_mode_mixed_ports" = "DONT_CARE"
    Info (12134): Parameter "read_during_write_mode_port_a" = "NEW_DATA_NO_NBE_READ"
    Info (12134): Parameter "read_during_write_mode_port_b" = "NEW_DATA_NO_NBE_READ"
    Info (12134): Parameter "stratixiv_m144k_allow_dual_clocks" = "ON"
    Info (12134): Parameter "width_a" = "16"
    Info (12134): Parameter "width_b" = "1"
    Info (12134): Parameter "width_byteena_a" = "1"
    Info (12134): Parameter "width_byteena_b" = "1"
    Info (12134): Parameter "width_eccstatus" = "3"
    Info (12134): Parameter "widthad_a" = "8"
    Info (12134): Parameter "widthad_b" = "1"
    Info (12134): Parameter "wrcontrol_aclr_a" = "UNUSED"
    Info (12134): Parameter "wrcontrol_aclr_b" = "NONE"
    Info (12134): Parameter "wrcontrol_wraddress_reg_b" = "CLOCK1"
    Info (12134): Parameter "lpm_hint" = "ENABLE_RUNTIME_MOD=YES,INSTANCE_NAME=1"
    Info (12134): Parameter "lpm_type" = "altsyncram"
Info (12021): Found 1 design units, including 1 entities, in source file db/altsyncram_rc54.tdf
    Info (12023): Found entity 1: altsyncram_rc54 File: C:/.Cloud Documents/Osman/OsmanFPGA/db/altsyncram_rc54.tdf Line: 27
Info (12128): Elaborating entity "altsyncram_rc54" for hierarchy "OSMAN:CIRCUIT_0|InstrukcijskaMemorija:InstrukcijskaMemorijaKomp|altsyncram:altsyncram_component|altsyncram_rc54:auto_generated" File: e:/quartusprimelite/quartus/libraries/megafunctions/altsyncram.tdf Line: 791
Info (12021): Found 1 design units, including 1 entities, in source file db/altsyncram_u763.tdf
    Info (12023): Found entity 1: altsyncram_u763 File: C:/.Cloud Documents/Osman/OsmanFPGA/db/altsyncram_u763.tdf Line: 27
Info (12128): Elaborating entity "altsyncram_u763" for hierarchy "OSMAN:CIRCUIT_0|InstrukcijskaMemorija:InstrukcijskaMemorijaKomp|altsyncram:altsyncram_component|altsyncram_rc54:auto_generated|altsyncram_u763:altsyncram1" File: C:/.Cloud Documents/Osman/OsmanFPGA/db/altsyncram_rc54.tdf Line: 34
Info (12128): Elaborating entity "sld_mod_ram_rom" for hierarchy "OSMAN:CIRCUIT_0|InstrukcijskaMemorija:InstrukcijskaMemorijaKomp|altsyncram:altsyncram_component|altsyncram_rc54:auto_generated|sld_mod_ram_rom:mgl_prim2" File: C:/.Cloud Documents/Osman/OsmanFPGA/db/altsyncram_rc54.tdf Line: 35
Info (12130): Elaborated megafunction instantiation "OSMAN:CIRCUIT_0|InstrukcijskaMemorija:InstrukcijskaMemorijaKomp|altsyncram:altsyncram_component|altsyncram_rc54:auto_generated|sld_mod_ram_rom:mgl_prim2" File: C:/.Cloud Documents/Osman/OsmanFPGA/db/altsyncram_rc54.tdf Line: 35
Info (12133): Instantiated megafunction "OSMAN:CIRCUIT_0|InstrukcijskaMemorija:InstrukcijskaMemorijaKomp|altsyncram:altsyncram_component|altsyncram_rc54:auto_generated|sld_mod_ram_rom:mgl_prim2" with the following parameter: File: C:/.Cloud Documents/Osman/OsmanFPGA/db/altsyncram_rc54.tdf Line: 35
    Info (12134): Parameter "CVALUE" = "0000000000000000"
    Info (12134): Parameter "IS_DATA_IN_RAM" = "1"
    Info (12134): Parameter "IS_READABLE" = "1"
    Info (12134): Parameter "NODE_NAME" = "822083584"
    Info (12134): Parameter "NUMWORDS" = "256"
    Info (12134): Parameter "SHIFT_COUNT_BITS" = "5"
    Info (12134): Parameter "WIDTH_WORD" = "16"
    Info (12134): Parameter "WIDTHAD" = "8"
Info (12128): Elaborating entity "sld_jtag_endpoint_adapter" for hierarchy "OSMAN:CIRCUIT_0|InstrukcijskaMemorija:InstrukcijskaMemorijaKomp|altsyncram:altsyncram_component|altsyncram_rc54:auto_generated|sld_mod_ram_rom:mgl_prim2|sld_jtag_endpoint_adapter:jtag_signal_adapter" File: e:/quartusprimelite/quartus/libraries/megafunctions/sld_mod_ram_rom.vhd Line: 302
Info (12128): Elaborating entity "sld_jtag_endpoint_adapter_impl" for hierarchy "OSMAN:CIRCUIT_0|InstrukcijskaMemorija:InstrukcijskaMemorijaKomp|altsyncram:altsyncram_component|altsyncram_rc54:auto_generated|sld_mod_ram_rom:mgl_prim2|sld_jtag_endpoint_adapter:jtag_signal_adapter|sld_jtag_endpoint_adapter_impl:sld_jtag_endpoint_adapter_impl_inst" File: e:/quartusprimelite/quartus/libraries/megafunctions/sld_jtag_endpoint_adapter.vhd Line: 232
Info (12128): Elaborating entity "sld_rom_sr" for hierarchy "OSMAN:CIRCUIT_0|InstrukcijskaMemorija:InstrukcijskaMemorijaKomp|altsyncram:altsyncram_component|altsyncram_rc54:auto_generated|sld_mod_ram_rom:mgl_prim2|sld_rom_sr:\ram_rom_logic_gen:name_gen:info_rom_sr" File: e:/quartusprimelite/quartus/libraries/megafunctions/sld_mod_ram_rom.vhd Line: 828
Info (12128): Elaborating entity "Multiplexer_bus_2" for hierarchy "OSMAN:CIRCUIT_0|Multiplexer_bus_2:PLEXERS_1" File: C:/.Cloud Documents/Osman/OsmanFPGA/OSMAN_behavior.vhd Line: 429
Info (12128): Elaborating entity "Multiplexer_bus_4" for hierarchy "OSMAN:CIRCUIT_0|Multiplexer_bus_4:PLEXERS_5" File: C:/.Cloud Documents/Osman/OsmanFPGA/OSMAN_behavior.vhd Line: 461
Info (12128): Elaborating entity "RAMCONTENTS_MemorijaPodataka" for hierarchy "OSMAN:CIRCUIT_0|RAMCONTENTS_MemorijaPodataka:MemorijaPodataka" File: C:/.Cloud Documents/Osman/OsmanFPGA/OSMAN_behavior.vhd Line: 481
Info (12128): Elaborating entity "D_FLIPFLOP" for hierarchy "OSMAN:CIRCUIT_0|D_FLIPFLOP:MEMORY_8" File: C:/.Cloud Documents/Osman/OsmanFPGA/OSMAN_behavior.vhd Line: 490
Info (12128): Elaborating entity "StatusniRegistar" for hierarchy "OSMAN:CIRCUIT_0|StatusniRegistar:SR" File: C:/.Cloud Documents/Osman/OsmanFPGA/OSMAN_behavior.vhd Line: 505
Warning (10036): Verilog HDL or VHDL warning at StatusniRegistar_behavior.vhd(50): object "s_logisimNet5" assigned a value but never read File: C:/.Cloud Documents/Osman/OsmanFPGA/StatusniRegistar_behavior.vhd Line: 50
Info (12128): Elaborating entity "Multiplexer_2" for hierarchy "OSMAN:CIRCUIT_0|StatusniRegistar:SR|Multiplexer_2:PLEXERS_1" File: C:/.Cloud Documents/Osman/OsmanFPGA/StatusniRegistar_behavior.vhd Line: 87
Info (12128): Elaborating entity "D_FLIPFLOP" for hierarchy "OSMAN:CIRCUIT_0|StatusniRegistar:SR|D_FLIPFLOP:MEMORY_5" File: C:/.Cloud Documents/Osman/OsmanFPGA/StatusniRegistar_behavior.vhd Line: 115
Info (12128): Elaborating entity "ALU8Bit" for hierarchy "OSMAN:CIRCUIT_0|ALU8Bit:ALU" File: C:/.Cloud Documents/Osman/OsmanFPGA/OSMAN_behavior.vhd Line: 520
Info (12128): Elaborating entity "NOR_GATE_8_INPUTS" for hierarchy "OSMAN:CIRCUIT_0|ALU8Bit:ALU|NOR_GATE_8_INPUTS:GATES_1" File: C:/.Cloud Documents/Osman/OsmanFPGA/ALU8Bit_behavior.vhd Line: 202
Info (12128): Elaborating entity "XOR_GATE_ONEHOT" for hierarchy "OSMAN:CIRCUIT_0|ALU8Bit:ALU|XOR_GATE_ONEHOT:GATES_2" File: C:/.Cloud Documents/Osman/OsmanFPGA/ALU8Bit_behavior.vhd Line: 214
Info (12128): Elaborating entity "AND_GATE_3_INPUTS" for hierarchy "OSMAN:CIRCUIT_0|ALU8Bit:ALU|AND_GATE_3_INPUTS:GATES_3" File: C:/.Cloud Documents/Osman/OsmanFPGA/ALU8Bit_behavior.vhd Line: 220
Info (12128): Elaborating entity "ALU1Bit" for hierarchy "OSMAN:CIRCUIT_0|ALU8Bit:ALU|ALU1Bit:ALU1Bit_1" File: C:/.Cloud Documents/Osman/OsmanFPGA/ALU8Bit_behavior.vhd Line: 243
Info (12128): Elaborating entity "AND_GATE" for hierarchy "OSMAN:CIRCUIT_0|ALU8Bit:ALU|ALU1Bit:ALU1Bit_1|AND_GATE:GATES_2" File: C:/.Cloud Documents/Osman/OsmanFPGA/ALU1Bit_behavior.vhd Line: 112
Info (12128): Elaborating entity "OR_GATE" for hierarchy "OSMAN:CIRCUIT_0|ALU8Bit:ALU|ALU1Bit:ALU1Bit_1|OR_GATE:GATES_3" File: C:/.Cloud Documents/Osman/OsmanFPGA/ALU1Bit_behavior.vhd Line: 118
Info (12128): Elaborating entity "Multiplexer_8" for hierarchy "OSMAN:CIRCUIT_0|ALU8Bit:ALU|ALU1Bit:ALU1Bit_1|Multiplexer_8:PLEXERS_5" File: C:/.Cloud Documents/Osman/OsmanFPGA/ALU1Bit_behavior.vhd Line: 130
Info (12128): Elaborating entity "FullAdder" for hierarchy "OSMAN:CIRCUIT_0|ALU8Bit:ALU|ALU1Bit:ALU1Bit_1|FullAdder:FullAdder_1" File: C:/.Cloud Documents/Osman/OsmanFPGA/ALU1Bit_behavior.vhd Line: 148
Info (12128): Elaborating entity "KontrolnaJedinicaGrananja" for hierarchy "OSMAN:CIRCUIT_0|KontrolnaJedinicaGrananja:KJG" File: C:/.Cloud Documents/Osman/OsmanFPGA/OSMAN_behavior.vhd Line: 532
Info (12128): Elaborating entity "DekoderAdresa" for hierarchy "OSMAN:CIRCUIT_0|DekoderAdresa:Dekoder_Adresa" File: C:/.Cloud Documents/Osman/OsmanFPGA/OSMAN_behavior.vhd Line: 543
Info (12128): Elaborating entity "Comparator" for hierarchy "OSMAN:CIRCUIT_0|DekoderAdresa:Dekoder_Adresa|Comparator:ARITH_5" File: C:/.Cloud Documents/Osman/OsmanFPGA/DekoderAdresa_behavior.vhd Line: 105
Info (12128): Elaborating entity "UIKontroler" for hierarchy "OSMAN:CIRCUIT_0|UIKontroler:UI_Kontroler" File: C:/.Cloud Documents/Osman/OsmanFPGA/OSMAN_behavior.vhd Line: 555
Info (12128): Elaborating entity "Decoder_4" for hierarchy "OSMAN:CIRCUIT_0|UIKontroler:UI_Kontroler|Decoder_4:PLEXERS_1" File: C:/.Cloud Documents/Osman/OsmanFPGA/UIKontroler_behavior.vhd Line: 109
Info (12128): Elaborating entity "Registar8Bit" for hierarchy "OSMAN:CIRCUIT_0|UIKontroler:UI_Kontroler|Registar8Bit:UIIzlazniReg1" File: C:/.Cloud Documents/Osman/OsmanFPGA/UIKontroler_behavior.vhd Line: 132
Warning (10036): Verilog HDL or VHDL warning at Registar8Bit_behavior.vhd(63): object "s_logisimNet4" assigned a value but never read File: C:/.Cloud Documents/Osman/OsmanFPGA/Registar8Bit_behavior.vhd Line: 63
Info (12128): Elaborating entity "StabilizatorUlaza8Bit" for hierarchy "OSMAN:CIRCUIT_0|UIKontroler:UI_Kontroler|StabilizatorUlaza8Bit:UIUlazniStabilizator1" File: C:/.Cloud Documents/Osman/OsmanFPGA/UIKontroler_behavior.vhd Line: 168
Warning (10036): Verilog HDL or VHDL warning at StabilizatorUlaza8Bit_behavior.vhd(43): object "s_logisimNet2" assigned a value but never read File: C:/.Cloud Documents/Osman/OsmanFPGA/StabilizatorUlaza8Bit_behavior.vhd Line: 43
Info (12128): Elaborating entity "SevenSegAdapter" for hierarchy "OSMAN:CIRCUIT_0|SevenSegAdapter:SedSeg3" File: C:/.Cloud Documents/Osman/OsmanFPGA/OSMAN_behavior.vhd Line: 573
Info (12128): Elaborating entity "ProgramskiBrojac" for hierarchy "OSMAN:CIRCUIT_0|ProgramskiBrojac:PB" File: C:/.Cloud Documents/Osman/OsmanFPGA/OSMAN_behavior.vhd Line: 591
Warning (10036): Verilog HDL or VHDL warning at ProgramskiBrojac_behavior.vhd(63): object "s_logisimNet4" assigned a value but never read File: C:/.Cloud Documents/Osman/OsmanFPGA/ProgramskiBrojac_behavior.vhd Line: 63
Info (12128): Elaborating entity "Sabirac" for hierarchy "OSMAN:CIRCUIT_0|Sabirac:PBSab" File: C:/.Cloud Documents/Osman/OsmanFPGA/OSMAN_behavior.vhd Line: 600
Info (12128): Elaborating entity "KontrolnaJedinica" for hierarchy "OSMAN:CIRCUIT_0|KontrolnaJedinica:KJ" File: C:/.Cloud Documents/Osman/OsmanFPGA/OSMAN_behavior.vhd Line: 607
Info (12128): Elaborating entity "PredznacenoProsirenje" for hierarchy "OSMAN:CIRCUIT_0|PredznacenoProsirenje:Predznaceno_Prosirenje" File: C:/.Cloud Documents/Osman/OsmanFPGA/OSMAN_behavior.vhd Line: 623
Info (12128): Elaborating entity "RegistarskaDatoteka" for hierarchy "OSMAN:CIRCUIT_0|RegistarskaDatoteka:RD" File: C:/.Cloud Documents/Osman/OsmanFPGA/OSMAN_behavior.vhd Line: 629
Info (12128): Elaborating entity "Decoder_8" for hierarchy "OSMAN:CIRCUIT_0|RegistarskaDatoteka:RD|Decoder_8:PLEXERS_1" File: C:/.Cloud Documents/Osman/OsmanFPGA/RegistarskaDatoteka_behavior.vhd Line: 104
Info (12128): Elaborating entity "Multiplexer_bus_8" for hierarchy "OSMAN:CIRCUIT_0|RegistarskaDatoteka:RD|Multiplexer_bus_8:PLEXERS_2" File: C:/.Cloud Documents/Osman/OsmanFPGA/RegistarskaDatoteka_behavior.vhd Line: 116
Info (11170): Starting IP generation for the debug fabric: alt_sld_fab.
Info (11172): 2026.06.08.00:39:13 Progress: Loading sld8f8b3542/alt_sld_fab_wrapper_hw.tcl
Info (11172): Alt_sld_fab.alt_sld_fab: SLD fabric agents which did not specify prefer_host were connected to JTAG
Info (11172): Alt_sld_fab: Generating alt_sld_fab "alt_sld_fab" for QUARTUS_SYNTH
Info (11172): Alt_sld_fab: "alt_sld_fab" instantiated alt_sld_fab "alt_sld_fab"
Info (11172): Presplit: "alt_sld_fab" instantiated altera_super_splitter "presplit"
Info (11172): Splitter: "alt_sld_fab" instantiated altera_sld_splitter "splitter"
Info (11172): Sldfabric: "alt_sld_fab" instantiated altera_sld_jtag_hub "sldfabric"
Info (11172): Ident: "alt_sld_fab" instantiated altera_connection_identification_hub "ident"
Info (11172): Alt_sld_fab: Done "alt_sld_fab" with 6 modules, 6 files
Info (11171): Finished IP generation for the debug fabric: alt_sld_fab.
Info (12021): Found 1 design units, including 1 entities, in source file db/ip/sld8f8b3542/alt_sld_fab.v
    Info (12023): Found entity 1: alt_sld_fab File: C:/.Cloud Documents/Osman/OsmanFPGA/db/ip/sld8f8b3542/alt_sld_fab.v Line: 9
Info (12021): Found 1 design units, including 1 entities, in source file db/ip/sld8f8b3542/submodules/alt_sld_fab_alt_sld_fab.v
    Info (12023): Found entity 1: alt_sld_fab_alt_sld_fab File: C:/.Cloud Documents/Osman/OsmanFPGA/db/ip/sld8f8b3542/submodules/alt_sld_fab_alt_sld_fab.v Line: 9
Info (12021): Found 1 design units, including 1 entities, in source file db/ip/sld8f8b3542/submodules/alt_sld_fab_alt_sld_fab_ident.sv
    Info (12023): Found entity 1: alt_sld_fab_alt_sld_fab_ident File: C:/.Cloud Documents/Osman/OsmanFPGA/db/ip/sld8f8b3542/submodules/alt_sld_fab_alt_sld_fab_ident.sv Line: 33
Info (12021): Found 1 design units, including 1 entities, in source file db/ip/sld8f8b3542/submodules/alt_sld_fab_alt_sld_fab_presplit.sv
    Info (12023): Found entity 1: alt_sld_fab_alt_sld_fab_presplit File: C:/.Cloud Documents/Osman/OsmanFPGA/db/ip/sld8f8b3542/submodules/alt_sld_fab_alt_sld_fab_presplit.sv Line: 3
Info (12021): Found 2 design units, including 1 entities, in source file db/ip/sld8f8b3542/submodules/alt_sld_fab_alt_sld_fab_sldfabric.vhd
    Info (12022): Found design unit 1: alt_sld_fab_alt_sld_fab_sldfabric-rtl File: C:/.Cloud Documents/Osman/OsmanFPGA/db/ip/sld8f8b3542/submodules/alt_sld_fab_alt_sld_fab_sldfabric.vhd Line: 102
    Info (12023): Found entity 1: alt_sld_fab_alt_sld_fab_sldfabric File: C:/.Cloud Documents/Osman/OsmanFPGA/db/ip/sld8f8b3542/submodules/alt_sld_fab_alt_sld_fab_sldfabric.vhd Line: 11
Info (12021): Found 1 design units, including 1 entities, in source file db/ip/sld8f8b3542/submodules/alt_sld_fab_alt_sld_fab_splitter.sv
    Info (12023): Found entity 1: alt_sld_fab_alt_sld_fab_splitter File: C:/.Cloud Documents/Osman/OsmanFPGA/db/ip/sld8f8b3542/submodules/alt_sld_fab_alt_sld_fab_splitter.sv Line: 3
Info (19000): Inferred 1 megafunctions from design logic
    Info (276029): Inferred altsyncram megafunction from the following design logic: "OSMAN:CIRCUIT_0|RAMCONTENTS_MemorijaPodataka:MemorijaPodataka|s_memContents_rtl_0" 
        Info (286033): Parameter OPERATION_MODE set to DUAL_PORT
        Info (286033): Parameter WIDTH_A set to 8
        Info (286033): Parameter WIDTHAD_A set to 9
        Info (286033): Parameter NUMWORDS_A set to 257
        Info (286033): Parameter WIDTH_B set to 8
        Info (286033): Parameter WIDTHAD_B set to 9
        Info (286033): Parameter NUMWORDS_B set to 257
        Info (286033): Parameter ADDRESS_ACLR_A set to NONE
        Info (286033): Parameter OUTDATA_REG_B set to UNREGISTERED
        Info (286033): Parameter ADDRESS_ACLR_B set to NONE
        Info (286033): Parameter OUTDATA_ACLR_B set to NONE
        Info (286033): Parameter ADDRESS_REG_B set to CLOCK0
        Info (286033): Parameter INDATA_ACLR_A set to NONE
        Info (286033): Parameter WRCONTROL_ACLR_A set to NONE
        Info (286033): Parameter INIT_FILE set to ram.mif
        Info (286033): Parameter READ_DURING_WRITE_MODE_MIXED_PORTS set to OLD_DATA
Info (12130): Elaborated megafunction instantiation "OSMAN:CIRCUIT_0|RAMCONTENTS_MemorijaPodataka:MemorijaPodataka|altsyncram:s_memContents_rtl_0"
Info (12133): Instantiated megafunction "OSMAN:CIRCUIT_0|RAMCONTENTS_MemorijaPodataka:MemorijaPodataka|altsyncram:s_memContents_rtl_0" with the following parameter:
    Info (12134): Parameter "OPERATION_MODE" = "DUAL_PORT"
    Info (12134): Parameter "WIDTH_A" = "8"
    Info (12134): Parameter "WIDTHAD_A" = "9"
    Info (12134): Parameter "NUMWORDS_A" = "257"
    Info (12134): Parameter "WIDTH_B" = "8"
    Info (12134): Parameter "WIDTHAD_B" = "9"
    Info (12134): Parameter "NUMWORDS_B" = "257"
    Info (12134): Parameter "ADDRESS_ACLR_A" = "NONE"
    Info (12134): Parameter "OUTDATA_REG_B" = "UNREGISTERED"
    Info (12134): Parameter "ADDRESS_ACLR_B" = "NONE"
    Info (12134): Parameter "OUTDATA_ACLR_B" = "NONE"
    Info (12134): Parameter "ADDRESS_REG_B" = "CLOCK0"
    Info (12134): Parameter "INDATA_ACLR_A" = "NONE"
    Info (12134): Parameter "WRCONTROL_ACLR_A" = "NONE"
    Info (12134): Parameter "INIT_FILE" = "ram.mif"
    Info (12134): Parameter "READ_DURING_WRITE_MODE_MIXED_PORTS" = "OLD_DATA"
Info (12021): Found 1 design units, including 1 entities, in source file db/altsyncram_sro1.tdf
    Info (12023): Found entity 1: altsyncram_sro1 File: C:/.Cloud Documents/Osman/OsmanFPGA/db/altsyncram_sro1.tdf Line: 27
Critical Warning (127005): Memory depth (257) in the design file differs from memory depth (256) in the Memory Initialization File "C:/.Cloud Documents/Osman/OsmanFPGA/ram.mif" -- setting initial value for remaining addresses to 0 File: e:/quartusprimelite/quartus/libraries/megafunctions/altsyncram.tdf Line: 791
Info (286031): Timing-Driven Synthesis is running on partition "Top"
Info (17036): Removed 1 MSB VCC or GND address nodes from RAM block "OSMAN:CIRCUIT_0|RAMCONTENTS_MemorijaPodataka:MemorijaPodataka|altsyncram:s_memContents_rtl_0|altsyncram_sro1:auto_generated|ALTSYNCRAM" File: C:/.Cloud Documents/Osman/OsmanFPGA/db/altsyncram_sro1.tdf Line: 247
Info (16010): Generating hard_block partition "hard_block:auto_generated_inst"
    Info (16011): Adding 9 node(s), including 0 DDIO, 0 PLL, 0 transceiver and 0 LCELL
Info (21057): Implemented 648 device resources after synthesis - the final resource count might be different
    Info (21058): Implemented 16 input pins
    Info (21059): Implemented 30 output pins
    Info (21061): Implemented 577 logic cells
    Info (21064): Implemented 24 RAM segments
Info: Quartus Prime Analysis & Synthesis was successful. 0 errors, 9 warnings
    Info: Peak virtual memory: 4961 megabytes
    Info: Processing ended: Mon Jun 08 00:39:29 2026
    Info: Elapsed time: 00:00:45
    Info: Total CPU time (on all processors): 00:00:17


